--
-- PostgreSQL database dump
--


-- Dumped from database version 15.16
-- Dumped by pg_dump version 15.16

SET statement_timeout = 0;
SET lock_timeout = 0;
SET idle_in_transaction_session_timeout = 0;
SET client_encoding = 'UTF8';
SET standard_conforming_strings = on;
SELECT pg_catalog.set_config('search_path', '', false);
SET check_function_bodies = false;
SET xmloption = content;
SET client_min_messages = warning;
SET row_security = off;

--
-- Data for Name: Organization; Type: TABLE DATA; Schema: public; Owner: -
--

SET SESSION AUTHORIZATION DEFAULT;

ALTER TABLE public."Organization" DISABLE TRIGGER ALL;

INSERT INTO public."Organization" (id, name, code, "parentId", description, "contactName", "contactEmail", "contactPhone", enabled, "createdAt", "updatedAt", timezone, path, "externalGroupId", source) VALUES ('10000000-0000-0000-0000-000000000001', 'Apex Financial Group', 'APX', NULL, 'North American full-service financial services firm — retail, commercial, investment banking, and wealth management', 'Sarah Whitfield', 'cto@apexfinancial.example', NULL, true, '2026-05-10 16:40:30.991+00', '2026-05-10 16:41:00.83+00', 'UTC', '/10000000-0000-0000-0000-000000000001/', NULL, 'local');
INSERT INTO public."Organization" (id, name, code, "parentId", description, "contactName", "contactEmail", "contactPhone", enabled, "createdAt", "updatedAt", timezone, path, "externalGroupId", source) VALUES ('10000000-0000-0000-0000-000000000002', 'Technology & Innovation', 'APX-TECH', '10000000-0000-0000-0000-000000000001', 'Enterprise technology, AI platforms, cybersecurity, and core banking systems', 'James Rodriguez', 'james.rodriguez@apexfinancial.example', NULL, true, '2026-05-10 16:41:01.112+00', '2026-05-10 16:41:01.112+00', 'UTC', '/10000000-0000-0000-0000-000000000001/10000000-0000-0000-0000-000000000002/', NULL, 'local');
INSERT INTO public."Organization" (id, name, code, "parentId", description, "contactName", "contactEmail", "contactPhone", enabled, "createdAt", "updatedAt", timezone, path, "externalGroupId", source) VALUES ('10000000-0000-0000-0000-000000000003', 'Risk & Compliance', 'APX-RISK', '10000000-0000-0000-0000-000000000001', 'Enterprise risk management, regulatory affairs, credit risk, and AML/BSA compliance', 'Michael Chen', 'michael.chen@apexfinancial.example', NULL, true, '2026-05-10 16:41:01.349+00', '2026-05-10 16:41:01.349+00', 'UTC', '/10000000-0000-0000-0000-000000000001/10000000-0000-0000-0000-000000000003/', NULL, 'local');
INSERT INTO public."Organization" (id, name, code, "parentId", description, "contactName", "contactEmail", "contactPhone", enabled, "createdAt", "updatedAt", timezone, path, "externalGroupId", source) VALUES ('10000000-0000-0000-0000-000000000004', 'Retail Banking', 'APX-RETAIL', '10000000-0000-0000-0000-000000000001', 'Consumer banking, deposits, personal lending, and branch operations across 800+ locations', 'Linda Foster', 'linda.foster@apexfinancial.example', NULL, true, '2026-05-10 16:41:01.63+00', '2026-05-10 16:41:01.63+00', 'UTC', '/10000000-0000-0000-0000-000000000001/10000000-0000-0000-0000-000000000004/', NULL, 'local');
INSERT INTO public."Organization" (id, name, code, "parentId", description, "contactName", "contactEmail", "contactPhone", enabled, "createdAt", "updatedAt", timezone, path, "externalGroupId", source) VALUES ('10000000-0000-0000-0000-000000000005', 'Commercial & Investment Banking', 'APX-CIB', '10000000-0000-0000-0000-000000000001', 'Corporate finance, M&A advisory, equity/debt capital markets, and institutional sales', 'Richard Park', 'richard.park@apexfinancial.example', NULL, true, '2026-05-10 16:41:01.868+00', '2026-05-10 16:41:01.868+00', 'UTC', '/10000000-0000-0000-0000-000000000001/10000000-0000-0000-0000-000000000005/', NULL, 'local');
INSERT INTO public."Organization" (id, name, code, "parentId", description, "contactName", "contactEmail", "contactPhone", enabled, "createdAt", "updatedAt", timezone, path, "externalGroupId", source) VALUES ('10000000-0000-0000-0000-000000000006', 'Wealth Management', 'APX-WM', '10000000-0000-0000-0000-000000000001', 'Private client services, trust & estate planning, and advisory for HNW/UHNW clients', 'Catherine Brooks', 'catherine.brooks@apexfinancial.example', NULL, true, '2026-05-10 16:41:02.152+00', '2026-05-10 16:41:02.152+00', 'UTC', '/10000000-0000-0000-0000-000000000001/10000000-0000-0000-0000-000000000006/', NULL, 'local');
INSERT INTO public."Organization" (id, name, code, "parentId", description, "contactName", "contactEmail", "contactPhone", enabled, "createdAt", "updatedAt", timezone, path, "externalGroupId", source) VALUES ('10000000-0000-0000-0000-000000000007', 'AI/ML Platform', 'APX-AIML', '10000000-0000-0000-0000-000000000002', 'Enterprise AI/ML infrastructure, model governance, and responsible AI adoption', 'David Thompson', 'david.thompson@apexfinancial.example', NULL, true, '2026-05-10 16:41:02.453+00', '2026-05-10 16:41:02.453+00', 'UTC', '/10000000-0000-0000-0000-000000000001/10000000-0000-0000-0000-000000000002/10000000-0000-0000-0000-000000000007/', NULL, 'local');
INSERT INTO public."Organization" (id, name, code, "parentId", description, "contactName", "contactEmail", "contactPhone", enabled, "createdAt", "updatedAt", timezone, path, "externalGroupId", source) VALUES ('10000000-0000-0000-0000-000000000008', 'Cybersecurity', 'APX-CYBER', '10000000-0000-0000-0000-000000000002', 'Information security, SOC operations, threat intelligence, and regulatory security compliance', 'Emily Park', 'emily.park@apexfinancial.example', NULL, true, '2026-05-10 16:41:02.69+00', '2026-05-10 16:41:02.69+00', 'UTC', '/10000000-0000-0000-0000-000000000001/10000000-0000-0000-0000-000000000002/10000000-0000-0000-0000-000000000008/', NULL, 'local');
INSERT INTO public."Organization" (id, name, code, "parentId", description, "contactName", "contactEmail", "contactPhone", enabled, "createdAt", "updatedAt", timezone, path, "externalGroupId", source) VALUES ('10000000-0000-0000-0000-000000000009', 'Credit Risk', 'APX-CREDIT', '10000000-0000-0000-0000-000000000003', 'Credit underwriting, portfolio risk monitoring, stress testing (DFAST/CCAR), and loss forecasting', 'Jennifer Kim', 'jennifer.kim@apexfinancial.example', NULL, true, '2026-05-10 16:41:02.966+00', '2026-05-10 16:41:02.966+00', 'UTC', '/10000000-0000-0000-0000-000000000001/10000000-0000-0000-0000-000000000003/10000000-0000-0000-0000-000000000009/', NULL, 'local');
INSERT INTO public."Organization" (id, name, code, "parentId", description, "contactName", "contactEmail", "contactPhone", enabled, "createdAt", "updatedAt", timezone, path, "externalGroupId", source) VALUES ('5fabaad6-0441-45f4-b3b0-cac754a3a4a0', 'Apex Research', 'APX-RESEARCH-5fabaad6', NULL, 'Reconstructed parent row for an organization whose record was lost before analytics retention drained. Name chosen to pair with the Research Lab project under this org. Restores label lookup for 555 historical rollup buckets.', NULL, NULL, NULL, false, '2026-05-13 15:12:42.18+00', '2026-05-13 15:12:42.18+00', 'UTC', '/5fabaad6-0441-45f4-b3b0-cac754a3a4a0/', NULL, 'local');


ALTER TABLE public."Organization" ENABLE TRIGGER ALL;

--
-- Data for Name: NexusUser; Type: TABLE DATA; Schema: public; Owner: -
--

ALTER TABLE public."NexusUser" DISABLE TRIGGER ALL;

INSERT INTO public."NexusUser" (id, "organizationId", "displayName", email, status, "canAccessControlPlane", "osUsername", "osDomain", "passwordHash", "lastLoginAt", "createdBy", "createdAt", "updatedAt", "passwordUpdatedAt", "breakGlass", "disabledReason", "disabledAt", "preferredTimezone", source) VALUES ('nexus-user-super-admin', '10000000-0000-0000-0000-000000000002', 'Admin', 'admin@nexus.ai', 'active', true, NULL, NULL, 'f7ae9cd28b359a53a7377ca041ca8173e39cf519605cb122c9bc450f9c2c3ea1:af859b20646833880ffa075d99f7e417b7dfc7524c615abd2934d55c3b5effd71e61fcabb0d12bef98e5e9d3f33befae378225f837e0a7b007680fa64959752e', '2026-05-08 13:49:08.368+00', 'seed-script', '2026-05-08 14:49:08.459+00', '2026-05-10 16:43:51.942+00', NULL, false, NULL, NULL, NULL, 'local');
INSERT INTO public."NexusUser" (id, "organizationId", "displayName", email, status, "canAccessControlPlane", "osUsername", "osDomain", "passwordHash", "lastLoginAt", "createdBy", "createdAt", "updatedAt", "passwordUpdatedAt", "breakGlass", "disabledReason", "disabledAt", "preferredTimezone", source) VALUES ('nexus-user-admin', '10000000-0000-0000-0000-000000000002', 'Sarah Whitfield', 'alice@nexus.ai', 'active', true, NULL, NULL, '4d3400c5e8641a8d89bb3b6ab350747da061d2c2b02c53b614ff5e99907658c8:e501539f666b01aeaf5a2fc8041c310454ea03240c29f663ba798bdf284054ea35fe137684223185f5507fdb43d2fbb0fef59e4f148ee4434aa61a322bb05e5c', '2026-05-08 13:49:08.393+00', 'seed-script', '2026-05-08 14:49:08.722+00', '2026-05-10 16:43:52.257+00', NULL, false, NULL, NULL, NULL, 'local');
INSERT INTO public."NexusUser" (id, "organizationId", "displayName", email, status, "canAccessControlPlane", "osUsername", "osDomain", "passwordHash", "lastLoginAt", "createdBy", "createdAt", "updatedAt", "passwordUpdatedAt", "breakGlass", "disabledReason", "disabledAt", "preferredTimezone", source) VALUES ('nexus-user-provider-ops', '10000000-0000-0000-0000-000000000002', 'James Rodriguez', 'bob@nexus.ai', 'active', true, NULL, NULL, '6e22b70d7167f0a7d19b480acf085c2cde792d3b3167f495ed83b0ae8edc4202:3b152c89b4658f703716056a19227f99fdae772da0d50f260f95609934cb9067025c083bc8d198d06880f77eac678bdfa15c6d14418deb8ad820e5c0924b6fb1', '2026-05-07 14:49:08.437+00', 'seed-script', '2026-05-08 14:49:09.25+00', '2026-05-10 16:43:52.548+00', NULL, false, NULL, NULL, NULL, 'local');
INSERT INTO public."NexusUser" (id, "organizationId", "displayName", email, status, "canAccessControlPlane", "osUsername", "osDomain", "passwordHash", "lastLoginAt", "createdBy", "createdAt", "updatedAt", "passwordUpdatedAt", "breakGlass", "disabledReason", "disabledAt", "preferredTimezone", source) VALUES ('nexus-user-sso', '10000000-0000-0000-0000-000000000007', 'David Thompson', 'frank@nexus.ai', 'active', true, NULL, NULL, NULL, '2026-05-08 10:49:08.458+00', 'sso-auto-provision', '2026-05-08 14:49:09.78+00', '2026-05-10 16:43:52.849+00', NULL, false, NULL, NULL, NULL, 'local');
INSERT INTO public."NexusUser" (id, "organizationId", "displayName", email, status, "canAccessControlPlane", "osUsername", "osDomain", "passwordHash", "lastLoginAt", "createdBy", "createdAt", "updatedAt", "passwordUpdatedAt", "breakGlass", "disabledReason", "disabledAt", "preferredTimezone", source) VALUES ('nexus-user-compliance', '10000000-0000-0000-0000-000000000003', 'Michael Chen', 'carol@nexus.ai', 'active', true, NULL, NULL, '3c344903fa94d9fd6b77ef4ccdc49e355b7f0f66b906b4072dbb069c8b552506:3403f5a584f7a99cce032b7bd30737ec4b9ab23aa7436e7e46ab0ee5fb986b49731825250cd07d438f665e630435b496ad959c5ea172af6f5d9a5df99679bdbb', '2026-05-08 02:49:08.416+00', 'seed-script', '2026-05-08 14:49:08.985+00', '2026-05-10 16:43:53.087+00', NULL, false, NULL, NULL, NULL, 'local');
INSERT INTO public."NexusUser" (id, "organizationId", "displayName", email, status, "canAccessControlPlane", "osUsername", "osDomain", "passwordHash", "lastLoginAt", "createdBy", "createdAt", "updatedAt", "passwordUpdatedAt", "breakGlass", "disabledReason", "disabledAt", "preferredTimezone", source) VALUES ('nexus-user-viewer', '10000000-0000-0000-0000-000000000008', 'Emily Park', 'diana@nexus.ai', 'active', true, NULL, NULL, 'a07243e1a4560ff652034168b1c64609e8f217546dee48db5b8127274e674129:fceaa5f1300b980ad013bc47eb25c0f6caeb2aaa2ffd8c49d5f231b9195a7b56dc384a25b05d54ba8996c2517bd1724f502c758056366a7b068918008bb89661', NULL, 'seed-script', '2026-05-08 14:49:09.515+00', '2026-05-10 16:43:53.325+00', NULL, false, NULL, NULL, NULL, 'local');
INSERT INTO public."NexusUser" (id, "organizationId", "displayName", email, status, "canAccessControlPlane", "osUsername", "osDomain", "passwordHash", "lastLoginAt", "createdBy", "createdAt", "updatedAt", "passwordUpdatedAt", "breakGlass", "disabledReason", "disabledAt", "preferredTimezone", source) VALUES ('nexus-user-agent-jdoe', '10000000-0000-0000-0000-000000000002', 'Jonathan Doering', 'j.doering@apexfinancial.example', 'active', false, 'jdoe', 'ACME', NULL, NULL, 'agent-enrollment', '2026-05-08 14:49:10.045+00', '2026-05-10 16:43:53.601+00', NULL, false, NULL, NULL, NULL, 'local');
INSERT INTO public."NexusUser" (id, "organizationId", "displayName", email, status, "canAccessControlPlane", "osUsername", "osDomain", "passwordHash", "lastLoginAt", "createdBy", "createdAt", "updatedAt", "passwordUpdatedAt", "breakGlass", "disabledReason", "disabledAt", "preferredTimezone", source) VALUES ('nexus-user-agent-ssmith', '10000000-0000-0000-0000-000000000004', 'Stephanie Morrison', 's.morrison@apexfinancial.example', 'active', false, 'ssmith', 'ACME', NULL, NULL, 'agent-enrollment', '2026-05-08 14:49:10.643+00', '2026-05-10 16:43:53.838+00', NULL, false, NULL, NULL, NULL, 'local');
INSERT INTO public."NexusUser" (id, "organizationId", "displayName", email, status, "canAccessControlPlane", "osUsername", "osDomain", "passwordHash", "lastLoginAt", "createdBy", "createdAt", "updatedAt", "passwordUpdatedAt", "breakGlass", "disabledReason", "disabledAt", "preferredTimezone", source) VALUES ('nexus-user-cib-analyst', '10000000-0000-0000-0000-000000000005', 'Richard Park', 'r.park@apexfinancial.example', 'active', false, 'rpark', 'APEXFIN', NULL, NULL, 'agent-enrollment', '2026-05-10 16:43:54.118+00', '2026-05-10 16:43:54.118+00', NULL, false, NULL, NULL, NULL, 'local');
INSERT INTO public."NexusUser" (id, "organizationId", "displayName", email, status, "canAccessControlPlane", "osUsername", "osDomain", "passwordHash", "lastLoginAt", "createdBy", "createdAt", "updatedAt", "passwordUpdatedAt", "breakGlass", "disabledReason", "disabledAt", "preferredTimezone", source) VALUES ('nexus-user-wealth-advisor', '10000000-0000-0000-0000-000000000006', 'Catherine Brooks', 'c.brooks@apexfinancial.example', 'active', false, 'cbrooks', 'APEXFIN', NULL, NULL, 'agent-enrollment', '2026-05-10 16:43:54.355+00', '2026-05-10 16:43:54.355+00', NULL, false, NULL, NULL, NULL, 'local');
INSERT INTO public."NexusUser" (id, "organizationId", "displayName", email, status, "canAccessControlPlane", "osUsername", "osDomain", "passwordHash", "lastLoginAt", "createdBy", "createdAt", "updatedAt", "passwordUpdatedAt", "breakGlass", "disabledReason", "disabledAt", "preferredTimezone", source) VALUES ('nexus-user-credit-analyst', '10000000-0000-0000-0000-000000000009', 'Jennifer Kim', 'j.kim@apexfinancial.example', 'active', false, 'jkim', 'APEXFIN', NULL, '2026-05-08 16:43:51.94+00', 'agent-enrollment', '2026-05-10 16:43:54.648+00', '2026-05-10 16:43:54.648+00', NULL, false, NULL, NULL, NULL, 'local');
INSERT INTO public."NexusUser" (id, "organizationId", "displayName", email, status, "canAccessControlPlane", "osUsername", "osDomain", "passwordHash", "lastLoginAt", "createdBy", "createdAt", "updatedAt", "passwordUpdatedAt", "breakGlass", "disabledReason", "disabledAt", "preferredTimezone", source) VALUES ('nexus-user-retail-mgr', '10000000-0000-0000-0000-000000000004', 'Marcus Williams', 'm.williams@apexfinancial.example', 'active', false, 'mwilliams', 'APEXFIN', NULL, '2026-05-07 16:43:51.94+00', 'agent-enrollment', '2026-05-10 16:43:54.888+00', '2026-05-10 16:43:54.888+00', NULL, false, NULL, NULL, NULL, 'local');
INSERT INTO public."NexusUser" (id, "organizationId", "displayName", email, status, "canAccessControlPlane", "osUsername", "osDomain", "passwordHash", "lastLoginAt", "createdBy", "createdAt", "updatedAt", "passwordUpdatedAt", "breakGlass", "disabledReason", "disabledAt", "preferredTimezone", source) VALUES ('nexus-user-suspended', '10000000-0000-0000-0000-000000000001', 'Robert Chen (Former)', 'r.chen.former@apexfinancial.example', 'suspended', false, NULL, NULL, NULL, NULL, 'seed-script', '2026-05-08 14:49:11.577+00', '2026-05-10 16:43:55.175+00', NULL, false, NULL, NULL, NULL, 'local');
INSERT INTO public."NexusUser" (id, "organizationId", "displayName", email, status, "canAccessControlPlane", "osUsername", "osDomain", "passwordHash", "lastLoginAt", "createdBy", "createdAt", "updatedAt", "passwordUpdatedAt", "breakGlass", "disabledReason", "disabledAt", "preferredTimezone", source) VALUES ('f9cf5b74-b5eb-4277-95e0-a2277250f3b5', '10000000-0000-0000-0000-000000000007', 'Mac Agent Test User', 'macmini@nexus.ai', 'active', true, NULL, NULL, '3e5fb1897ffa29e1dcbf4866c5020296b0a5fec66c96b9573c28f1e92f8bf426:a00808554010caf4569a12391fd46fa0f9f51ce9e2290fd90a72636ad975839efbd4a4a1f09c74e9e6b163025bdf94fd9db5d79fb0afe9a29c03557aee38fcde', NULL, 'nexus-user-super-admin', '2026-05-15 05:23:48.371+00', '2026-05-15 05:23:48.371+00', NULL, false, NULL, NULL, NULL, 'local');


ALTER TABLE public."NexusUser" ENABLE TRIGGER ALL;

--
-- Data for Name: AdminApiKey; Type: TABLE DATA; Schema: public; Owner: -
--

ALTER TABLE public."AdminApiKey" DISABLE TRIGGER ALL;

INSERT INTO public."AdminApiKey" (id, name, "keyHash", "keyPrefix", "createdBy", enabled, "lastUsedAt", "expiresAt", "ownerUserId", "createdAt", "updatedAt") VALUES ('a5e8d4b2-d8fd-487f-a830-6a3437c715d0', 'super-admin', '851f2261926a6e67f64d286baff4022175d7dc852d7b51dcb45f34e2a4801cd1', 'nxk_11111111', 'seed-script', true, NULL, NULL, 'nexus-user-super-admin', '2026-05-10 16:41:13.165+00', '2026-05-10 16:43:55.693+00');
INSERT INTO public."AdminApiKey" (id, name, "keyHash", "keyPrefix", "createdBy", enabled, "lastUsedAt", "expiresAt", "ownerUserId", "createdAt", "updatedAt") VALUES ('8d9a559f-0365-41d7-abb0-ed64aee6e2ff', 'compliance-viewer', 'c77962b786bb310ff9f4228383fadc0aec94914947599fbaabf8ac492d35bdcc', 'nxk_22222222', 'seed-script', true, NULL, NULL, 'nexus-user-compliance', '2026-05-10 16:41:13.405+00', '2026-05-10 16:43:56.454+00');
INSERT INTO public."AdminApiKey" (id, name, "keyHash", "keyPrefix", "createdBy", enabled, "lastUsedAt", "expiresAt", "ownerUserId", "createdAt", "updatedAt") VALUES ('cc0488ec-88c0-4219-97d0-ae255a1ef365', 'provider-manager', '432d290b55f0380bf02bb7216707857724a873de7bf96429f101306598c4f567', 'nxk_33333333', 'seed-script', true, NULL, NULL, 'nexus-user-provider-ops', '2026-05-10 16:41:13.683+00', '2026-05-10 16:43:57.266+00');
INSERT INTO public."AdminApiKey" (id, name, "keyHash", "keyPrefix", "createdBy", enabled, "lastUsedAt", "expiresAt", "ownerUserId", "createdAt", "updatedAt") VALUES ('40228302-4977-4dad-b8f4-faeaa76bf635', 'dashboard-readonly', 'c8fea04b07458b7d863b319e0388f9eeac9968ddfa06abba6ad396edcadbd972', 'nxk_44444444', 'seed-script', true, NULL, '2026-08-08 16:41:12.876+00', 'nexus-user-viewer', '2026-05-10 16:41:13.923+00', '2026-05-10 16:43:58.026+00');
INSERT INTO public."AdminApiKey" (id, name, "keyHash", "keyPrefix", "createdBy", enabled, "lastUsedAt", "expiresAt", "ownerUserId", "createdAt", "updatedAt") VALUES ('86c3123d-4f10-4890-88f7-936e17780b37', 'local-dev-super-admin', 'bc4ff6bdbf86fd21ae0bb21ada3bcee7ce1d893feaaeea2e6a02dd6291091b96', 'nxk_01234567', 'seed-script', true, NULL, NULL, 'nexus-user-super-admin', '2026-05-10 16:41:14.213+00', '2026-05-10 16:43:58.84+00');


ALTER TABLE public."AdminApiKey" ENABLE TRIGGER ALL;

--
-- Data for Name: DeviceGroup; Type: TABLE DATA; Schema: public; Owner: -
--

ALTER TABLE public."DeviceGroup" DISABLE TRIGGER ALL;

INSERT INTO public."DeviceGroup" (id, name, description, "createdBy", "createdAt", "updatedAt", membership_query, priority) VALUES ('dg-sales', 'Sales Devices', 'Sales team — restricted to approved AI tools only', 'nexus-user-admin', '2026-05-08 14:50:05.002+00', '2026-05-08 14:50:05.002+00', NULL, 100);
INSERT INTO public."DeviceGroup" (id, name, description, "createdBy", "createdAt", "updatedAt", membership_query, priority) VALUES ('dg-all', 'All Devices', 'Default catch-all group for fleet-wide policies', 'nexus-user-admin', '2026-05-08 14:50:06.937+00', '2026-05-08 14:50:06.937+00', NULL, 100);
INSERT INTO public."DeviceGroup" (id, name, description, "createdBy", "createdAt", "updatedAt", membership_query, priority) VALUES ('dg-engineering', 'Engineering Workstations', 'Developer machines with full AI API access', 'nexus-user-admin', '2026-05-08 14:50:03.307+00', '2026-05-14 10:42:39.241+00', NULL, 100);


ALTER TABLE public."DeviceGroup" ENABLE TRIGGER ALL;

--
-- Data for Name: thing; Type: TABLE DATA; Schema: public; Owner: -
--

ALTER TABLE public.thing DISABLE TRIGGER ALL;

INSERT INTO public.thing (id, type, name, version, address, enrolled_by, auth_type, conn_protocol, status, enrolled_at, last_seen_at, updated_at, desired, reported, desired_ver, reported_ver, metadata, reported_outcomes, process_started_at, physical_id, hostname, primary_ip, os, os_version, tags) VALUES ('agent-dev-enrolled-01', 'agent', 'mac-finance-04.corp.local', '1.0.0', NULL, 'seed-script', 'mtls', 'websocket', 'enrolled', '2026-05-09 16:43:48.882+00', NULL, '2026-05-15 10:38:31.364+00', '{"auth": {}, "diag_mode": null, "log_level": {"level": "info"}, "exemptions": null, "killswitch": {"engaged": false}, "hooks": null, "policy_rules": {}, "observability": {"enabled": false, "endpoint": "", "serviceName": "agent", "samplingRate": 1.0}, "agent_settings": {"logLevel": "debug", "quitAllowed": true, "auditBatchSize": 100, "shutdownWarning": {"en": "Closing Nexus Agent will stop AI traffic monitoring on this device. Your IT team will be notified. Are you sure?", "es": "Cerrar Nexus Agent detendrá la supervisión de tráfico de IA en este dispositivo. Se notificará a su equipo de TI. ¿Está seguro?", "zh": "关闭 Nexus Agent 将停止本设备上的 AI 流量监控。您的 IT 团队会收到通知。确定要关闭吗？"}, "autoUpdateChannel": "stable", "autoUpdateEnabled": true, "trafficUploadLevel": "processed", "heartbeatIntervalSec": 60, "auditDrainIntervalSec": 30, "configSyncIntervalSec": 300, "shutdownWarningEnabled": true, "shutdownWarningMessage": "", "forceQUICFallbackBundles": ["com.google.Chrome", "com.google.Chrome.canary", "com.microsoft.edgemac", "com.brave.Browser", "company.thebrowser.Browser", "org.mozilla.firefox", "com.vivaldi.Vivaldi", "com.apple.Safari"]}, "payload_capture": {"enabled": false}, "timing_intervals": {"heartbeatIntervalSec": 0, "auditDrainIntervalSec": 0}, "interception_domains": {}, "streaming_compliance": null}', '{}', 2666, 0, 'null', '{}', NULL, NULL, 'mac-finance-04.corp.local', NULL, 'darwin', '15.0', '{}');
INSERT INTO public.thing (id, type, name, version, address, enrolled_by, auth_type, conn_protocol, status, enrolled_at, last_seen_at, updated_at, desired, reported, desired_ver, reported_ver, metadata, reported_outcomes, process_started_at, physical_id, hostname, primary_ip, os, os_version, tags) VALUES ('proxy-nexus-node-1', 'compliance-proxy', 'proxy-nexus-node-1', 'prod-20260516@7d3c8160', ':3128', '', 'bearer', 'http', 'online', '2026-05-10 16:49:53.912+00', '2026-05-16 10:11:58.196+00', '2026-05-16 10:11:58.196+00', '{"log_level": {"level": "info"}, "killswitch": {"engaged": false}, "onboarding": {"enabled": false}, "hooks": null, "observability": {"log_level": "info", "metrics_enabled": true, "prometheus_path": "/metrics", "tracing_enabled": false}, "payload_capture": {}, "domain_allowlist": {}, "exemptions": null, "compliance_streaming": {"mode": "live", "totalTimeoutMs": 0, "perHookTimeoutMs": 0}, "interception_domains": null, "streaming_compliance": null}', '{"log_level": {"level": "info"}, "killswitch": {"engaged": false}, "onboarding": {"enabled": false}, "hooks": null, "observability": {"log_level": "info", "metrics_enabled": true, "prometheus_path": "/metrics", "tracing_enabled": false}, "payload_capture": {}, "domain_allowlist": {}, "exemptions": null, "compliance_streaming": {"mode": "live", "totalTimeoutMs": 0, "perHookTimeoutMs": 0}, "interception_domains": null, "streaming_compliance": null}', 4278, 4278, '{"staticInfo": {"os": "linux", "osName": "Linux", "buildSha": "", "cpuCores": 4, "cpuModel": "Intel(R) Xeon(R) Platinum 8275CL CPU @ 3.00GHz", "hostname": "nexus-node-1", "buildTime": "", "machineId": "00000000000000000000000000000000", "modelName": "c5.xlarge", "osVersion": "Amazon Linux 2023.11.20260505", "primaryIp": "10.0.0.10", "publicUrl": "http://compliance.nexus.ai:3128", "startTime": "2026-05-16T02:48:58Z", "totalMemMB": 7739, "kernelVersion": "6.1.168-203.330.amzn2023.x86_64", "totalRamBytes": 8115015680, "serviceVersion": "compliance-proxy/0.1.0", "deviceFingerprint": "00000000000000000000000000000000", "configVersionApplied": 0}}', '{"log_level": {"appliedAt": "2026-05-16T10:10:58.260743603Z", "appliedVersion": 4057}, "killswitch": {"appliedAt": "2026-05-16T10:10:58.260298309Z", "appliedVersion": 4057}, "onboarding": {"appliedAt": "2026-05-16T10:10:58.260349038Z", "appliedVersion": 4057}, "hooks": {"appliedAt": "2026-05-16T10:10:58.265032429Z", "appliedVersion": 4057}, "observability": {"appliedAt": "2026-05-16T10:10:58.262308646Z", "appliedVersion": 4057}, "payload_capture": {"appliedAt": "2026-05-16T10:10:58.260700349Z", "appliedVersion": 4057}, "domain_allowlist": {"appliedAt": "2026-05-16T10:10:58.262099701Z", "appliedVersion": 4057}, "exemptions": {"appliedAt": "2026-05-16T10:10:58.260812943Z", "appliedVersion": 4278}, "compliance_streaming": {"appliedAt": "2026-05-16T10:10:58.262373857Z", "appliedVersion": 4057}, "interception_domains": {"appliedAt": "2026-05-16T10:10:58.26353664Z", "appliedVersion": 4057}, "streaming_compliance": {"appliedAt": "2026-05-16T10:10:58.263573717Z", "appliedVersion": 4057}}', '2026-05-16 02:48:58.189+00', 'proxy-nexus-node-1', 'nexus-node-1', '10.0.0.10', 'linux', 'Amazon Linux 2023.11.20260505', '{}');
INSERT INTO public.thing (id, type, name, version, address, enrolled_by, auth_type, conn_protocol, status, enrolled_at, last_seen_at, updated_at, desired, reported, desired_ver, reported_ver, metadata, reported_outcomes, process_started_at, physical_id, hostname, primary_ip, os, os_version, tags) VALUES ('agent-b953d52f900d5a98', 'agent', '', '20260512-cursor+496a6f78', '', '', 'bearer', 'http', 'offline', '2026-05-12 05:19:48.056+00', '2026-05-12 05:19:48.056+00', '2026-05-15 10:38:31.364+00', '{"auth": {}, "diag_mode": null, "log_level": {"level": "info"}, "exemptions": null, "killswitch": {"engaged": false}, "hooks": null, "policy_rules": {}, "observability": {"enabled": false, "endpoint": "", "serviceName": "agent", "samplingRate": 1.0}, "agent_settings": {"logLevel": "debug", "quitAllowed": true, "auditBatchSize": 100, "shutdownWarning": {"en": "Closing Nexus Agent will stop AI traffic monitoring on this device. Your IT team will be notified. Are you sure?", "es": "Cerrar Nexus Agent detendrá la supervisión de tráfico de IA en este dispositivo. Se notificará a su equipo de TI. ¿Está seguro?", "zh": "关闭 Nexus Agent 将停止本设备上的 AI 流量监控。您的 IT 团队会收到通知。确定要关闭吗？"}, "autoUpdateChannel": "stable", "autoUpdateEnabled": true, "trafficUploadLevel": "processed", "heartbeatIntervalSec": 60, "auditDrainIntervalSec": 30, "configSyncIntervalSec": 300, "shutdownWarningEnabled": true, "shutdownWarningMessage": "", "forceQUICFallbackBundles": ["com.google.Chrome", "com.google.Chrome.canary", "com.microsoft.edgemac", "com.brave.Browser", "company.thebrowser.Browser", "org.mozilla.firefox", "com.vivaldi.Vivaldi", "com.apple.Safari"]}, "payload_capture": {"enabled": false}, "timing_intervals": {"heartbeatIntervalSec": 0, "auditDrainIntervalSec": 0}, "interception_domains": {}, "streaming_compliance": null}', '{}', 2666, 0, '{"deviceTokenHash": "0000000000000000000000000000000000000000000000000000000000000000"}', '{}', NULL, NULL, 'Mac.dlinkrouter.local', NULL, 'darwin', '26.3.1', '{}');
INSERT INTO public.thing (id, type, name, version, address, enrolled_by, auth_type, conn_protocol, status, enrolled_at, last_seen_at, updated_at, desired, reported, desired_ver, reported_ver, metadata, reported_outcomes, process_started_at, physical_id, hostname, primary_ip, os, os_version, tags) VALUES ('agent-1e2a6705304d82ae', 'agent', '', '20260513-quit-policy-menu+local', '', '', 'bearer', 'http', 'offline', '2026-05-13 05:49:59.02+00', '2026-05-13 12:10:58.254+00', '2026-05-15 10:38:31.364+00', '{"auth": {}, "diag_mode": null, "log_level": {"level": "info"}, "exemptions": null, "killswitch": {"engaged": false}, "hooks": null, "policy_rules": {}, "observability": {"enabled": false, "endpoint": "", "serviceName": "agent", "samplingRate": 1}, "agent_settings": {"logLevel": "debug", "quitAllowed": true, "auditBatchSize": 100, "shutdownWarning": {"en": "Closing Nexus Agent will stop AI traffic monitoring on this device. Your IT team will be notified. Are you sure?", "es": "Cerrar Nexus Agent detendrá la supervisión de tráfico de IA en este dispositivo. Se notificará a su equipo de TI. ¿Está seguro?", "zh": "关闭 Nexus Agent 将停止本设备上的 AI 流量监控。您的 IT 团队会收到通知。确定要关闭吗？"}, "autoUpdateChannel": "stable", "autoUpdateEnabled": true, "trafficUploadLevel": "processed", "heartbeatIntervalSec": 60, "auditDrainIntervalSec": 30, "configSyncIntervalSec": 300, "shutdownWarningEnabled": true, "shutdownWarningMessage": "", "forceQUICFallbackBundles": ["com.google.Chrome", "com.google.Chrome.canary", "com.microsoft.edgemac", "com.brave.Browser", "company.thebrowser.Browser", "org.mozilla.firefox", "com.vivaldi.Vivaldi", "com.apple.Safari"]}, "payload_capture": {"enabled": false}, "timing_intervals": {"heartbeatIntervalSec": 0, "auditDrainIntervalSec": 0}, "interception_domains": {}, "streaming_compliance": null}', '{"log_level": {"level": "info"}, "exemptions": null, "killswitch": {"engaged": false}, "hooks": null, "policy_rules": {}, "observability": {"enabled": false, "endpoint": "", "serviceName": "agent", "samplingRate": 1}, "payload_capture": {"enabled": false}, "timing_intervals": {"heartbeatIntervalSec": 0, "auditDrainIntervalSec": 0}, "interception_domains": {}}', 2666, 27, '{"staticInfo": {"os": "darwin", "buildSha": "", "cpuCores": 12, "hostname": "nexus-maintainerdeMacBook-Pro.local", "buildTime": "", "osVersion": "26.3.1", "primaryIp": "10.0.0.22", "startTime": "2026-05-13T07:56:03Z", "kernelVersion": "25.3.0", "totalRamBytes": 38654705664, "serviceVersion": "nexus-agent/20260513-quit-policy-menu+local", "configVersionApplied": 0}, "deviceTokenHash": "0000000000000000000000000000000000000000000000000000000000000000"}', '{}', NULL, NULL, 'nexus-maintainerdeMacBook-Pro.local', '10.0.0.22', 'darwin', '26.3.1', '{}');
INSERT INTO public.thing (id, type, name, version, address, enrolled_by, auth_type, conn_protocol, status, enrolled_at, last_seen_at, updated_at, desired, reported, desired_ver, reported_ver, metadata, reported_outcomes, process_started_at, physical_id, hostname, primary_ip, os, os_version, tags) VALUES ('agent-dev-mac-01', 'agent', 'mac-eng-01.corp.local', '1.0.0', NULL, 'seed-script', 'mtls', 'websocket', 'offline', '2026-04-10 16:43:48.881+00', '2026-05-13 03:51:06.007+00', '2026-05-15 10:38:31.364+00', '{"auth": {}, "diag_mode": null, "log_level": {"level": "info"}, "exemptions": null, "killswitch": {"engaged": false}, "hooks": null, "policy_rules": {}, "observability": {"enabled": false, "endpoint": "", "serviceName": "agent", "samplingRate": 1.0}, "agent_settings": {"logLevel": "debug", "quitAllowed": true, "auditBatchSize": 100, "shutdownWarning": {"en": "Closing Nexus Agent will stop AI traffic monitoring on this device. Your IT team will be notified. Are you sure?", "es": "Cerrar Nexus Agent detendrá la supervisión de tráfico de IA en este dispositivo. Se notificará a su equipo de TI. ¿Está seguro?", "zh": "关闭 Nexus Agent 将停止本设备上的 AI 流量监控。您的 IT 团队会收到通知。确定要关闭吗？"}, "autoUpdateChannel": "stable", "autoUpdateEnabled": true, "trafficUploadLevel": "processed", "heartbeatIntervalSec": 60, "auditDrainIntervalSec": 30, "configSyncIntervalSec": 300, "shutdownWarningEnabled": true, "shutdownWarningMessage": "", "forceQUICFallbackBundles": ["com.google.Chrome", "com.google.Chrome.canary", "com.microsoft.edgemac", "com.brave.Browser", "company.thebrowser.Browser", "org.mozilla.firefox", "com.vivaldi.Vivaldi", "com.apple.Safari"]}, "payload_capture": {"enabled": false}, "timing_intervals": {"heartbeatIntervalSec": 0, "auditDrainIntervalSec": 0}, "interception_domains": {}, "streaming_compliance": null}', '{}', 2666, 19, '{"uptime": 86400, "memoryMB": 45, "cpuPercent": 2.1, "queueDepth": 0}', '{}', NULL, NULL, 'mac-eng-01.corp.local', NULL, 'darwin', '14.4.1', '{}');
INSERT INTO public.thing (id, type, name, version, address, enrolled_by, auth_type, conn_protocol, status, enrolled_at, last_seen_at, updated_at, desired, reported, desired_ver, reported_ver, metadata, reported_outcomes, process_started_at, physical_id, hostname, primary_ip, os, os_version, tags) VALUES ('thing-proxy-01', 'compliance-proxy', 'compliance-proxy-01', '2.1.0', 'http://compliance-proxy:3040', 'seed-script', 'bearer', 'http', 'offline', '2026-04-10 16:45:22.898+00', '2026-05-10 14:45:22.898+00', '2026-05-16 10:10:58.255+00', '{"log_level": {"level": "info"}, "killswitch": {"engaged": false}, "onboarding": {"enabled": false}, "hooks": null, "observability": {"enabled": false, "endpoint": "", "serviceName": "compliance-proxy", "samplingRate": 1.0}, "payload_capture": {"enabled": false}, "domain_allowlist": {}, "exemptions": null, "compliance_streaming": {"mode": "live", "totalTimeoutMs": 0, "perHookTimeoutMs": 0}, "interception_domains": null, "streaming_compliance": null}', '{"killswitch": {"engaged": false}, "hooks": {"timeout_ms": 5000}}', 4278, 17, '{"role": "api", "metricsUrl": "http://compliance-proxy:3040/metrics"}', '{}', NULL, 'thing-proxy-01', NULL, NULL, NULL, NULL, '{}');
INSERT INTO public.thing (id, type, name, version, address, enrolled_by, auth_type, conn_protocol, status, enrolled_at, last_seen_at, updated_at, desired, reported, desired_ver, reported_ver, metadata, reported_outcomes, process_started_at, physical_id, hostname, primary_ip, os, os_version, tags) VALUES ('agent-cc009d193f03a9de', 'agent', '', '20260512-cursor+4714d034', '', '', 'bearer', 'http', 'offline', '2026-05-12 05:15:50.402+00', '2026-05-12 05:15:50.402+00', '2026-05-15 10:38:31.364+00', '{"auth": {}, "diag_mode": null, "log_level": {"level": "info"}, "exemptions": null, "killswitch": {"engaged": false}, "hooks": null, "policy_rules": {}, "observability": {"enabled": false, "endpoint": "", "serviceName": "agent", "samplingRate": 1.0}, "agent_settings": {"logLevel": "debug", "quitAllowed": true, "auditBatchSize": 100, "shutdownWarning": {"en": "Closing Nexus Agent will stop AI traffic monitoring on this device. Your IT team will be notified. Are you sure?", "es": "Cerrar Nexus Agent detendrá la supervisión de tráfico de IA en este dispositivo. Se notificará a su equipo de TI. ¿Está seguro?", "zh": "关闭 Nexus Agent 将停止本设备上的 AI 流量监控。您的 IT 团队会收到通知。确定要关闭吗？"}, "autoUpdateChannel": "stable", "autoUpdateEnabled": true, "trafficUploadLevel": "processed", "heartbeatIntervalSec": 60, "auditDrainIntervalSec": 30, "configSyncIntervalSec": 300, "shutdownWarningEnabled": true, "shutdownWarningMessage": "", "forceQUICFallbackBundles": ["com.google.Chrome", "com.google.Chrome.canary", "com.microsoft.edgemac", "com.brave.Browser", "company.thebrowser.Browser", "org.mozilla.firefox", "com.vivaldi.Vivaldi", "com.apple.Safari"]}, "payload_capture": {"enabled": false}, "timing_intervals": {"heartbeatIntervalSec": 0, "auditDrainIntervalSec": 0}, "interception_domains": {}, "streaming_compliance": null}', '{}', 2666, 0, '{"deviceTokenHash": "0000000000000000000000000000000000000000000000000000000000000000"}', '{}', NULL, NULL, 'Mac.dlinkrouter.local', NULL, 'darwin', '26.3.1', '{}');
INSERT INTO public.thing (id, type, name, version, address, enrolled_by, auth_type, conn_protocol, status, enrolled_at, last_seen_at, updated_at, desired, reported, desired_ver, reported_ver, metadata, reported_outcomes, process_started_at, physical_id, hostname, primary_ip, os, os_version, tags) VALUES ('agent-d797b87fa56c3053', 'agent', '', 'audit-dsn-fix', '', '', 'bearer', 'http', 'offline', '2026-05-12 05:31:47.226+00', '2026-05-12 05:43:33.652+00', '2026-05-15 10:38:31.364+00', '{"auth": {}, "diag_mode": null, "log_level": {"level": "info"}, "exemptions": null, "killswitch": {"engaged": false}, "hooks": null, "policy_rules": {}, "observability": {"enabled": false, "endpoint": "", "serviceName": "agent", "samplingRate": 1.0}, "agent_settings": {"logLevel": "debug", "quitAllowed": true, "auditBatchSize": 100, "shutdownWarning": {"en": "Closing Nexus Agent will stop AI traffic monitoring on this device. Your IT team will be notified. Are you sure?", "es": "Cerrar Nexus Agent detendrá la supervisión de tráfico de IA en este dispositivo. Se notificará a su equipo de TI. ¿Está seguro?", "zh": "关闭 Nexus Agent 将停止本设备上的 AI 流量监控。您的 IT 团队会收到通知。确定要关闭吗？"}, "autoUpdateChannel": "stable", "autoUpdateEnabled": true, "trafficUploadLevel": "processed", "heartbeatIntervalSec": 60, "auditDrainIntervalSec": 30, "configSyncIntervalSec": 300, "shutdownWarningEnabled": true, "shutdownWarningMessage": "", "forceQUICFallbackBundles": ["com.google.Chrome", "com.google.Chrome.canary", "com.microsoft.edgemac", "com.brave.Browser", "company.thebrowser.Browser", "org.mozilla.firefox", "com.vivaldi.Vivaldi", "com.apple.Safari"]}, "payload_capture": {"enabled": false}, "timing_intervals": {"heartbeatIntervalSec": 0, "auditDrainIntervalSec": 0}, "interception_domains": {}, "streaming_compliance": null}', '{}', 2666, 0, '{"staticInfo": {"os": "darwin", "buildSha": "", "cpuCores": 12, "hostname": "Mac.dlinkrouter.local", "buildTime": "", "osVersion": "26.3.1", "primaryIp": "10.0.0.21", "startTime": "2026-05-12T05:40:37Z", "kernelVersion": "25.3.0", "totalRamBytes": 38654705664, "serviceVersion": "nexus-agent/audit-dsn-fix", "configVersionApplied": 0}, "deviceTokenHash": "0000000000000000000000000000000000000000000000000000000000000000"}', '{}', NULL, NULL, 'Mac.dlinkrouter.local', '10.0.0.21', 'darwin', '26.3.1', '{}');
INSERT INTO public.thing (id, type, name, version, address, enrolled_by, auth_type, conn_protocol, status, enrolled_at, last_seen_at, updated_at, desired, reported, desired_ver, reported_ver, metadata, reported_outcomes, process_started_at, physical_id, hostname, primary_ip, os, os_version, tags) VALUES ('agent-dev-win-01', 'agent', 'win-sales-03.corp.local', '1.0.0', NULL, 'seed-script', 'mtls', 'websocket', 'offline', '2026-04-26 16:43:48.881+00', '2026-05-10 16:33:48.881+00', '2026-05-15 10:38:31.364+00', '{"auth": {}, "diag_mode": null, "log_level": {"level": "info"}, "exemptions": null, "killswitch": {"engaged": false}, "hooks": null, "policy_rules": {}, "observability": {"enabled": false, "endpoint": "", "serviceName": "agent", "samplingRate": 1.0}, "agent_settings": {"logLevel": "debug", "quitAllowed": true, "auditBatchSize": 100, "shutdownWarning": {"en": "Closing Nexus Agent will stop AI traffic monitoring on this device. Your IT team will be notified. Are you sure?", "es": "Cerrar Nexus Agent detendrá la supervisión de tráfico de IA en este dispositivo. Se notificará a su equipo de TI. ¿Está seguro?", "zh": "关闭 Nexus Agent 将停止本设备上的 AI 流量监控。您的 IT 团队会收到通知。确定要关闭吗？"}, "autoUpdateChannel": "stable", "autoUpdateEnabled": true, "trafficUploadLevel": "processed", "heartbeatIntervalSec": 60, "auditDrainIntervalSec": 30, "configSyncIntervalSec": 300, "shutdownWarningEnabled": true, "shutdownWarningMessage": "", "forceQUICFallbackBundles": ["com.google.Chrome", "com.google.Chrome.canary", "com.microsoft.edgemac", "com.brave.Browser", "company.thebrowser.Browser", "org.mozilla.firefox", "com.vivaldi.Vivaldi", "com.apple.Safari"]}, "payload_capture": {"enabled": false}, "timing_intervals": {"heartbeatIntervalSec": 0, "auditDrainIntervalSec": 0}, "interception_domains": {}, "streaming_compliance": null}', '{}', 2666, 19, '{"uptime": 3600, "memoryMB": 38, "cpuPercent": 0.5, "queueDepth": 42}', '{}', NULL, NULL, 'win-sales-03.corp.local', NULL, 'windows', '10.0.22631', '{}');
INSERT INTO public.thing (id, type, name, version, address, enrolled_by, auth_type, conn_protocol, status, enrolled_at, last_seen_at, updated_at, desired, reported, desired_ver, reported_ver, metadata, reported_outcomes, process_started_at, physical_id, hostname, primary_ip, os, os_version, tags) VALUES ('thing-cp-01', 'control-plane', 'control-plane-01', '2.1.0', 'http://control-plane:3001', 'seed-script', 'bearer', 'http', 'offline', '2026-04-10 16:45:22.897+00', '2026-05-10 15:45:22.897+00', '2026-05-10 16:45:24.013+00', '{"log_level": {"level": "info"}, "observability": {"enabled": false, "endpoint": "", "serviceName": "control-plane", "samplingRate": 1.0}}', '{"killswitch": {"engaged": false}, "hooks": {"timeout_ms": 5000}}', 16, 11, '{"role": "api", "metricsUrl": "http://control-plane:3001/metrics"}', '{}', NULL, 'thing-cp-01', NULL, NULL, NULL, NULL, '{}');
INSERT INTO public.thing (id, type, name, version, address, enrolled_by, auth_type, conn_protocol, status, enrolled_at, last_seen_at, updated_at, desired, reported, desired_ver, reported_ver, metadata, reported_outcomes, process_started_at, physical_id, hostname, primary_ip, os, os_version, tags) VALUES ('agent-dev-revoked-01', 'agent', 'mac-hr-07.corp.local', '0.9.0', NULL, 'seed-script', 'mtls', 'websocket', 'revoked', '2026-02-09 16:43:48.882+00', '2026-05-09 16:43:48.882+00', '2026-05-15 10:38:31.364+00', '{"auth": {}, "diag_mode": null, "log_level": {"level": "info"}, "exemptions": null, "killswitch": {"engaged": false}, "hooks": null, "policy_rules": {}, "observability": {"enabled": false, "endpoint": "", "serviceName": "agent", "samplingRate": 1.0}, "agent_settings": {"logLevel": "debug", "quitAllowed": true, "auditBatchSize": 100, "shutdownWarning": {"en": "Closing Nexus Agent will stop AI traffic monitoring on this device. Your IT team will be notified. Are you sure?", "es": "Cerrar Nexus Agent detendrá la supervisión de tráfico de IA en este dispositivo. Se notificará a su equipo de TI. ¿Está seguro?", "zh": "关闭 Nexus Agent 将停止本设备上的 AI 流量监控。您的 IT 团队会收到通知。确定要关闭吗？"}, "autoUpdateChannel": "stable", "autoUpdateEnabled": true, "trafficUploadLevel": "processed", "heartbeatIntervalSec": 60, "auditDrainIntervalSec": 30, "configSyncIntervalSec": 300, "shutdownWarningEnabled": true, "shutdownWarningMessage": "", "forceQUICFallbackBundles": ["com.google.Chrome", "com.google.Chrome.canary", "com.microsoft.edgemac", "com.brave.Browser", "company.thebrowser.Browser", "org.mozilla.firefox", "com.vivaldi.Vivaldi", "com.apple.Safari"]}, "payload_capture": {"enabled": false}, "timing_intervals": {"heartbeatIntervalSec": 0, "auditDrainIntervalSec": 0}, "interception_domains": {}, "streaming_compliance": null}', '{}', 2666, 19, 'null', '{}', NULL, NULL, 'mac-hr-07.corp.local', NULL, 'darwin', '13.6.4', '{}');
INSERT INTO public.thing (id, type, name, version, address, enrolled_by, auth_type, conn_protocol, status, enrolled_at, last_seen_at, updated_at, desired, reported, desired_ver, reported_ver, metadata, reported_outcomes, process_started_at, physical_id, hostname, primary_ip, os, os_version, tags) VALUES ('agent-8f73f88d0f3d1a77', 'agent', 'agent-8f73f88d0f3d1a77', '20260515-gemini-decode+63c38dba host=1778850837 ext_disk=1778850837 ext_live=1778850837', '', '', 'bearer', 'http', 'offline', '2026-05-15 14:15:36.135+00', '2026-05-15 15:39:37.434+00', '2026-05-15 15:39:37.434+00', '{"auth": {}, "diag_mode": null, "log_level": {"level": "info"}, "exemptions": null, "killswitch": {"engaged": false}, "hooks": null, "policy_rules": {}, "observability": {"enabled": false, "endpoint": "", "serviceName": "agent", "samplingRate": 1}, "agent_settings": {"logLevel": "debug", "quitAllowed": true, "auditBatchSize": 100, "shutdownWarning": {"en": "Closing Nexus Agent will stop AI traffic monitoring on this device. Your IT team will be notified. Are you sure?", "es": "Cerrar Nexus Agent detendrá la supervisión de tráfico de IA en este dispositivo. Se notificará a su equipo de TI. ¿Está seguro?", "zh": "关闭 Nexus Agent 将停止本设备上的 AI 流量监控。您的 IT 团队会收到通知。确定要关闭吗？"}, "autoUpdateChannel": "stable", "autoUpdateEnabled": true, "trafficUploadLevel": "processed", "heartbeatIntervalSec": 60, "auditDrainIntervalSec": 30, "configSyncIntervalSec": 300, "shutdownWarningEnabled": true, "shutdownWarningMessage": "", "forceQUICFallbackBundles": ["com.google.Chrome", "com.google.Chrome.canary", "com.microsoft.edgemac", "com.brave.Browser", "company.thebrowser.Browser", "org.mozilla.firefox", "com.vivaldi.Vivaldi", "com.apple.Safari"]}, "payload_capture": {"enabled": false}, "timing_intervals": {"heartbeatIntervalSec": 0, "auditDrainIntervalSec": 0}, "interception_domains": {}, "streaming_compliance": null}', '{"log_level": {"level": "info"}, "exemptions": null, "killswitch": {"engaged": false}, "hooks": null, "policy_rules": {}, "observability": {"enabled": false, "endpoint": "", "serviceName": "agent", "samplingRate": 1}, "agent_settings": {"logLevel": "debug", "quitAllowed": true, "auditBatchSize": 100, "shutdownWarning": {"en": "Closing Nexus Agent will stop AI traffic monitoring on this device. Your IT team will be notified. Are you sure?", "es": "Cerrar Nexus Agent detendrá la supervisión de tráfico de IA en este dispositivo. Se notificará a su equipo de TI. ¿Está seguro?", "zh": "关闭 Nexus Agent 将停止本设备上的 AI 流量监控。您的 IT 团队会收到通知。确定要关闭吗？"}, "autoUpdateChannel": "stable", "autoUpdateEnabled": true, "trafficUploadLevel": "processed", "heartbeatIntervalSec": 60, "auditDrainIntervalSec": 30, "configSyncIntervalSec": 300, "shutdownWarningEnabled": true, "shutdownWarningMessage": "", "forceQUICFallbackBundles": ["com.google.Chrome", "com.google.Chrome.canary", "com.microsoft.edgemac", "com.brave.Browser", "company.thebrowser.Browser", "org.mozilla.firefox", "com.vivaldi.Vivaldi", "com.apple.Safari"]}, "payload_capture": {"enabled": false}, "timing_intervals": {"heartbeatIntervalSec": 0, "auditDrainIntervalSec": 0}, "interception_domains": {}, "streaming_compliance": null}', 9, 9, '{"staticInfo": {"os": "darwin", "osName": "macOS", "buildSha": "", "cpuCores": 16, "cpuModel": "Apple M4 Max", "hostname": "EaverdeMacBook-Pro.local", "buildTime": "", "machineId": "00000000-0000-0000-0000-000000000000", "modelName": "Mac16,5", "osVersion": "26.5", "primaryIp": "10.0.0.26", "startTime": "2026-05-15T14:16:39Z", "totalMemMB": 49152, "serialNumber": "0000000000", "kernelVersion": "25.5.0", "totalRamBytes": 51539607552, "serviceVersion": "nexus-agent/20260515-gemini-decode+63c38dba", "deviceFingerprint": "00000000000000000000000000000000", "configVersionApplied": 0}, "deviceTokenHash": "0000000000000000000000000000000000000000000000000000000000000000"}', '{}', '2026-05-15 15:38:22.428+00', '0a75a93520c6a0e9cec84770ab8916d0', 'EaverdeMacBook-Pro.local', NULL, 'darwin', '26.5', '{}');
INSERT INTO public.thing (id, type, name, version, address, enrolled_by, auth_type, conn_protocol, status, enrolled_at, last_seen_at, updated_at, desired, reported, desired_ver, reported_ver, metadata, reported_outcomes, process_started_at, physical_id, hostname, primary_ip, os, os_version, tags) VALUES ('agent-ae7ad926d0181931', 'agent', '', '20260512-cursor+c17008dd', '', '', 'bearer', 'http', 'offline', '2026-05-12 03:32:17.74+00', '2026-05-12 03:32:17.74+00', '2026-05-15 10:38:31.364+00', '{"auth": {}, "diag_mode": null, "log_level": {"level": "info"}, "exemptions": null, "killswitch": {"engaged": false}, "hooks": null, "policy_rules": {}, "observability": {"enabled": false, "endpoint": "", "serviceName": "agent", "samplingRate": 1.0}, "agent_settings": {"logLevel": "debug", "quitAllowed": true, "auditBatchSize": 100, "shutdownWarning": {"en": "Closing Nexus Agent will stop AI traffic monitoring on this device. Your IT team will be notified. Are you sure?", "es": "Cerrar Nexus Agent detendrá la supervisión de tráfico de IA en este dispositivo. Se notificará a su equipo de TI. ¿Está seguro?", "zh": "关闭 Nexus Agent 将停止本设备上的 AI 流量监控。您的 IT 团队会收到通知。确定要关闭吗？"}, "autoUpdateChannel": "stable", "autoUpdateEnabled": true, "trafficUploadLevel": "processed", "heartbeatIntervalSec": 60, "auditDrainIntervalSec": 30, "configSyncIntervalSec": 300, "shutdownWarningEnabled": true, "shutdownWarningMessage": "", "forceQUICFallbackBundles": ["com.google.Chrome", "com.google.Chrome.canary", "com.microsoft.edgemac", "com.brave.Browser", "company.thebrowser.Browser", "org.mozilla.firefox", "com.vivaldi.Vivaldi", "com.apple.Safari"]}, "payload_capture": {"enabled": false}, "timing_intervals": {"heartbeatIntervalSec": 0, "auditDrainIntervalSec": 0}, "interception_domains": {}, "streaming_compliance": null}', '{}', 2666, 0, '{"deviceTokenHash": "0000000000000000000000000000000000000000000000000000000000000000"}', '{}', NULL, NULL, 'Mac.dlinkrouter.local', NULL, 'darwin', '26.3.1', '{}');
INSERT INTO public.thing (id, type, name, version, address, enrolled_by, auth_type, conn_protocol, status, enrolled_at, last_seen_at, updated_at, desired, reported, desired_ver, reported_ver, metadata, reported_outcomes, process_started_at, physical_id, hostname, primary_ip, os, os_version, tags) VALUES ('agent-1da415335eb22aae', 'agent', 'agent-1da415335eb22aae', '20260516+cc4927c8 host=1778867166 ext_disk=1778867166 ext_live=1778867166', '', '', 'bearer', 'http', 'offline', '2026-05-13 18:16:16.922+00', '2026-05-15 18:06:54.846+00', '2026-05-15 18:06:54.846+00', '{"auth": {}, "diag_mode": null, "log_level": {"level": "info"}, "exemptions": null, "killswitch": {"engaged": false}, "hooks": null, "policy_rules": {}, "observability": {"enabled": false, "endpoint": "", "serviceName": "agent", "samplingRate": 1}, "agent_settings": {"logLevel": "debug", "quitAllowed": true, "auditBatchSize": 100, "shutdownWarning": {"en": "Closing Nexus Agent will stop AI traffic monitoring on this device. Your IT team will be notified. Are you sure?", "es": "Cerrar Nexus Agent detendrá la supervisión de tráfico de IA en este dispositivo. Se notificará a su equipo de TI. ¿Está seguro?", "zh": "关闭 Nexus Agent 将停止本设备上的 AI 流量监控。您的 IT 团队会收到通知。确定要关闭吗？"}, "autoUpdateChannel": "stable", "autoUpdateEnabled": true, "trafficUploadLevel": "processed", "heartbeatIntervalSec": 60, "auditDrainIntervalSec": 30, "configSyncIntervalSec": 300, "shutdownWarningEnabled": true, "shutdownWarningMessage": "", "forceQUICFallbackBundles": ["com.google.Chrome", "com.google.Chrome.canary", "com.microsoft.edgemac", "com.brave.Browser", "company.thebrowser.Browser", "org.mozilla.firefox", "com.vivaldi.Vivaldi", "com.apple.Safari"]}, "payload_capture": {"enabled": false}, "timing_intervals": {"heartbeatIntervalSec": 0, "auditDrainIntervalSec": 0}, "interception_domains": {}, "streaming_compliance": null}', '{"log_level": {"level": "info"}, "exemptions": null, "killswitch": {"engaged": false}, "hooks": null, "policy_rules": {}, "observability": {"enabled": false, "endpoint": "", "serviceName": "agent", "samplingRate": 1}, "agent_settings": {"logLevel": "debug", "quitAllowed": true, "auditBatchSize": 100, "shutdownWarning": {"en": "Closing Nexus Agent will stop AI traffic monitoring on this device. Your IT team will be notified. Are you sure?", "es": "Cerrar Nexus Agent detendrá la supervisión de tráfico de IA en este dispositivo. Se notificará a su equipo de TI. ¿Está seguro?", "zh": "关闭 Nexus Agent 将停止本设备上的 AI 流量监控。您的 IT 团队会收到通知。确定要关闭吗？"}, "autoUpdateChannel": "stable", "autoUpdateEnabled": true, "trafficUploadLevel": "processed", "heartbeatIntervalSec": 60, "auditDrainIntervalSec": 30, "configSyncIntervalSec": 300, "shutdownWarningEnabled": true, "shutdownWarningMessage": "", "forceQUICFallbackBundles": ["com.google.Chrome", "com.google.Chrome.canary", "com.microsoft.edgemac", "com.brave.Browser", "company.thebrowser.Browser", "org.mozilla.firefox", "com.vivaldi.Vivaldi", "com.apple.Safari"]}, "payload_capture": {"enabled": false}, "timing_intervals": {"heartbeatIntervalSec": 0, "auditDrainIntervalSec": 0}, "interception_domains": {}, "streaming_compliance": null}', 2666, 2666, '{"staticInfo": {"os": "darwin", "osName": "macOS", "buildSha": "", "cpuCores": 12, "cpuModel": "Apple M3 Pro", "hostname": "nexus-maintainerdeMacBook-Pro.local", "buildTime": "", "machineId": "00000000-0000-0000-0000-000000000000", "modelName": "Mac15,7", "osVersion": "26.3.1", "primaryIp": "10.0.0.25", "startTime": "2026-05-15T17:59:58Z", "totalMemMB": 36864, "serialNumber": "0000000000", "kernelVersion": "25.3.0", "totalRamBytes": 38654705664, "serviceVersion": "nexus-agent/20260516+cc4927c8", "deviceFingerprint": "00000000000000000000000000000000", "configVersionApplied": 0}, "deviceTokenHash": "0000000000000000000000000000000000000000000000000000000000000000"}', '{"log_level": {"appliedAt": "2026-05-15T18:00:03.242703Z", "appliedVersion": 2666}, "exemptions": {"appliedAt": "2026-05-15T18:00:03.242698Z", "appliedVersion": 2666}, "killswitch": {"appliedAt": "2026-05-15T18:00:03.242728Z", "appliedVersion": 2666}, "hooks": {"appliedAt": "2026-05-15T18:00:03.242701Z", "appliedVersion": 2666}, "policy_rules": {"appliedAt": "2026-05-15T18:00:03.242704Z", "appliedVersion": 2666}, "observability": {"appliedAt": "2026-05-15T18:00:03.242694Z", "appliedVersion": 2666}, "agent_settings": {"appliedAt": "2026-05-15T18:00:03.242706Z", "appliedVersion": 2666}, "payload_capture": {"appliedAt": "2026-05-15T18:00:03.242729Z", "appliedVersion": 2666}, "timing_intervals": {"appliedAt": "2026-05-15T18:00:03.2427Z", "appliedVersion": 2666}, "interception_domains": {"appliedAt": "2026-05-15T18:00:03.242702Z", "appliedVersion": 2666}, "streaming_compliance": {"appliedAt": "2026-05-15T18:00:03.242697Z", "appliedVersion": 2666}}', '2026-05-15 17:59:58.46+00', '30e895b22c515478ddfd955b48e957b8', 'nexus-maintainerdeMacBook-Pro.local', '10.0.0.25', 'darwin', '26.3.1', '{}');
INSERT INTO public.thing (id, type, name, version, address, enrolled_by, auth_type, conn_protocol, status, enrolled_at, last_seen_at, updated_at, desired, reported, desired_ver, reported_ver, metadata, reported_outcomes, process_started_at, physical_id, hostname, primary_ip, os, os_version, tags) VALUES ('agent-626250bbde478a1d', 'agent', 'agent-626250bbde478a1d', '20260515-build21-mitm-debug+0398577a host=1778830454 ext_disk=1778830454 ext_live=1778830454', '', '', 'bearer', 'http', 'offline', '2026-05-15 08:30:25.761+00', '2026-05-15 09:39:03.848+00', '2026-05-15 10:38:31.364+00', '{"auth": {}, "diag_mode": null, "log_level": {"level": "info"}, "exemptions": null, "killswitch": {"engaged": false}, "hooks": null, "policy_rules": {}, "observability": {"enabled": false, "endpoint": "", "serviceName": "agent", "samplingRate": 1}, "agent_settings": {"logLevel": "debug", "quitAllowed": true, "auditBatchSize": 100, "shutdownWarning": {"en": "Closing Nexus Agent will stop AI traffic monitoring on this device. Your IT team will be notified. Are you sure?", "es": "Cerrar Nexus Agent detendrá la supervisión de tráfico de IA en este dispositivo. Se notificará a su equipo de TI. ¿Está seguro?", "zh": "关闭 Nexus Agent 将停止本设备上的 AI 流量监控。您的 IT 团队会收到通知。确定要关闭吗？"}, "autoUpdateChannel": "stable", "autoUpdateEnabled": true, "trafficUploadLevel": "processed", "heartbeatIntervalSec": 60, "auditDrainIntervalSec": 30, "configSyncIntervalSec": 300, "shutdownWarningEnabled": true, "shutdownWarningMessage": "", "forceQUICFallbackBundles": ["com.google.Chrome", "com.google.Chrome.canary", "com.microsoft.edgemac", "com.brave.Browser", "company.thebrowser.Browser", "org.mozilla.firefox", "com.vivaldi.Vivaldi", "com.apple.Safari"]}, "payload_capture": {"enabled": false}, "timing_intervals": {"heartbeatIntervalSec": 0, "auditDrainIntervalSec": 0}, "interception_domains": {}, "streaming_compliance": null}', '{"log_level": {"level": "info"}, "exemptions": null, "killswitch": {"engaged": false}, "hooks": null, "policy_rules": {}, "observability": {"enabled": false, "endpoint": "", "serviceName": "agent", "samplingRate": 1}, "agent_settings": {"logLevel": "debug", "quitAllowed": true, "auditBatchSize": 100, "shutdownWarning": {"en": "Closing Nexus Agent will stop AI traffic monitoring on this device. Your IT team will be notified. Are you sure?", "es": "Cerrar Nexus Agent detendrá la supervisión de tráfico de IA en este dispositivo. Se notificará a su equipo de TI. ¿Está seguro?", "zh": "关闭 Nexus Agent 将停止本设备上的 AI 流量监控。您的 IT 团队会收到通知。确定要关闭吗？"}, "autoUpdateChannel": "stable", "autoUpdateEnabled": true, "trafficUploadLevel": "processed", "heartbeatIntervalSec": 60, "auditDrainIntervalSec": 30, "configSyncIntervalSec": 300, "shutdownWarningEnabled": true, "shutdownWarningMessage": "", "forceQUICFallbackBundles": ["com.google.Chrome", "com.google.Chrome.canary", "com.microsoft.edgemac", "com.brave.Browser", "company.thebrowser.Browser", "org.mozilla.firefox", "com.vivaldi.Vivaldi", "com.apple.Safari"]}, "payload_capture": {"enabled": false}, "timing_intervals": {"heartbeatIntervalSec": 0, "auditDrainIntervalSec": 0}, "interception_domains": {}}', 2666, 7, '{"staticInfo": {"os": "darwin", "osName": "macOS", "buildSha": "", "cpuCores": 10, "cpuModel": "Apple M2 Pro", "hostname": "ITECH-As-Mini.dlinkrouter.local", "buildTime": "", "machineId": "00000000-0000-0000-0000-000000000000", "modelName": "Mac14,12", "osVersion": "26.0", "primaryIp": "10.0.0.23", "startTime": "2026-05-15T08:32:16Z", "totalMemMB": 16384, "serialNumber": "0000000000", "kernelVersion": "25.0.0", "totalRamBytes": 17179869184, "serviceVersion": "nexus-agent/20260515-build21-mitm-debug+0398577a", "deviceFingerprint": "00000000000000000000000000000000", "configVersionApplied": 0}, "deviceTokenHash": "0000000000000000000000000000000000000000000000000000000000000000"}', '{}', '2026-05-15 09:31:55.051+00', '2470bc136767fdd890763231fb1c05fd', 'ITECH-As-Mini.dlinkrouter.local', NULL, 'darwin', '26.0', '{}');
INSERT INTO public.thing (id, type, name, version, address, enrolled_by, auth_type, conn_protocol, status, enrolled_at, last_seen_at, updated_at, desired, reported, desired_ver, reported_ver, metadata, reported_outcomes, process_started_at, physical_id, hostname, primary_ip, os, os_version, tags) VALUES ('hub-prod', 'nexus-hub', 'nexus-node-1', 'prod-20260516@7d3c8160', '127.0.0.1:3060', 'system', 'bearer', 'http', 'online', '2026-05-10 16:45:22.843+00', '2026-05-16 10:12:08.079+00', '2026-05-16 10:12:08.079+00', '{"log_level": {"level": "info"}, "observability": {"enabled": false, "endpoint": "", "serviceName": "nexus-hub", "samplingRate": 1.0}}', '{"log_level": {"level": "info"}, "observability": {"enabled": false, "endpoint": "", "serviceName": "nexus-hub", "samplingRate": 1}}', 2, 2, '{"pid": 848873, "role": "scheduler", "hostname": "nexus-node-1", "metricsUrl": "http://127.0.0.1:3060/metrics", "staticInfo": {"os": "linux", "osName": "Linux", "buildSha": "", "cpuCores": 4, "cpuModel": "Intel(R) Xeon(R) Platinum 8275CL CPU @ 3.00GHz", "hostname": "nexus-node-1", "buildTime": "", "machineId": "00000000000000000000000000000000", "modelName": "c5.xlarge", "osVersion": "Amazon Linux 2023.11.20260505", "primaryIp": "10.0.0.10", "publicUrl": "https://hub.nexus.ai", "startTime": "2026-05-16T02:48:53Z", "totalMemMB": 7739, "kernelVersion": "6.1.168-203.330.amzn2023.x86_64", "totalRamBytes": 8115015680, "serviceVersion": "nexus-hub/prod-20260516@7d3c8160", "deviceFingerprint": "00000000000000000000000000000000", "configVersionApplied": 0}, "schedulerEnabled": true}', '{"log_level": {"appliedAt": "2026-05-16T02:48:53.092526427Z", "appliedVersion": 2}, "observability": {"appliedAt": "2026-05-16T02:48:53.092167209Z", "appliedVersion": 2}}', '2026-05-16 02:48:53.076+00', 'hub-prod', 'nexus-node-1', '10.0.0.10', 'linux', 'Amazon Linux 2023.11.20260505', '{}');
INSERT INTO public.thing (id, type, name, version, address, enrolled_by, auth_type, conn_protocol, status, enrolled_at, last_seen_at, updated_at, desired, reported, desired_ver, reported_ver, metadata, reported_outcomes, process_started_at, physical_id, hostname, primary_ip, os, os_version, tags) VALUES ('gw-nexus-node-1-3050', 'ai-gateway', 'gw-nexus-node-1-3050', 'prod-20260516@19c63a8be', ':3050', '', 'bearer', 'http', 'online', '2026-05-10 16:49:53.913+00', '2026-05-16 10:12:12.38+00', '2026-05-16 10:12:12.38+00', '{"models": {}, "log_level": {"level": "debug"}, "providers": {}, "credentials": null, "hooks": null, "cache": {"global": {"normaliser_enabled": true, "cache_master_kill_switch": false}, "adapters": {"glm": {"rules": {"glm-field-order-normalize": {"enabled": true}}}, "gemini": {"ttl_seconds": 3600, "cache_enabled": true, "min_system_chars": 4096, "circuit_breaker_open_secs": 300, "circuit_breaker_threshold": 5}, "openai": {"rules": {"openai-field-order-normalize": {"enabled": true}}}, "vertex": {"ttl_seconds": 3600, "cache_enabled": false, "min_system_chars": 4096, "circuit_breaker_open_secs": 300, "circuit_breaker_threshold": 5}, "bedrock": {"rules": {"bedrock-claude-cch-strip": {"enabled": false}}, "marker_inject_enabled": true, "marker_boundary3_enabled": true}, "deepseek": {"rules": {"deepseek-field-order-normalize": {"enabled": true}}}, "moonshot": {"rules": {"moonshot-field-order-normalize": {"enabled": true}}}, "anthropic": {"rules": {"claude-code-cch-strip": {"enabled": false}}, "marker_inject_enabled": true, "marker_boundary3_enabled": true}, "azure-openai": {"rules": {"azure-openai-field-order-normalize": {"enabled": true}}}}, "providers": {"dee77e2b-fbe8-4281-9d87-cd8886f90450": {}}}, "virtual_keys": {"op": "invalidate", "ids": ["a807c8f4f73c27a33c85a858bc49a1d05854075170940fb5a4c82294613425d5"]}, "observability": {"log_level": "info", "metrics_enabled": true, "prometheus_path": "/metrics", "tracing_enabled": false}, "organizations": {}, "routing_rules": null, "ai_guard": {}, "quota_policies": {}, "payload_capture": {"enabled": false}, "quota_overrides": {}, "streaming_compliance": null, "credential_reliability": {}, "gateway_passthrough": {"global": {"reason": "reconcile verify run — should be auto-flipped within 60s", "enabled": false, "bypassCache": true, "bypassHooks": true, "bypassNormalize": true}, "adapters": {}, "providers": {}}}', '{"models": {}, "log_level": {"level": "debug"}, "providers": {}, "credentials": null, "hooks": null, "cache": {"global": {"normaliser_enabled": true, "cache_master_kill_switch": false}, "adapters": {"glm": {"rules": {"glm-field-order-normalize": {"enabled": true}}}, "gemini": {"ttl_seconds": 3600, "cache_enabled": true, "min_system_chars": 4096, "circuit_breaker_open_secs": 300, "circuit_breaker_threshold": 5}, "openai": {"rules": {"openai-field-order-normalize": {"enabled": true}}}, "vertex": {"ttl_seconds": 3600, "cache_enabled": false, "min_system_chars": 4096, "circuit_breaker_open_secs": 300, "circuit_breaker_threshold": 5}, "bedrock": {"rules": {"bedrock-claude-cch-strip": {"enabled": false}}, "marker_inject_enabled": true, "marker_boundary3_enabled": true}, "deepseek": {"rules": {"deepseek-field-order-normalize": {"enabled": true}}}, "moonshot": {"rules": {"moonshot-field-order-normalize": {"enabled": true}}}, "anthropic": {"rules": {"claude-code-cch-strip": {"enabled": false}}, "marker_inject_enabled": true, "marker_boundary3_enabled": true}, "azure-openai": {"rules": {"azure-openai-field-order-normalize": {"enabled": true}}}}, "providers": {"dee77e2b-fbe8-4281-9d87-cd8886f90450": {}}}, "virtual_keys": {"op": "invalidate", "ids": ["a807c8f4f73c27a33c85a858bc49a1d05854075170940fb5a4c82294613425d5"]}, "observability": {"log_level": "info", "metrics_enabled": true, "prometheus_path": "/metrics", "tracing_enabled": false}, "organizations": {}, "routing_rules": null, "ai_guard": {}, "quota_policies": {}, "payload_capture": {"enabled": false}, "quota_overrides": {}, "streaming_compliance": null, "credential_reliability": {}, "gateway_passthrough": {"global": {"reason": "reconcile verify run — should be auto-flipped within 60s", "enabled": false, "bypassCache": true, "bypassHooks": true, "bypassNormalize": true}, "adapters": {}, "providers": {}}}', 96, 96, '{"staticInfo": {"os": "linux", "osName": "Linux", "buildSha": "", "cpuCores": 4, "cpuModel": "Intel(R) Xeon(R) Platinum 8275CL CPU @ 3.00GHz", "hostname": "nexus-node-1", "buildTime": "", "machineId": "00000000000000000000000000000000", "modelName": "c5.xlarge", "osVersion": "Amazon Linux 2023.11.20260505", "primaryIp": "10.0.0.10", "publicUrl": "https://api.nexus.ai", "startTime": "2026-05-16T09:50:42Z", "totalMemMB": 7739, "kernelVersion": "6.1.168-203.330.amzn2023.x86_64", "totalRamBytes": 8115015680, "serviceVersion": "ai-gateway/0.1.0", "deviceFingerprint": "00000000000000000000000000000000", "configVersionApplied": 0}}', '{"models": {"appliedAt": "2026-05-16T09:50:42.38322149Z", "appliedVersion": 96}, "log_level": {"appliedAt": "2026-05-16T09:50:42.38263959Z", "appliedVersion": 96}, "providers": {"appliedAt": "2026-05-16T09:50:42.384154439Z", "appliedVersion": 96}, "credentials": {"appliedAt": "2026-05-16T09:50:42.380284687Z", "appliedVersion": 96}, "hooks": {"appliedAt": "2026-05-16T09:50:42.381971228Z", "appliedVersion": 96}, "cache": {"appliedAt": "2026-05-16T09:50:42.382517453Z", "appliedVersion": 96}, "virtual_keys": {"appliedAt": "2026-05-16T09:50:42.382326396Z", "appliedVersion": 96}, "observability": {"appliedAt": "2026-05-16T09:50:42.382131678Z", "appliedVersion": 96}, "organizations": {"appliedAt": "2026-05-16T09:50:42.383889465Z", "appliedVersion": 96}, "routing_rules": {"appliedAt": "2026-05-16T09:50:42.383509879Z", "appliedVersion": 96}, "ai_guard": {"appliedAt": "2026-05-16T09:50:42.383527896Z", "appliedVersion": 96}, "quota_policies": {"appliedAt": "2026-05-16T09:50:42.38438584Z", "appliedVersion": 96}, "payload_capture": {"appliedAt": "2026-05-16T09:50:42.38227359Z", "appliedVersion": 96}, "quota_overrides": {"appliedAt": "2026-05-16T09:50:42.383488613Z", "appliedVersion": 96}, "streaming_compliance": {"appliedAt": "2026-05-16T09:50:42.382298183Z", "appliedVersion": 96}, "credential_reliability": {"appliedAt": "2026-05-16T09:50:42.379619335Z", "appliedVersion": 96}, "gateway_passthrough": {"appliedAt": "2026-05-16T09:50:42.382599487Z", "appliedVersion": 96}}', '2026-05-16 09:50:42.372+00', 'gw-nexus-node-1-3050', 'nexus-node-1', '10.0.0.10', 'linux', 'Amazon Linux 2023.11.20260505', '{}');
INSERT INTO public.thing (id, type, name, version, address, enrolled_by, auth_type, conn_protocol, status, enrolled_at, last_seen_at, updated_at, desired, reported, desired_ver, reported_ver, metadata, reported_outcomes, process_started_at, physical_id, hostname, primary_ip, os, os_version, tags) VALUES ('thing-gw-01', 'ai-gateway', 'ai-gateway-01', '2.1.0', 'http://ai-gateway:3050', 'seed-script', 'bearer', 'http', 'offline', '2026-04-10 16:45:22.898+00', '2026-05-10 16:45:22.898+00', '2026-05-15 17:40:20.56+00', '{"models": {}, "log_level": {"level": "info"}, "providers": {}, "credentials": null, "hooks": null, "cache": {"global": {"normaliser_enabled": true, "cache_master_kill_switch": false}, "adapters": {"glm": {"rules": {"glm-field-order-normalize": {"enabled": true}}}, "gemini": {"ttl_seconds": 3600, "cache_enabled": true, "min_system_chars": 4096, "circuit_breaker_open_secs": 300, "circuit_breaker_threshold": 5}, "openai": {"rules": {"openai-field-order-normalize": {"enabled": true}}}, "vertex": {"ttl_seconds": 3600, "cache_enabled": false, "min_system_chars": 4096, "circuit_breaker_open_secs": 300, "circuit_breaker_threshold": 5}, "bedrock": {"rules": {"bedrock-claude-cch-strip": {"enabled": false}}, "marker_inject_enabled": true, "marker_boundary3_enabled": true}, "deepseek": {"rules": {"deepseek-field-order-normalize": {"enabled": true}}}, "moonshot": {"rules": {"moonshot-field-order-normalize": {"enabled": true}}}, "anthropic": {"rules": {"claude-code-cch-strip": {"enabled": false}}, "marker_inject_enabled": true, "marker_boundary3_enabled": true}, "azure-openai": {"rules": {"azure-openai-field-order-normalize": {"enabled": true}}}}, "providers": {"dee77e2b-fbe8-4281-9d87-cd8886f90450": {}}}, "virtual_keys": {"op": "invalidate", "ids": ["a807c8f4f73c27a33c85a858bc49a1d05854075170940fb5a4c82294613425d5"]}, "observability": {"enabled": false, "endpoint": "", "serviceName": "ai-gateway", "samplingRate": 1.0}, "organizations": {}, "routing_rules": null, "ai_guard": {}, "quota_policies": [{"id": "qp-global", "rpmLimit": 1000}], "payload_capture": {"enabled": false}, "quota_overrides": {}, "streaming_compliance": null, "credential_reliability": {}, "gateway_passthrough": {"global": {"reason": "reconcile verify run — should be auto-flipped within 60s", "enabled": false, "bypassCache": true, "bypassHooks": true, "bypassNormalize": true}, "adapters": {}, "providers": {}}}', '{"credentials": [{"id": "cred-openai-prod", "provider": "openai"}], "routing_rules": [{"id": "rr-default", "model": "gpt-4o", "provider": "openai"}], "quota_policies": {}}', 96, 23, '{"role": "api", "metricsUrl": "http://ai-gateway:3050/metrics"}', '{}', NULL, 'thing-gw-01', NULL, NULL, NULL, NULL, '{}');
INSERT INTO public.thing (id, type, name, version, address, enrolled_by, auth_type, conn_protocol, status, enrolled_at, last_seen_at, updated_at, desired, reported, desired_ver, reported_ver, metadata, reported_outcomes, process_started_at, physical_id, hostname, primary_ip, os, os_version, tags) VALUES ('agent-1e5377e923c56679', 'agent', '', '20260512-cursor+bed8214b', '', '', 'bearer', 'http', 'offline', '2026-05-12 06:18:27.679+00', '2026-05-12 06:23:52.895+00', '2026-05-15 10:38:31.364+00', '{"auth": {}, "diag_mode": null, "log_level": {"level": "info"}, "exemptions": null, "killswitch": {"engaged": false}, "hooks": null, "policy_rules": {}, "observability": {"enabled": false, "endpoint": "", "serviceName": "agent", "samplingRate": 1.0}, "agent_settings": {"logLevel": "debug", "quitAllowed": true, "auditBatchSize": 100, "shutdownWarning": {"en": "Closing Nexus Agent will stop AI traffic monitoring on this device. Your IT team will be notified. Are you sure?", "es": "Cerrar Nexus Agent detendrá la supervisión de tráfico de IA en este dispositivo. Se notificará a su equipo de TI. ¿Está seguro?", "zh": "关闭 Nexus Agent 将停止本设备上的 AI 流量监控。您的 IT 团队会收到通知。确定要关闭吗？"}, "autoUpdateChannel": "stable", "autoUpdateEnabled": true, "trafficUploadLevel": "processed", "heartbeatIntervalSec": 60, "auditDrainIntervalSec": 30, "configSyncIntervalSec": 300, "shutdownWarningEnabled": true, "shutdownWarningMessage": "", "forceQUICFallbackBundles": ["com.google.Chrome", "com.google.Chrome.canary", "com.microsoft.edgemac", "com.brave.Browser", "company.thebrowser.Browser", "org.mozilla.firefox", "com.vivaldi.Vivaldi", "com.apple.Safari"]}, "payload_capture": {"enabled": false}, "timing_intervals": {"heartbeatIntervalSec": 0, "auditDrainIntervalSec": 0}, "interception_domains": {}, "streaming_compliance": null}', '{}', 2666, 0, '{"staticInfo": {"os": "darwin", "buildSha": "", "cpuCores": 12, "hostname": "Mac.dlinkrouter.local", "buildTime": "", "osVersion": "26.3.1", "primaryIp": "10.0.0.21", "startTime": "2026-05-12T06:18:40Z", "kernelVersion": "25.3.0", "totalRamBytes": 38654705664, "serviceVersion": "nexus-agent/20260512-cursor+bed8214b", "configVersionApplied": 0}, "deviceTokenHash": "0000000000000000000000000000000000000000000000000000000000000000"}', '{}', NULL, NULL, 'Mac.dlinkrouter.local', '10.0.0.21', 'darwin', '26.3.1', '{}');
INSERT INTO public.thing (id, type, name, version, address, enrolled_by, auth_type, conn_protocol, status, enrolled_at, last_seen_at, updated_at, desired, reported, desired_ver, reported_ver, metadata, reported_outcomes, process_started_at, physical_id, hostname, primary_ip, os, os_version, tags) VALUES ('agent-dev-linux-01', 'agent', 'linux-ds-02.corp.local', '1.0.0', NULL, 'seed-script', 'mtls', 'websocket', 'offline', '2026-05-03 16:43:48.882+00', '2026-05-13 03:51:06.005+00', '2026-05-15 10:38:31.364+00', '{"auth": {}, "diag_mode": null, "log_level": {"level": "info"}, "exemptions": null, "killswitch": {"engaged": false}, "hooks": null, "policy_rules": {}, "observability": {"enabled": false, "endpoint": "", "serviceName": "agent", "samplingRate": 1.0}, "agent_settings": {"logLevel": "debug", "quitAllowed": true, "auditBatchSize": 100, "shutdownWarning": {"en": "Closing Nexus Agent will stop AI traffic monitoring on this device. Your IT team will be notified. Are you sure?", "es": "Cerrar Nexus Agent detendrá la supervisión de tráfico de IA en este dispositivo. Se notificará a su equipo de TI. ¿Está seguro?", "zh": "关闭 Nexus Agent 将停止本设备上的 AI 流量监控。您的 IT 团队会收到通知。确定要关闭吗？"}, "autoUpdateChannel": "stable", "autoUpdateEnabled": true, "trafficUploadLevel": "processed", "heartbeatIntervalSec": 60, "auditDrainIntervalSec": 30, "configSyncIntervalSec": 300, "shutdownWarningEnabled": true, "shutdownWarningMessage": "", "forceQUICFallbackBundles": ["com.google.Chrome", "com.google.Chrome.canary", "com.microsoft.edgemac", "com.brave.Browser", "company.thebrowser.Browser", "org.mozilla.firefox", "com.vivaldi.Vivaldi", "com.apple.Safari"]}, "payload_capture": {"enabled": false}, "timing_intervals": {"heartbeatIntervalSec": 0, "auditDrainIntervalSec": 0}, "interception_domains": {}, "streaming_compliance": null}', '{}', 2666, 19, '{"uptime": 604800, "memoryMB": 72, "cpuPercent": 8.5, "queueDepth": 3}', '{}', NULL, NULL, 'linux-ds-02.corp.local', NULL, 'linux', '6.8.0-40-generic', '{}');
INSERT INTO public.thing (id, type, name, version, address, enrolled_by, auth_type, conn_protocol, status, enrolled_at, last_seen_at, updated_at, desired, reported, desired_ver, reported_ver, metadata, reported_outcomes, process_started_at, physical_id, hostname, primary_ip, os, os_version, tags) VALUES ('cp-nexus-node-1-3001', 'control-plane', 'cp-nexus-node-1-3001', 'prod-20260516@7d3c8160', ':3001', '', 'bearer', 'http', 'online', '2026-05-10 16:49:53.962+00', '2026-05-16 10:11:58.258+00', '2026-05-16 10:11:58.258+00', '{"log_level": {"level": "info"}, "observability": {"enabled": false, "endpoint": "", "serviceName": "control-plane", "samplingRate": 1.0}}', '{"log_level": {"level": "info"}, "observability": {"enabled": false, "endpoint": "", "serviceName": "control-plane", "samplingRate": 1}}', 16, 16, '{"staticInfo": {"os": "linux", "osName": "Linux", "buildSha": "", "cpuCores": 4, "cpuModel": "Intel(R) Xeon(R) Platinum 8275CL CPU @ 3.00GHz", "hostname": "nexus-node-1", "buildTime": "", "machineId": "00000000000000000000000000000000", "modelName": "c5.xlarge", "osVersion": "Amazon Linux 2023.11.20260505", "primaryIp": "10.0.0.10", "publicUrl": "https://cp.nexus.ai", "startTime": "2026-05-16T02:48:58Z", "totalMemMB": 7739, "kernelVersion": "6.1.168-203.330.amzn2023.x86_64", "totalRamBytes": 8115015680, "serviceVersion": "control-plane/0.1.0", "deviceFingerprint": "00000000000000000000000000000000", "configVersionApplied": 0}}', '{"log_level": {"appliedAt": "2026-05-16T02:48:58.257089039Z", "appliedVersion": 16}, "observability": {"appliedAt": "2026-05-16T02:48:58.258133297Z", "appliedVersion": 16}}', '2026-05-16 02:48:58.251+00', 'cp-nexus-node-1-3001', 'nexus-node-1', '10.0.0.10', 'linux', 'Amazon Linux 2023.11.20260505', '{}');


ALTER TABLE public.thing ENABLE TRIGGER ALL;

--
-- Data for Name: AlertRule; Type: TABLE DATA; Schema: public; Owner: -
--

ALTER TABLE public."AlertRule" DISABLE TRIGGER ALL;

INSERT INTO public."AlertRule" (id, "displayName", "sourceType", "defaultSeverity", "requiresAck", enabled, params, "paramsSchema", "cooldownSec", "createdAt", "updatedAt", group_id_filter) VALUES ('thing.offline', 'Thing Offline', 'thing', 'HIGH', false, true, '{"excludeKinds": [], "offlineAfterSec": 300}', '{"type": "object", "required": ["offlineAfterSec"], "properties": {"excludeKinds": {"type": "array", "items": {"type": "string"}}, "offlineAfterSec": {"type": "integer", "minimum": 60}}}', 300, '2026-05-08 14:45:59.601+00', '2026-05-10 16:41:23.684+00', NULL);
INSERT INTO public."AlertRule" (id, "displayName", "sourceType", "defaultSeverity", "requiresAck", enabled, params, "paramsSchema", "cooldownSec", "createdAt", "updatedAt", group_id_filter) VALUES ('provider.unavailable', 'Provider Unavailable', 'provider', 'CRITICAL', true, true, '{"minDownSec": 120, "recoverySec": 60}', '{"type": "object", "required": ["minDownSec", "recoverySec"], "properties": {"minDownSec": {"type": "integer", "minimum": 30}, "recoverySec": {"type": "integer", "minimum": 30}}}', 600, '2026-05-08 14:45:59.864+00', '2026-05-10 16:41:23.928+00', NULL);
INSERT INTO public."AlertRule" (id, "displayName", "sourceType", "defaultSeverity", "requiresAck", enabled, params, "paramsSchema", "cooldownSec", "createdAt", "updatedAt", group_id_filter) VALUES ('system.channel_test', 'Channel Test (synthetic)', 'system', 'INFO', false, true, '{}', '{"type": "object"}', 0, '2026-05-08 14:46:01.111+00', '2026-05-10 16:41:24.173+00', NULL);
INSERT INTO public."AlertRule" (id, "displayName", "sourceType", "defaultSeverity", "requiresAck", enabled, params, "paramsSchema", "cooldownSec", "createdAt", "updatedAt", group_id_filter) VALUES ('hook.reject_rate', 'Hook Reject Rate', 'proxy', 'HIGH', false, true, '{"windowSec": 300, "minSamples": 20, "thresholdPct": 5}', '{"type": "object", "required": ["thresholdPct", "windowSec", "minSamples"], "properties": {"windowSec": {"type": "integer", "minimum": 60}, "minSamples": {"type": "integer", "minimum": 1}, "thresholdPct": {"type": "integer", "maximum": 100, "minimum": 1}}}', 300, '2026-05-08 14:46:01.373+00', '2026-05-10 16:41:24.413+00', NULL);
INSERT INTO public."AlertRule" (id, "displayName", "sourceType", "defaultSeverity", "requiresAck", enabled, params, "paramsSchema", "cooldownSec", "createdAt", "updatedAt", group_id_filter) VALUES ('vk.traffic_spike', 'VK Traffic Spike', 'proxy', 'CRITICAL', true, true, '{"absFloorReq": 50, "alertWindowSec": 300, "coldStartHours": 0, "spikeMultiplier": 10, "baselineWindowSec": 3600}', '{"type": "object", "required": ["spikeMultiplier", "baselineWindowSec", "alertWindowSec", "absFloorReq"], "properties": {"absFloorReq": {"type": "integer", "minimum": 1}, "alertWindowSec": {"type": "integer", "minimum": 60}, "coldStartHours": {"type": "integer", "minimum": 0}, "spikeMultiplier": {"type": "number", "minimum": 2}, "baselineWindowSec": {"type": "integer", "minimum": 300}}}', 600, '2026-05-08 14:46:02.25+00', '2026-05-10 16:41:24.703+00', NULL);
INSERT INTO public."AlertRule" (id, "displayName", "sourceType", "defaultSeverity", "requiresAck", enabled, params, "paramsSchema", "cooldownSec", "createdAt", "updatedAt", group_id_filter) VALUES ('auth.login_failure_rate', 'Login Failure Flood', 'auth', 'HIGH', false, true, '{"groupBy": "ip", "windowSec": 300, "thresholdCount": 20}', '{"type": "object", "required": ["thresholdCount", "windowSec", "groupBy"], "properties": {"groupBy": {"enum": ["ip", "email", "all"], "type": "string"}, "windowSec": {"type": "integer", "minimum": 60}, "thresholdCount": {"type": "integer", "minimum": 1}}}', 300, '2026-05-08 14:46:02.841+00', '2026-05-10 16:41:24.941+00', NULL);
INSERT INTO public."AlertRule" (id, "displayName", "sourceType", "defaultSeverity", "requiresAck", enabled, params, "paramsSchema", "cooldownSec", "createdAt", "updatedAt", group_id_filter) VALUES ('proxy.rate_limit_exceeded', 'Rate Limit Exceeded', 'proxy', 'HIGH', false, true, '{"groupBy": "vk", "windowSec": 300, "thresholdCount": 30}', '{"type": "object", "required": ["thresholdCount", "windowSec", "groupBy"], "properties": {"groupBy": {"enum": ["vk", "ip", "all"], "type": "string"}, "windowSec": {"type": "integer", "minimum": 60}, "thresholdCount": {"type": "integer", "minimum": 1}}}', 300, '2026-05-08 14:46:03.156+00', '2026-05-10 16:41:25.218+00', NULL);
INSERT INTO public."AlertRule" (id, "displayName", "sourceType", "defaultSeverity", "requiresAck", enabled, params, "paramsSchema", "cooldownSec", "createdAt", "updatedAt", group_id_filter) VALUES ('proxy.quota_runtime_exceeded', 'Quota Runtime Exceeded', 'proxy', 'HIGH', false, true, '{"windowSec": 300, "thresholdCount": 10}', '{"type": "object", "required": ["thresholdCount", "windowSec"], "properties": {"windowSec": {"type": "integer", "minimum": 60}, "thresholdCount": {"type": "integer", "minimum": 1}}}', 300, '2026-05-08 14:46:03.42+00', '2026-05-10 16:41:25.458+00', NULL);
INSERT INTO public."AlertRule" (id, "displayName", "sourceType", "defaultSeverity", "requiresAck", enabled, params, "paramsSchema", "cooldownSec", "createdAt", "updatedAt", group_id_filter) VALUES ('proxy.routing_no_match', 'Routing No-Match', 'proxy', 'MEDIUM', false, true, '{"windowSec": 600, "thresholdCount": 20}', '{"type": "object", "required": ["thresholdCount", "windowSec"], "properties": {"windowSec": {"type": "integer", "minimum": 60}, "thresholdCount": {"type": "integer", "minimum": 1}}}', 600, '2026-05-08 14:46:03.683+00', '2026-05-10 16:41:25.748+00', NULL);
INSERT INTO public."AlertRule" (id, "displayName", "sourceType", "defaultSeverity", "requiresAck", enabled, params, "paramsSchema", "cooldownSec", "createdAt", "updatedAt", group_id_filter) VALUES ('auth.invalid_key_burst', 'Invalid API Key Burst', 'auth', 'HIGH', false, true, '{"windowSec": 300, "thresholdCount": 20}', '{"type": "object", "required": ["thresholdCount", "windowSec"], "properties": {"windowSec": {"type": "integer", "minimum": 60}, "thresholdCount": {"type": "integer", "minimum": 1}}}', 300, '2026-05-08 14:46:04.167+00', '2026-05-10 16:41:26.006+00', NULL);
INSERT INTO public."AlertRule" (id, "displayName", "sourceType", "defaultSeverity", "requiresAck", enabled, params, "paramsSchema", "cooldownSec", "createdAt", "updatedAt", group_id_filter) VALUES ('provider.upstream_error', 'Upstream Provider Error Rate', 'provider', 'HIGH', false, true, '{"windowSec": 300, "minSamples": 20, "thresholdPct": 10}', '{"type": "object", "required": ["thresholdPct", "windowSec", "minSamples"], "properties": {"windowSec": {"type": "integer", "minimum": 60}, "minSamples": {"type": "integer", "minimum": 1}, "thresholdPct": {"type": "integer", "maximum": 100, "minimum": 1}}}', 300, '2026-05-08 14:46:04.439+00', '2026-05-10 16:41:26.266+00', NULL);
INSERT INTO public."AlertRule" (id, "displayName", "sourceType", "defaultSeverity", "requiresAck", enabled, params, "paramsSchema", "cooldownSec", "createdAt", "updatedAt", group_id_filter) VALUES ('quota.threshold', 'Quota Threshold Crossed', 'quota', 'HIGH', true, true, '{"thresholds": [80, 95]}', '{"type": "object", "required": ["thresholds"], "properties": {"thresholds": {"type": "array", "items": {"type": "integer", "maximum": 100, "minimum": 1}, "minItems": 1}}}', 300, '2026-05-08 14:45:56.833+00', '2026-05-10 16:41:22.074+00', NULL);
INSERT INTO public."AlertRule" (id, "displayName", "sourceType", "defaultSeverity", "requiresAck", enabled, params, "paramsSchema", "cooldownSec", "createdAt", "updatedAt", group_id_filter) VALUES ('quota.vk_expiring', 'Virtual Key Expiring', 'quota', 'MEDIUM', false, true, '{"warnDays": [30, 15, 7, 1]}', '{"type": "object", "required": ["warnDays"], "properties": {"warnDays": {"type": "array", "items": {"type": "integer", "minimum": 1}}}}', 86400, '2026-05-08 14:45:57.824+00', '2026-05-10 16:41:22.423+00', NULL);
INSERT INTO public."AlertRule" (id, "displayName", "sourceType", "defaultSeverity", "requiresAck", enabled, params, "paramsSchema", "cooldownSec", "createdAt", "updatedAt", group_id_filter) VALUES ('proxy.hook_timeout_rate', 'Proxy Hook Timeout Rate', 'proxy', 'MEDIUM', false, true, '{"windowSec": 300, "minSamples": 10, "thresholdPct": 10}', '{"type": "object", "required": ["thresholdPct", "windowSec", "minSamples"], "properties": {"windowSec": {"type": "integer", "minimum": 60}, "minSamples": {"type": "integer", "minimum": 1}, "thresholdPct": {"type": "integer", "maximum": 100, "minimum": 1}}}', 300, '2026-05-08 14:45:58.591+00', '2026-05-10 16:41:22.901+00', NULL);
INSERT INTO public."AlertRule" (id, "displayName", "sourceType", "defaultSeverity", "requiresAck", enabled, params, "paramsSchema", "cooldownSec", "createdAt", "updatedAt", group_id_filter) VALUES ('proxy.high_error_rate', 'High 5xx Error Rate', 'proxy', 'HIGH', false, true, '{"windowSec": 300, "minSamples": 10, "thresholdPct": 10}', '{"type": "object", "required": ["thresholdPct", "windowSec", "minSamples"], "properties": {"windowSec": {"type": "integer", "minimum": 60}, "minSamples": {"type": "integer", "minimum": 1}, "thresholdPct": {"type": "integer", "maximum": 100, "minimum": 1}}}', 300, '2026-05-08 14:45:58.855+00', '2026-05-10 16:41:23.14+00', NULL);
INSERT INTO public."AlertRule" (id, "displayName", "sourceType", "defaultSeverity", "requiresAck", enabled, params, "paramsSchema", "cooldownSec", "createdAt", "updatedAt", group_id_filter) VALUES ('proxy.cost_spike', 'Cost Spike', 'proxy', 'CRITICAL', true, true, '{"windowSec": 3600, "thresholdUsd": 100}', '{"type": "object", "required": ["thresholdUsd", "windowSec"], "properties": {"windowSec": {"type": "integer", "minimum": 60}, "thresholdUsd": {"type": "number", "minimum": 0.01}}}', 3600, '2026-05-08 14:45:59.338+00', '2026-05-10 16:41:23.447+00', NULL);
INSERT INTO public."AlertRule" (id, "displayName", "sourceType", "defaultSeverity", "requiresAck", enabled, params, "paramsSchema", "cooldownSec", "createdAt", "updatedAt", group_id_filter) VALUES ('model.rate_limited_responses', 'Upstream 429 Throttle', 'provider', 'MEDIUM', false, true, '{"windowSec": 300, "thresholdCount": 10}', '{"type": "object", "required": ["thresholdCount", "windowSec"], "properties": {"windowSec": {"type": "integer", "minimum": 60}, "thresholdCount": {"type": "integer", "minimum": 1}}}', 300, '2026-05-08 14:46:05.32+00', '2026-05-10 16:41:26.794+00', NULL);
INSERT INTO public."AlertRule" (id, "displayName", "sourceType", "defaultSeverity", "requiresAck", enabled, params, "paramsSchema", "cooldownSec", "createdAt", "updatedAt", group_id_filter) VALUES ('credential.auth_failures_cascade', 'Credential 401/403 Cascade', 'provider', 'HIGH', false, true, '{"windowSec": 600, "minSamples": 10, "thresholdPct": 20}', '{"type": "object", "required": ["thresholdPct", "windowSec", "minSamples"], "properties": {"windowSec": {"type": "integer", "minimum": 60}, "minSamples": {"type": "integer", "minimum": 1}, "thresholdPct": {"type": "integer", "maximum": 100, "minimum": 1}}}', 600, '2026-05-08 14:46:05.584+00', '2026-05-10 16:41:27.035+00', NULL);
INSERT INTO public."AlertRule" (id, "displayName", "sourceType", "defaultSeverity", "requiresAck", enabled, params, "paramsSchema", "cooldownSec", "createdAt", "updatedAt", group_id_filter) VALUES ('compliance.hook_execution_timeout_surge', 'Hook Execution Timeout Surge', 'proxy', 'MEDIUM', false, true, '{"windowSec": 300, "thresholdCount": 20}', '{"type": "object", "required": ["thresholdCount", "windowSec"], "properties": {"windowSec": {"type": "integer", "minimum": 60}, "thresholdCount": {"type": "integer", "minimum": 1}}}', 300, '2026-05-08 14:46:07.608+00', '2026-05-10 16:41:27.844+00', NULL);
INSERT INTO public."AlertRule" (id, "displayName", "sourceType", "defaultSeverity", "requiresAck", enabled, params, "paramsSchema", "cooldownSec", "createdAt", "updatedAt", group_id_filter) VALUES ('compliance.payload_capture_failure_rate', 'Payload Capture Truncation Rate', 'proxy', 'MEDIUM', false, true, '{"windowSec": 600, "minSamples": 20, "thresholdPct": 10}', '{"type": "object", "required": ["thresholdPct", "windowSec", "minSamples"], "properties": {"windowSec": {"type": "integer", "minimum": 60}, "minSamples": {"type": "integer", "minimum": 1}, "thresholdPct": {"type": "integer", "maximum": 100, "minimum": 1}}}', 600, '2026-05-08 14:46:08.277+00', '2026-05-10 16:41:28.095+00', NULL);
INSERT INTO public."AlertRule" (id, "displayName", "sourceType", "defaultSeverity", "requiresAck", enabled, params, "paramsSchema", "cooldownSec", "createdAt", "updatedAt", group_id_filter) VALUES ('credential.circuit_open', 'Credential Circuit Breaker Open', 'provider', 'HIGH', false, true, '{}', '{"type": "object", "properties": {}}', 300, '2026-05-13 03:39:35.537+00', '2026-05-13 03:39:35.537+00', NULL);
INSERT INTO public."AlertRule" (id, "displayName", "sourceType", "defaultSeverity", "requiresAck", enabled, params, "paramsSchema", "cooldownSec", "createdAt", "updatedAt", group_id_filter) VALUES ('credential.health_unavailable', 'Credential Unavailable', 'provider', 'HIGH', false, true, '{}', '{"type": "object", "properties": {}}', 300, '2026-05-13 03:39:35.537+00', '2026-05-13 03:39:35.537+00', NULL);
INSERT INTO public."AlertRule" (id, "displayName", "sourceType", "defaultSeverity", "requiresAck", enabled, params, "paramsSchema", "cooldownSec", "createdAt", "updatedAt", group_id_filter) VALUES ('credential.health_degraded_sustained', 'Credential Degraded (sustained)', 'provider', 'MEDIUM', false, true, '{}', '{"type": "object", "properties": {}}', 1800, '2026-05-13 03:39:35.537+00', '2026-05-13 03:39:35.537+00', NULL);
INSERT INTO public."AlertRule" (id, "displayName", "sourceType", "defaultSeverity", "requiresAck", enabled, params, "paramsSchema", "cooldownSec", "createdAt", "updatedAt", group_id_filter) VALUES ('proxy.hook_failure_rate', 'Proxy Hook Failure Rate', 'proxy', 'HIGH', false, true, '{"windowSec": 300, "minSamples": 10, "thresholdPct": 20}', '{"type": "object", "required": ["thresholdPct", "windowSec", "minSamples"], "properties": {"windowSec": {"type": "integer", "minimum": 60}, "minSamples": {"type": "integer", "minimum": 1}, "thresholdPct": {"type": "integer", "maximum": 100, "minimum": 1}}}', 300, '2026-05-08 14:45:58.327+00', '2026-05-10 16:41:22.662+00', NULL);
INSERT INTO public."AlertRule" (id, "displayName", "sourceType", "defaultSeverity", "requiresAck", enabled, params, "paramsSchema", "cooldownSec", "createdAt", "updatedAt", group_id_filter) VALUES ('provider.high_latency_percentile', 'Provider Latency p95 Spike', 'provider', 'MEDIUM', false, true, '{"absFloorMs": 1000, "minSamples": 50, "multiplier": 2, "percentile": 95, "alertWindowSec": 300, "baselineWindowSec": 3600}', '{"type": "object", "required": ["percentile", "alertWindowSec", "baselineWindowSec", "multiplier", "absFloorMs"], "properties": {"absFloorMs": {"type": "number", "minimum": 0}, "minSamples": {"type": "integer", "minimum": 1}, "multiplier": {"type": "number", "minimum": 1.1}, "percentile": {"type": "number", "maximum": 99, "minimum": 50}, "alertWindowSec": {"type": "integer", "minimum": 60}, "baselineWindowSec": {"type": "integer", "minimum": 300}}}', 600, '2026-05-08 14:46:04.703+00', '2026-05-10 16:41:26.505+00', NULL);
INSERT INTO public."AlertRule" (id, "displayName", "sourceType", "defaultSeverity", "requiresAck", enabled, params, "paramsSchema", "cooldownSec", "createdAt", "updatedAt", group_id_filter) VALUES ('vk.latency_degradation', 'VK Latency p95 Degradation', 'proxy', 'MEDIUM', false, true, '{"absFloorMs": 1000, "minSamples": 30, "multiplier": 2, "percentile": 95, "alertWindowSec": 300, "baselineWindowSec": 3600}', '{"type": "object", "required": ["percentile", "alertWindowSec", "baselineWindowSec", "multiplier", "absFloorMs"], "properties": {"absFloorMs": {"type": "number", "minimum": 0}, "minSamples": {"type": "integer", "minimum": 1}, "multiplier": {"type": "number", "minimum": 1.1}, "percentile": {"type": "number", "maximum": 99, "minimum": 50}, "alertWindowSec": {"type": "integer", "minimum": 60}, "baselineWindowSec": {"type": "integer", "minimum": 300}}}', 600, '2026-05-08 14:46:06.3+00', '2026-05-10 16:41:27.315+00', NULL);
INSERT INTO public."AlertRule" (id, "displayName", "sourceType", "defaultSeverity", "requiresAck", enabled, params, "paramsSchema", "cooldownSec", "createdAt", "updatedAt", group_id_filter) VALUES ('agent.cert_expiration_imminent', 'Agent mTLS Cert Expiring', 'thing', 'MEDIUM', false, true, '{"warnDays": [30, 14, 7, 1]}', '{"type": "object", "required": ["warnDays"], "properties": {"warnDays": {"type": "array", "items": {"type": "integer", "minimum": 1}}}}', 86400, '2026-05-08 14:46:08.541+00', '2026-05-10 16:41:28.37+00', NULL);
INSERT INTO public."AlertRule" (id, "displayName", "sourceType", "defaultSeverity", "requiresAck", enabled, params, "paramsSchema", "cooldownSec", "createdAt", "updatedAt", group_id_filter) VALUES ('credential.expiring', 'Credential Expiring', 'provider', 'MEDIUM', false, true, '{"warnDays": [14, 7, 1]}', '{"type": "object", "required": ["warnDays"], "properties": {"warnDays": {"type": "array", "items": {"type": "integer", "minimum": 1}}}}', 86400, '2026-05-10 16:41:28.609+00', '2026-05-10 16:41:28.609+00', NULL);
INSERT INTO public."AlertRule" (id, "displayName", "sourceType", "defaultSeverity", "requiresAck", enabled, params, "paramsSchema", "cooldownSec", "createdAt", "updatedAt", group_id_filter) VALUES ('vk.token_usage_spike', 'VK Token Usage Spike', 'proxy', 'MEDIUM', false, true, '{"windowSec": 3600, "thresholdTokens": 1000000}', '{"type": "object", "required": ["thresholdTokens", "windowSec"], "properties": {"windowSec": {"type": "integer", "minimum": 60}, "thresholdTokens": {"type": "integer", "minimum": 1}}}', 600, '2026-05-08 14:46:06.758+00', '2026-05-10 16:41:27.555+00', NULL);
INSERT INTO public."AlertRule" (id, "displayName", "sourceType", "defaultSeverity", "requiresAck", enabled, params, "paramsSchema", "cooldownSec", "createdAt", "updatedAt", group_id_filter) VALUES ('credential.stale_last_success', 'Credential Idle (no recent success)', 'provider', 'LOW', false, true, '{"staleAfterDays": 7}', '{"type": "object", "required": ["staleAfterDays"], "properties": {"staleAfterDays": {"type": "integer", "minimum": 1}}}', 86400, '2026-05-08 14:46:09.033+00', '2026-05-10 16:41:28.894+00', NULL);


ALTER TABLE public."AlertRule" ENABLE TRIGGER ALL;

--
-- Data for Name: Alert; Type: TABLE DATA; Schema: public; Owner: -
--

ALTER TABLE public."Alert" DISABLE TRIGGER ALL;

INSERT INTO public."Alert" (id, "ruleId", "sourceType", "targetKey", "targetLabel", severity, state, message, details, "firedAt", "lastSeenAt", "duplicateCount", "acknowledgedBy", "acknowledgedAt", "resolvedAt", "resolvedBy", "resolvedReason") VALUES ('ff5148dc-0bdf-4798-8212-af30e94a8f95', 'thing.offline', 'thing', 'thing:agent-1da415335eb22aae', 'agent-1da415335eb22aae (agent)', 'HIGH', 'RESOLVED', 'Thing "agent-1da415335eb22aae" (agent) last seen 2026-05-14T03:42:47Z', '{"name": "agent-1da415335eb22aae", "type": "agent", "thingId": "agent-1da415335eb22aae", "lastSeenAt": "2026-05-14T03:42:47Z"}', '2026-05-14 03:48:33.019+00', '2026-05-14 03:48:33.019+00', 1, NULL, NULL, '2026-05-14 03:49:33.026+00', 'system', 'back-online');
INSERT INTO public."Alert" (id, "ruleId", "sourceType", "targetKey", "targetLabel", severity, state, message, details, "firedAt", "lastSeenAt", "duplicateCount", "acknowledgedBy", "acknowledgedAt", "resolvedAt", "resolvedBy", "resolvedReason") VALUES ('9a96bc4a-ed77-4e1d-88f1-f93bfe2991c7', 'thing.offline', 'thing', 'thing:agent-1da415335eb22aae', 'agent-1da415335eb22aae (agent)', 'HIGH', 'RESOLVED', 'Thing "agent-1da415335eb22aae" (agent) last seen 2026-05-15T13:04:38Z', '{"name": "agent-1da415335eb22aae", "type": "agent", "thingId": "agent-1da415335eb22aae", "lastSeenAt": "2026-05-15T13:04:38Z"}', '2026-05-15 13:10:08.028+00', '2026-05-15 14:21:08.021+00', 72, NULL, NULL, '2026-05-15 14:22:08.028+00', 'system', 'back-online');
INSERT INTO public."Alert" (id, "ruleId", "sourceType", "targetKey", "targetLabel", severity, state, message, details, "firedAt", "lastSeenAt", "duplicateCount", "acknowledgedBy", "acknowledgedAt", "resolvedAt", "resolvedBy", "resolvedReason") VALUES ('40b34d39-567d-48a1-82e3-a2f198c382ec', 'thing.offline', 'thing', 'thing:agent-1da415335eb22aae', 'agent-1da415335eb22aae (agent)', 'HIGH', 'RESOLVED', 'Thing "agent-1da415335eb22aae" (agent) last seen 2026-05-14T19:20:56Z', '{"name": "agent-1da415335eb22aae", "type": "agent", "thingId": "agent-1da415335eb22aae", "lastSeenAt": "2026-05-14T19:20:56Z"}', '2026-05-14 19:26:20.012+00', '2026-05-14 19:42:20.011+00', 17, NULL, NULL, '2026-05-14 19:43:20.039+00', 'system', 'back-online');
INSERT INTO public."Alert" (id, "ruleId", "sourceType", "targetKey", "targetLabel", severity, state, message, details, "firedAt", "lastSeenAt", "duplicateCount", "acknowledgedBy", "acknowledgedAt", "resolvedAt", "resolvedBy", "resolvedReason") VALUES ('15473eab-c347-4d3a-8087-a8cd83a34d32', 'thing.offline', 'thing', 'thing:agent-dev-win-01', 'win-sales-03.corp.local (agent)', 'HIGH', 'FIRING', 'Thing "win-sales-03.corp.local" (agent) last seen 2026-05-08T14:39:04Z', '{"name": "win-sales-03.corp.local", "type": "agent", "thingId": "agent-dev-win-01", "lastSeenAt": "2026-05-08T14:39:04Z"}', '2026-05-08 14:49:38.005+00', '2026-05-16 10:11:53.016+00', 11155, NULL, NULL, NULL, NULL, NULL);
INSERT INTO public."Alert" (id, "ruleId", "sourceType", "targetKey", "targetLabel", severity, state, message, details, "firedAt", "lastSeenAt", "duplicateCount", "acknowledgedBy", "acknowledgedAt", "resolvedAt", "resolvedBy", "resolvedReason") VALUES ('72d77f3e-13d5-402e-a355-3122d32e421c', 'provider.unavailable', 'provider', 'provider:6b6d307f-a80b-4dcb-801b-1ffa07e25cab', 'OpenAI', 'CRITICAL', 'RESOLVED', 'Provider "OpenAI" is unavailable (error rate 33.3%)', '{"downSec": 120, "errorRate": 0.3333333333333333, "providerId": "6b6d307f-a80b-4dcb-801b-1ffa07e25cab", "displayName": "OpenAI", "lastErrorAt": "2026-05-14T17:19:00Z", "providerName": "openai"}', '2026-05-14 17:38:28.01+00', '2026-05-14 18:23:50.01+00', 34, NULL, NULL, '2026-05-14 18:25:50.009+00', 'system', 'recovered');
INSERT INTO public."Alert" (id, "ruleId", "sourceType", "targetKey", "targetLabel", severity, state, message, details, "firedAt", "lastSeenAt", "duplicateCount", "acknowledgedBy", "acknowledgedAt", "resolvedAt", "resolvedBy", "resolvedReason") VALUES ('7401d3dc-f23b-4673-8eb7-06c7fb2366ee', 'thing.offline', 'thing', 'thing:agent-1da415335eb22aae', 'agent-1da415335eb22aae (agent)', 'HIGH', 'RESOLVED', 'Thing "agent-1da415335eb22aae" (agent) last seen 2026-05-14T19:42:59Z', '{"name": "agent-1da415335eb22aae", "type": "agent", "thingId": "agent-1da415335eb22aae", "lastSeenAt": "2026-05-14T19:42:59Z"}', '2026-05-14 19:48:20.017+00', '2026-05-15 04:01:56.009+00', 494, NULL, NULL, '2026-05-15 04:02:56.028+00', 'system', 'back-online');
INSERT INTO public."Alert" (id, "ruleId", "sourceType", "targetKey", "targetLabel", severity, state, message, details, "firedAt", "lastSeenAt", "duplicateCount", "acknowledgedBy", "acknowledgedAt", "resolvedAt", "resolvedBy", "resolvedReason") VALUES ('a3b117a3-7979-48be-9084-1eb355e4955b', 'thing.offline', 'thing', 'thing:agent-desktop-3ed49bdfcbe886af', 'agent-desktop-3ed49bdfcbe886af (agent)', 'HIGH', 'RESOLVED', 'Thing "agent-desktop-3ed49bdfcbe886af" (agent) last seen 2026-05-13T17:21:30Z', '{"name": "agent-desktop-3ed49bdfcbe886af", "type": "agent", "thingId": "agent-desktop-3ed49bdfcbe886af", "lastSeenAt": "2026-05-13T17:21:30Z"}', '2026-05-13 17:27:25.009+00', '2026-05-14 04:04:33.021+00', 638, NULL, NULL, '2026-05-14 04:05:33.027+00', 'system', 'back-online');
INSERT INTO public."Alert" (id, "ruleId", "sourceType", "targetKey", "targetLabel", severity, state, message, details, "firedAt", "lastSeenAt", "duplicateCount", "acknowledgedBy", "acknowledgedAt", "resolvedAt", "resolvedBy", "resolvedReason") VALUES ('d4ddd2b1-65b6-435a-a556-1650d9c3c4eb', 'thing.offline', 'thing', 'thing:agent-dev-linux-01', 'linux-ds-02.corp.local (agent)', 'HIGH', 'RESOLVED', 'Thing "linux-ds-02.corp.local" (agent) last seen 2026-05-08T14:47:04Z', '{"name": "linux-ds-02.corp.local", "type": "agent", "thingId": "agent-dev-linux-01", "lastSeenAt": "2026-05-08T14:47:04Z"}', '2026-05-08 14:52:38.009+00', '2026-05-08 14:54:38.01+00', 3, NULL, NULL, '2026-05-08 14:55:38.01+00', 'system', 'back-online');
INSERT INTO public."Alert" (id, "ruleId", "sourceType", "targetKey", "targetLabel", severity, state, message, details, "firedAt", "lastSeenAt", "duplicateCount", "acknowledgedBy", "acknowledgedAt", "resolvedAt", "resolvedBy", "resolvedReason") VALUES ('53c5188a-d6c6-4c1d-ac98-0ec1cdb07cec', 'thing.offline', 'thing', 'thing:agent-1da415335eb22aae', 'agent-1da415335eb22aae (agent)', 'HIGH', 'RESOLVED', 'Thing "agent-1da415335eb22aae" (agent) last seen 2026-05-15T05:38:26Z', '{"name": "agent-1da415335eb22aae", "type": "agent", "thingId": "agent-1da415335eb22aae", "lastSeenAt": "2026-05-15T05:38:26Z"}', '2026-05-15 05:43:56.009+00', '2026-05-15 05:48:56.01+00', 6, NULL, NULL, '2026-05-15 05:49:56.056+00', 'system', 'back-online');
INSERT INTO public."Alert" (id, "ruleId", "sourceType", "targetKey", "targetLabel", severity, state, message, details, "firedAt", "lastSeenAt", "duplicateCount", "acknowledgedBy", "acknowledgedAt", "resolvedAt", "resolvedBy", "resolvedReason") VALUES ('8de4cf32-af12-43cb-9738-8d5660007d98', 'thing.offline', 'thing', 'thing:agent-7f6adf9e8d064d7d', 'agent-7f6adf9e8d064d7d (agent)', 'HIGH', 'RESOLVED', 'Thing "agent-7f6adf9e8d064d7d" (agent) last seen 2026-05-13T18:14:49Z', '{"name": "agent-7f6adf9e8d064d7d", "type": "agent", "thingId": "agent-7f6adf9e8d064d7d", "lastSeenAt": "2026-05-13T18:14:49Z"}', '2026-05-13 18:20:25.01+00', '2026-05-14 04:04:33.011+00', 585, NULL, NULL, '2026-05-14 04:05:33.028+00', 'system', 'back-online');
INSERT INTO public."Alert" (id, "ruleId", "sourceType", "targetKey", "targetLabel", severity, state, message, details, "firedAt", "lastSeenAt", "duplicateCount", "acknowledgedBy", "acknowledgedAt", "resolvedAt", "resolvedBy", "resolvedReason") VALUES ('028eede8-5044-4089-89ad-cf04f636418a', 'provider.unavailable', 'provider', 'provider:dee77e2b-fbe8-4281-9d87-cd8886f90450', 'Anthropic', 'CRITICAL', 'RESOLVED', 'Provider "Anthropic" is unavailable (error rate 50.0%)', '{"downSec": 179, "errorRate": 0.5, "providerId": "dee77e2b-fbe8-4281-9d87-cd8886f90450", "displayName": "Anthropic", "lastErrorAt": "2026-05-14T18:20:42Z", "providerName": "anthropic"}', '2026-05-14 18:27:50.004+00', '2026-05-14 18:28:50.007+00', 2, NULL, NULL, '2026-05-14 18:30:50.006+00', 'system', 'recovered');
INSERT INTO public."Alert" (id, "ruleId", "sourceType", "targetKey", "targetLabel", severity, state, message, details, "firedAt", "lastSeenAt", "duplicateCount", "acknowledgedBy", "acknowledgedAt", "resolvedAt", "resolvedBy", "resolvedReason") VALUES ('f81d6306-1684-47fb-844e-931cbdacaeac', 'thing.offline', 'thing', 'thing:agent-1da415335eb22aae', 'agent-1da415335eb22aae (agent)', 'HIGH', 'RESOLVED', 'Thing "agent-1da415335eb22aae" (agent) last seen 2026-05-14T03:51:11Z', '{"name": "agent-1da415335eb22aae", "type": "agent", "thingId": "agent-1da415335eb22aae", "lastSeenAt": "2026-05-14T03:51:11Z"}', '2026-05-14 03:56:33.006+00', '2026-05-14 11:12:24.024+00', 427, 'nexus-user-super-admin', '2026-05-14 11:12:54.64+00', '2026-05-14 14:51:40.024+00', 'system', 'back-online');
INSERT INTO public."Alert" (id, "ruleId", "sourceType", "targetKey", "targetLabel", severity, state, message, details, "firedAt", "lastSeenAt", "duplicateCount", "acknowledgedBy", "acknowledgedAt", "resolvedAt", "resolvedBy", "resolvedReason") VALUES ('c0b24d93-8329-4077-af58-fc6144cdeea7', 'thing.offline', 'thing', 'thing:agent-9bb1fc70b46af553', 'agent-9bb1fc70b46af553 (agent)', 'HIGH', 'RESOLVED', 'Thing "agent-9bb1fc70b46af553" (agent) last seen 2026-05-13T17:29:57Z', '{"name": "agent-9bb1fc70b46af553", "type": "agent", "thingId": "agent-9bb1fc70b46af553", "lastSeenAt": "2026-05-13T17:29:57Z"}', '2026-05-13 17:35:25.009+00', '2026-05-14 04:04:33.012+00', 630, NULL, NULL, '2026-05-14 04:05:33.03+00', 'system', 'back-online');
INSERT INTO public."Alert" (id, "ruleId", "sourceType", "targetKey", "targetLabel", severity, state, message, details, "firedAt", "lastSeenAt", "duplicateCount", "acknowledgedBy", "acknowledgedAt", "resolvedAt", "resolvedBy", "resolvedReason") VALUES ('3a441715-513a-450c-b5f2-d90c6ec99e39', 'thing.offline', 'thing', 'thing:agent-1da415335eb22aae', 'agent-1da415335eb22aae (agent)', 'HIGH', 'RESOLVED', 'Thing "agent-1da415335eb22aae" (agent) last seen 2026-05-14T16:48:55Z', '{"name": "agent-1da415335eb22aae", "type": "agent", "thingId": "agent-1da415335eb22aae", "lastSeenAt": "2026-05-14T16:48:55Z"}', '2026-05-14 16:54:17.011+00', '2026-05-14 16:57:17.014+00', 4, NULL, NULL, '2026-05-14 16:58:17.041+00', 'system', 'back-online');
INSERT INTO public."Alert" (id, "ruleId", "sourceType", "targetKey", "targetLabel", severity, state, message, details, "firedAt", "lastSeenAt", "duplicateCount", "acknowledgedBy", "acknowledgedAt", "resolvedAt", "resolvedBy", "resolvedReason") VALUES ('37311a44-36da-4544-837c-01fc3284aad3', 'thing.offline', 'thing', 'thing:agent-1da415335eb22aae', 'agent-1da415335eb22aae (agent)', 'HIGH', 'RESOLVED', 'Thing "agent-1da415335eb22aae" (agent) last seen 2026-05-14T03:51:11Z', '{"name": "agent-1da415335eb22aae", "type": "agent", "thingId": "agent-1da415335eb22aae", "lastSeenAt": "2026-05-14T03:51:11Z"}', '2026-05-14 11:13:24.021+00', '2026-05-14 14:50:40.025+00', 214, NULL, NULL, '2026-05-14 14:51:40.024+00', 'system', 'back-online');
INSERT INTO public."Alert" (id, "ruleId", "sourceType", "targetKey", "targetLabel", severity, state, message, details, "firedAt", "lastSeenAt", "duplicateCount", "acknowledgedBy", "acknowledgedAt", "resolvedAt", "resolvedBy", "resolvedReason") VALUES ('496c15a6-921e-41c4-a720-fb5732479296', 'thing.offline', 'thing', 'thing:agent-1da415335eb22aae', 'agent-1da415335eb22aae (agent)', 'HIGH', 'RESOLVED', 'Thing "agent-1da415335eb22aae" (agent) last seen 2026-05-15T06:24:59Z', '{"name": "agent-1da415335eb22aae", "type": "agent", "thingId": "agent-1da415335eb22aae", "lastSeenAt": "2026-05-15T06:24:59Z"}', '2026-05-15 06:30:28.014+00', '2026-05-15 07:17:16.015+00', 47, NULL, NULL, '2026-05-15 07:18:16.042+00', 'system', 'back-online');
INSERT INTO public."Alert" (id, "ruleId", "sourceType", "targetKey", "targetLabel", severity, state, message, details, "firedAt", "lastSeenAt", "duplicateCount", "acknowledgedBy", "acknowledgedAt", "resolvedAt", "resolvedBy", "resolvedReason") VALUES ('d73fb97e-8fe1-40f4-8975-803d7cda8f00', 'thing.offline', 'thing', 'thing:thing-gw-01', 'ai-gateway-01 (ai-gateway)', 'HIGH', 'RESOLVED', 'Thing "ai-gateway-01" (ai-gateway) last seen 2026-05-08T16:48:40Z', '{"name": "ai-gateway-01", "type": "ai-gateway", "thingId": "thing-gw-01", "lastSeenAt": "2026-05-08T16:48:40Z"}', '2026-05-08 16:54:34.009+00', '2026-05-10 16:44:54.008+00', 2866, NULL, NULL, '2026-05-10 16:45:54.018+00', 'system', 'back-online');
INSERT INTO public."Alert" (id, "ruleId", "sourceType", "targetKey", "targetLabel", severity, state, message, details, "firedAt", "lastSeenAt", "duplicateCount", "acknowledgedBy", "acknowledgedAt", "resolvedAt", "resolvedBy", "resolvedReason") VALUES ('068a46cc-96e7-4b21-aa63-a24e397894ad', 'credential.stale_last_success', 'provider', 'credential:8ff7c39a-b171-4b82-a61b-57d57790d5e8', 'openai-rotating', 'LOW', 'RESOLVED', 'Credential "openai-rotating" has not had a successful use in 7 days — investigate or disable', '{"credentialId": "8ff7c39a-b171-4b82-a61b-57d57790d5e8", "lastSuccessAt": null, "credentialName": "openai-rotating", "staleAfterDays": 7}', '2026-05-08 16:29:10.139+00', '2026-05-08 16:29:10.139+00', 1, NULL, NULL, '2026-05-08 18:37:38.033+00', 'system', 'used');
INSERT INTO public."Alert" (id, "ruleId", "sourceType", "targetKey", "targetLabel", severity, state, message, details, "firedAt", "lastSeenAt", "duplicateCount", "acknowledgedBy", "acknowledgedAt", "resolvedAt", "resolvedBy", "resolvedReason") VALUES ('d3009eb8-c60d-479b-a134-42893cff4cf4', 'quota.vk_expiring', 'quota', 'vk:a0000006-0000-4000-8000-000000000006', 'external-partner-limited', 'LOW', 'FIRING', 'Virtual key "external-partner-limited" expires in 30 day(s)', '{"name": "external-partner-limited", "vkId": "a0000006-0000-4000-8000-000000000006", "daysLeft": 30, "expiresAt": "2026-06-07T14:45:39Z"}', '2026-05-08 16:29:43.561+00', '2026-05-16 09:48:53.047+00', 150, NULL, NULL, NULL, NULL, NULL);
INSERT INTO public."Alert" (id, "ruleId", "sourceType", "targetKey", "targetLabel", severity, state, message, details, "firedAt", "lastSeenAt", "duplicateCount", "acknowledgedBy", "acknowledgedAt", "resolvedAt", "resolvedBy", "resolvedReason") VALUES ('c999cb72-d4b4-460d-a244-2bf2bc17dea9', 'thing.offline', 'thing', 'thing:thing-gw-01', 'ai-gateway-01 (ai-gateway)', 'HIGH', 'RESOLVED', 'Thing "ai-gateway-01" (ai-gateway) last seen 2026-05-08T14:56:03Z', '{"name": "ai-gateway-01", "type": "ai-gateway", "thingId": "thing-gw-01", "lastSeenAt": "2026-05-08T14:56:03Z"}', '2026-05-08 15:01:38.003+00', '2026-05-08 16:04:28.023+00', 63, NULL, NULL, '2026-05-08 16:05:28.011+00', 'system', 'back-online');
INSERT INTO public."Alert" (id, "ruleId", "sourceType", "targetKey", "targetLabel", severity, state, message, details, "firedAt", "lastSeenAt", "duplicateCount", "acknowledgedBy", "acknowledgedAt", "resolvedAt", "resolvedBy", "resolvedReason") VALUES ('556c8904-9c20-4b08-859b-bedf8018173b', 'thing.offline', 'thing', 'thing:thing-gw-01', 'ai-gateway-01 (ai-gateway)', 'HIGH', 'RESOLVED', 'Thing "ai-gateway-01" (ai-gateway) last seen 2026-05-08T16:04:29Z', '{"name": "ai-gateway-01", "type": "ai-gateway", "thingId": "thing-gw-01", "lastSeenAt": "2026-05-08T16:04:29Z"}', '2026-05-08 16:10:26.01+00', '2026-05-08 16:48:34.013+00', 39, NULL, NULL, '2026-05-08 16:49:34.013+00', 'system', 'back-online');
INSERT INTO public."Alert" (id, "ruleId", "sourceType", "targetKey", "targetLabel", severity, state, message, details, "firedAt", "lastSeenAt", "duplicateCount", "acknowledgedBy", "acknowledgedAt", "resolvedAt", "resolvedBy", "resolvedReason") VALUES ('6f3313ed-eaf1-426c-a486-b5aca0b11863', 'credential.circuit_open', 'provider', 'credential:9a73f25c-b148-4029-9423-dda656eacfff', 'moonshot-prod', 'HIGH', 'RESOLVED', 'Credential "moonshot-prod" circuit is open (reason: rate_limit) — admin reset may be required', '{"healthTrend": "degrading", "circuitState": "open", "credentialId": "9a73f25c-b148-4029-9423-dda656eacfff", "healthStatus": "healthy", "circuitReason": "rate_limit", "credentialName": "moonshot-prod", "circuitOpenedAt": "2026-05-15T09:53:23Z", "healthDominantError": "none", "healthStatusChangedAt": "2026-05-14T18:23:50Z"}', '2026-05-15 09:53:50.01+00', '2026-05-15 09:54:50.012+00', 2, NULL, NULL, '2026-05-15 09:55:50.01+00', 'system', 'recovered');
INSERT INTO public."Alert" (id, "ruleId", "sourceType", "targetKey", "targetLabel", severity, state, message, details, "firedAt", "lastSeenAt", "duplicateCount", "acknowledgedBy", "acknowledgedAt", "resolvedAt", "resolvedBy", "resolvedReason") VALUES ('14e4c7f7-315c-4856-a589-ee130c87bcea', 'credential.stale_last_success', 'provider', 'credential:2097f153-e6c0-43ad-bc80-2f26b99d195a', 'openai-rotating', 'LOW', 'RESOLVED', 'Credential "openai-rotating" has not had a successful use in 7 days — investigate or disable', '{"credentialId": "2097f153-e6c0-43ad-bc80-2f26b99d195a", "lastSuccessAt": null, "credentialName": "openai-rotating", "staleAfterDays": 7}', '2026-05-10 19:01:17.026+00', '2026-05-12 13:16:06.055+00', 38, NULL, NULL, '2026-05-12 14:16:06.052+00', 'system', 'used');
INSERT INTO public."Alert" (id, "ruleId", "sourceType", "targetKey", "targetLabel", severity, state, message, details, "firedAt", "lastSeenAt", "duplicateCount", "acknowledgedBy", "acknowledgedAt", "resolvedAt", "resolvedBy", "resolvedReason") VALUES ('8b148bac-b8b6-4e7f-8ee5-22e7f5e52021', 'credential.stale_last_success', 'provider', 'credential:3829a8ed-28d5-481b-b43a-4564c83dd55b', 'deepseek-prod', 'LOW', 'RESOLVED', 'Credential "deepseek-prod" has not had a successful use in 7 days — investigate or disable', '{"credentialId": "3829a8ed-28d5-481b-b43a-4564c83dd55b", "lastSuccessAt": null, "credentialName": "deepseek-prod", "staleAfterDays": 7}', '2026-05-08 16:29:10.135+00', '2026-05-08 16:29:10.135+00', 1, NULL, NULL, '2026-05-08 18:37:38.029+00', 'system', 'used');
INSERT INTO public."Alert" (id, "ruleId", "sourceType", "targetKey", "targetLabel", severity, state, message, details, "firedAt", "lastSeenAt", "duplicateCount", "acknowledgedBy", "acknowledgedAt", "resolvedAt", "resolvedBy", "resolvedReason") VALUES ('03bca47b-cb85-4e79-ac82-7a842f4015c9', 'provider.unavailable', 'provider', 'provider:64119a02-f3e4-4ff3-a023-e2289bc3135c', 'Moonshot (Kimi)', 'CRITICAL', 'RESOLVED', 'Provider "Moonshot (Kimi)" is unavailable (error rate 50.0%)', '{"downSec": 120, "errorRate": 0.5, "providerId": "64119a02-f3e4-4ff3-a023-e2289bc3135c", "displayName": "Moonshot (Kimi)", "lastErrorAt": "2026-05-15T09:54:13Z", "providerName": "moonshot"}', '2026-05-15 09:57:50.007+00', '2026-05-15 09:59:50.003+00', 3, NULL, NULL, '2026-05-15 10:02:50.006+00', 'system', 'recovered');
INSERT INTO public."Alert" (id, "ruleId", "sourceType", "targetKey", "targetLabel", severity, state, message, details, "firedAt", "lastSeenAt", "duplicateCount", "acknowledgedBy", "acknowledgedAt", "resolvedAt", "resolvedBy", "resolvedReason") VALUES ('ce6d5060-69d6-4be0-864d-c3a38960d0e6', 'credential.stale_last_success', 'provider', 'credential:b6e5cea0-426a-4b07-b9d2-9bc2e335e791', 'moonshot-prod', 'LOW', 'RESOLVED', 'Credential "moonshot-prod" has not had a successful use in 7 days — investigate or disable', '{"credentialId": "b6e5cea0-426a-4b07-b9d2-9bc2e335e791", "lastSuccessAt": null, "credentialName": "moonshot-prod", "staleAfterDays": 7}', '2026-05-08 16:29:10.137+00', '2026-05-08 16:29:10.137+00', 1, NULL, NULL, '2026-05-08 18:37:38.031+00', 'system', 'used');
INSERT INTO public."Alert" (id, "ruleId", "sourceType", "targetKey", "targetLabel", severity, state, message, details, "firedAt", "lastSeenAt", "duplicateCount", "acknowledgedBy", "acknowledgedAt", "resolvedAt", "resolvedBy", "resolvedReason") VALUES ('6d8e8774-995b-4725-8fec-85d31a08a080', 'provider.unavailable', 'provider', 'provider:c6e3b252-303a-45fd-b5dd-f9467eeba669', 'Google Gemini', 'CRITICAL', 'RESOLVED', 'Provider "Google Gemini" is unavailable (error rate 64.7%)', '{"downSec": 120, "errorRate": 0.6470588235294118, "providerId": "c6e3b252-303a-45fd-b5dd-f9467eeba669", "displayName": "Google Gemini", "lastErrorAt": "2026-05-08T17:15:22Z", "providerName": "google-gemini"}', '2026-05-08 17:18:32.004+00', '2026-05-08 17:57:38.005+00', 33, NULL, NULL, '2026-05-08 18:00:38.004+00', 'system', 'recovered');
INSERT INTO public."Alert" (id, "ruleId", "sourceType", "targetKey", "targetLabel", severity, state, message, details, "firedAt", "lastSeenAt", "duplicateCount", "acknowledgedBy", "acknowledgedAt", "resolvedAt", "resolvedBy", "resolvedReason") VALUES ('751e0879-9795-4e8b-b92a-3a2fa28a516f', 'provider.unavailable', 'provider', 'provider:6b6d307f-a80b-4dcb-801b-1ffa07e25cab', 'OpenAI', 'CRITICAL', 'RESOLVED', 'Provider "OpenAI" is unavailable (error rate 66.7%)', '{"downSec": 180, "errorRate": 0.6666666666666666, "providerId": "6b6d307f-a80b-4dcb-801b-1ffa07e25cab", "displayName": "OpenAI", "lastErrorAt": "2026-05-15T10:38:08Z", "providerName": "openai"}', '2026-05-15 10:45:58.01+00', '2026-05-15 11:25:08.007+00', 37, NULL, NULL, '2026-05-15 11:28:08.011+00', 'system', 'recovered');
INSERT INTO public."Alert" (id, "ruleId", "sourceType", "targetKey", "targetLabel", severity, state, message, details, "firedAt", "lastSeenAt", "duplicateCount", "acknowledgedBy", "acknowledgedAt", "resolvedAt", "resolvedBy", "resolvedReason") VALUES ('ab94bb10-47c2-432b-8064-e92b6d0a69b0', 'credential.stale_last_success', 'provider', 'credential:9a73f25c-b148-4029-9423-dda656eacfff', 'moonshot-prod', 'LOW', 'RESOLVED', 'Credential "moonshot-prod" has not had a successful use in 7 days — investigate or disable', '{"credentialId": "9a73f25c-b148-4029-9423-dda656eacfff", "lastSuccessAt": null, "credentialName": "moonshot-prod", "staleAfterDays": 7}', '2026-05-08 18:37:38.025+00', '2026-05-13 03:16:06.062+00', 96, NULL, NULL, '2026-05-13 06:13:26.035+00', 'system', 'used');
INSERT INTO public."Alert" (id, "ruleId", "sourceType", "targetKey", "targetLabel", severity, state, message, details, "firedAt", "lastSeenAt", "duplicateCount", "acknowledgedBy", "acknowledgedAt", "resolvedAt", "resolvedBy", "resolvedReason") VALUES ('bc0b1b7f-8851-4b42-814a-dbffa801075c', 'credential.stale_last_success', 'provider', 'credential:93614c5d-bad5-4de3-8d3a-00002abcdeac', 'deepseek-prod', 'LOW', 'RESOLVED', 'Credential "deepseek-prod" has not had a successful use in 7 days — investigate or disable', '{"credentialId": "93614c5d-bad5-4de3-8d3a-00002abcdeac", "lastSuccessAt": null, "credentialName": "deepseek-prod", "staleAfterDays": 7}', '2026-05-08 18:37:38.017+00', '2026-05-13 03:16:06.056+00', 96, NULL, NULL, '2026-05-13 06:13:26.043+00', 'system', 'used');
INSERT INTO public."Alert" (id, "ruleId", "sourceType", "targetKey", "targetLabel", severity, state, message, details, "firedAt", "lastSeenAt", "duplicateCount", "acknowledgedBy", "acknowledgedAt", "resolvedAt", "resolvedBy", "resolvedReason") VALUES ('b8518d1c-3f1c-4435-92c5-81007d846cc5', 'provider.unavailable', 'provider', 'provider:c6e3b252-303a-45fd-b5dd-f9467eeba669', 'Google Gemini', 'CRITICAL', 'RESOLVED', 'Provider "Google Gemini" is unavailable (error rate 66.7%)', '{"downSec": 179, "errorRate": 0.6666666666666666, "providerId": "c6e3b252-303a-45fd-b5dd-f9467eeba669", "displayName": "Google Gemini", "lastErrorAt": "2026-05-10T17:44:37Z", "providerName": "google-gemini"}', '2026-05-10 17:51:38.008+00', '2026-05-10 17:52:38.008+00', 2, NULL, NULL, '2026-05-10 17:54:38.007+00', 'system', 'recovered');
INSERT INTO public."Alert" (id, "ruleId", "sourceType", "targetKey", "targetLabel", severity, state, message, details, "firedAt", "lastSeenAt", "duplicateCount", "acknowledgedBy", "acknowledgedAt", "resolvedAt", "resolvedBy", "resolvedReason") VALUES ('5f0fe01e-b6cd-4d14-b2c1-67cc6e82ae12', 'thing.offline', 'thing', 'thing:agent-ae7ad926d0181931', 'agent-ae7ad926d0181931 (agent)', 'HIGH', 'FIRING', 'Thing "agent-ae7ad926d0181931" (agent) last seen 2026-05-12T03:32:17Z', '{"name": "agent-ae7ad926d0181931", "type": "agent", "thingId": "agent-ae7ad926d0181931", "lastSeenAt": "2026-05-12T03:32:17Z"}', '2026-05-12 03:38:06.012+00', '2026-05-16 10:11:53.022+00', 6083, NULL, NULL, NULL, NULL, NULL);
INSERT INTO public."Alert" (id, "ruleId", "sourceType", "targetKey", "targetLabel", severity, state, message, details, "firedAt", "lastSeenAt", "duplicateCount", "acknowledgedBy", "acknowledgedAt", "resolvedAt", "resolvedBy", "resolvedReason") VALUES ('54f5e6e8-975d-481d-b426-e593a6e63978', 'thing.offline', 'thing', 'thing:agent-1e2a6705304d82ae', 'agent-1e2a6705304d82ae (agent)', 'HIGH', 'RESOLVED', 'Thing "agent-1e2a6705304d82ae" (agent) last seen 2026-05-13T07:13:52Z', '{"name": "agent-1e2a6705304d82ae", "type": "agent", "thingId": "agent-1e2a6705304d82ae", "lastSeenAt": "2026-05-13T07:13:52Z"}', '2026-05-13 07:19:44.013+00', '2026-05-13 07:19:44.013+00', 1, NULL, NULL, '2026-05-13 07:20:44.025+00', 'system', 'back-online');
INSERT INTO public."Alert" (id, "ruleId", "sourceType", "targetKey", "targetLabel", severity, state, message, details, "firedAt", "lastSeenAt", "duplicateCount", "acknowledgedBy", "acknowledgedAt", "resolvedAt", "resolvedBy", "resolvedReason") VALUES ('f6655ed0-0abf-4eab-a987-fdc2da4e3587', 'thing.offline', 'thing', 'thing:thing-gw-01', 'ai-gateway-01 (ai-gateway)', 'HIGH', 'FIRING', 'Thing "ai-gateway-01" (ai-gateway) last seen 2026-05-10T16:45:22Z', '{"name": "ai-gateway-01", "type": "ai-gateway", "thingId": "thing-gw-01", "lastSeenAt": "2026-05-10T16:45:22Z"}', '2026-05-10 16:50:48.019+00', '2026-05-16 10:11:53.026+00', 8162, NULL, NULL, NULL, NULL, NULL);
INSERT INTO public."Alert" (id, "ruleId", "sourceType", "targetKey", "targetLabel", severity, state, message, details, "firedAt", "lastSeenAt", "duplicateCount", "acknowledgedBy", "acknowledgedAt", "resolvedAt", "resolvedBy", "resolvedReason") VALUES ('6ea4213c-96c2-4625-a1e2-bd10188429b1', 'quota.vk_expiring', 'quota', 'vk:0c101489-c080-4384-9b00-90ecedf6adc7', 'demo01', 'LOW', 'FIRING', 'Virtual key "demo01" expires in 20 day(s)', '{"name": "demo01", "vkId": "0c101489-c080-4384-9b00-90ecedf6adc7", "daysLeft": 20, "expiresAt": "2026-05-31T23:59:59Z"}', '2026-05-12 13:16:06.052+00', '2026-05-16 09:48:53.014+00', 68, NULL, NULL, NULL, NULL, NULL);
INSERT INTO public."Alert" (id, "ruleId", "sourceType", "targetKey", "targetLabel", severity, state, message, details, "firedAt", "lastSeenAt", "duplicateCount", "acknowledgedBy", "acknowledgedAt", "resolvedAt", "resolvedBy", "resolvedReason") VALUES ('0e1a9ad0-8fce-455b-a8d6-58b19621ecaf', 'provider.unavailable', 'provider', 'provider:6b6d307f-a80b-4dcb-801b-1ffa07e25cab', 'OpenAI', 'CRITICAL', 'RESOLVED', 'Provider "OpenAI" is unavailable (error rate 100.0%)', '{"downSec": 179, "errorRate": 1, "providerId": "6b6d307f-a80b-4dcb-801b-1ffa07e25cab", "displayName": "OpenAI", "lastErrorAt": "2026-05-12T13:08:19Z", "providerName": "openai"}', '2026-05-12 13:15:06.004+00', '2026-05-12 13:56:06.009+00', 42, NULL, NULL, '2026-05-12 13:58:06.006+00', 'system', 'recovered');
INSERT INTO public."Alert" (id, "ruleId", "sourceType", "targetKey", "targetLabel", severity, state, message, details, "firedAt", "lastSeenAt", "duplicateCount", "acknowledgedBy", "acknowledgedAt", "resolvedAt", "resolvedBy", "resolvedReason") VALUES ('52169273-fecc-475f-9261-2c9516414986', 'provider.unavailable', 'provider', 'provider:c6e3b252-303a-45fd-b5dd-f9467eeba669', 'Google Gemini', 'CRITICAL', 'RESOLVED', 'Provider "Google Gemini" is unavailable (error rate 33.3%)', '{"downSec": 120, "errorRate": 0.3333333333333333, "providerId": "c6e3b252-303a-45fd-b5dd-f9467eeba669", "displayName": "Google Gemini", "lastErrorAt": "2026-05-15T11:29:43Z", "providerName": "google-gemini"}', '2026-05-15 11:58:08.013+00', '2026-05-15 15:45:02.013+00', 218, NULL, NULL, '2026-05-15 15:48:02.009+00', 'system', 'recovered');
INSERT INTO public."Alert" (id, "ruleId", "sourceType", "targetKey", "targetLabel", severity, state, message, details, "firedAt", "lastSeenAt", "duplicateCount", "acknowledgedBy", "acknowledgedAt", "resolvedAt", "resolvedBy", "resolvedReason") VALUES ('077d615f-d011-424f-8103-da4cf3193060', 'thing.offline', 'thing', 'thing:agent-1e2a6705304d82ae', 'agent-1e2a6705304d82ae (agent)', 'HIGH', 'RESOLVED', 'Thing "agent-1e2a6705304d82ae" (agent) last seen 2026-05-13T09:37:41Z', '{"name": "agent-1e2a6705304d82ae", "type": "agent", "thingId": "agent-1e2a6705304d82ae", "lastSeenAt": "2026-05-13T09:37:41Z"}', '2026-05-13 09:43:24.027+00', '2026-05-13 10:02:24.035+00', 20, NULL, NULL, '2026-05-13 10:03:24.023+00', 'system', 'back-online');
INSERT INTO public."Alert" (id, "ruleId", "sourceType", "targetKey", "targetLabel", severity, state, message, details, "firedAt", "lastSeenAt", "duplicateCount", "acknowledgedBy", "acknowledgedAt", "resolvedAt", "resolvedBy", "resolvedReason") VALUES ('8a63050f-40fa-4fd2-8de4-5992611cb114', 'thing.offline', 'thing', 'thing:agent-b953d52f900d5a98', 'agent-b953d52f900d5a98 (agent)', 'HIGH', 'FIRING', 'Thing "agent-b953d52f900d5a98" (agent) last seen 2026-05-12T05:19:48Z', '{"name": "agent-b953d52f900d5a98", "type": "agent", "thingId": "agent-b953d52f900d5a98", "lastSeenAt": "2026-05-12T05:19:48Z"}', '2026-05-12 05:25:06.017+00', '2026-05-16 10:11:53.006+00', 5976, NULL, NULL, NULL, NULL, NULL);
INSERT INTO public."Alert" (id, "ruleId", "sourceType", "targetKey", "targetLabel", severity, state, message, details, "firedAt", "lastSeenAt", "duplicateCount", "acknowledgedBy", "acknowledgedAt", "resolvedAt", "resolvedBy", "resolvedReason") VALUES ('47e8d186-d05f-4b22-af50-d99a49eaed09', 'thing.offline', 'thing', 'thing:agent-d797b87fa56c3053', 'agent-d797b87fa56c3053 (agent)', 'HIGH', 'RESOLVED', 'Thing "agent-d797b87fa56c3053" (agent) last seen 2026-05-12T05:31:47Z', '{"name": "agent-d797b87fa56c3053", "type": "agent", "thingId": "agent-d797b87fa56c3053", "lastSeenAt": "2026-05-12T05:31:47Z"}', '2026-05-12 05:37:06.014+00', '2026-05-12 05:39:06.013+00', 3, NULL, NULL, '2026-05-12 05:40:06.018+00', 'system', 'back-online');
INSERT INTO public."Alert" (id, "ruleId", "sourceType", "targetKey", "targetLabel", severity, state, message, details, "firedAt", "lastSeenAt", "duplicateCount", "acknowledgedBy", "acknowledgedAt", "resolvedAt", "resolvedBy", "resolvedReason") VALUES ('c3804175-c308-4c44-aaf1-a734fbc6deff', 'thing.offline', 'thing', 'thing:agent-dev-mac-01', 'mac-eng-01.corp.local (agent)', 'HIGH', 'FIRING', 'Thing "mac-eng-01.corp.local" (agent) last seen 2026-05-13T03:51:06Z', '{"name": "mac-eng-01.corp.local", "type": "agent", "thingId": "agent-dev-mac-01", "lastSeenAt": "2026-05-13T03:51:06Z"}', '2026-05-13 04:22:03.029+00', '2026-05-16 10:11:53.011+00', 4629, NULL, NULL, NULL, NULL, NULL);
INSERT INTO public."Alert" (id, "ruleId", "sourceType", "targetKey", "targetLabel", severity, state, message, details, "firedAt", "lastSeenAt", "duplicateCount", "acknowledgedBy", "acknowledgedAt", "resolvedAt", "resolvedBy", "resolvedReason") VALUES ('7beb291b-215c-4fb3-b32d-b819ccfc8f4b', 'thing.offline', 'thing', 'thing:agent-cc009d193f03a9de', 'agent-cc009d193f03a9de (agent)', 'HIGH', 'FIRING', 'Thing "agent-cc009d193f03a9de" (agent) last seen 2026-05-12T05:15:50Z', '{"name": "agent-cc009d193f03a9de", "type": "agent", "thingId": "agent-cc009d193f03a9de", "lastSeenAt": "2026-05-12T05:15:50Z"}', '2026-05-12 05:21:06.016+00', '2026-05-16 10:11:53.014+00', 5980, NULL, NULL, NULL, NULL, NULL);
INSERT INTO public."Alert" (id, "ruleId", "sourceType", "targetKey", "targetLabel", severity, state, message, details, "firedAt", "lastSeenAt", "duplicateCount", "acknowledgedBy", "acknowledgedAt", "resolvedAt", "resolvedBy", "resolvedReason") VALUES ('910b97c7-63d5-43fc-b532-e2cf8e67280f', 'thing.offline', 'thing', 'thing:agent-dev-revoked-01', 'mac-hr-07.corp.local (agent)', 'HIGH', 'FIRING', 'Thing "mac-hr-07.corp.local" (agent) last seen 2026-05-07T14:49:04Z', '{"name": "mac-hr-07.corp.local", "type": "agent", "thingId": "agent-dev-revoked-01", "lastSeenAt": "2026-05-07T14:49:04Z"}', '2026-05-08 14:49:38.009+00', '2026-05-16 10:11:53.019+00', 11155, NULL, NULL, NULL, NULL, NULL);
INSERT INTO public."Alert" (id, "ruleId", "sourceType", "targetKey", "targetLabel", severity, state, message, details, "firedAt", "lastSeenAt", "duplicateCount", "acknowledgedBy", "acknowledgedAt", "resolvedAt", "resolvedBy", "resolvedReason") VALUES ('5a8d7708-a450-4f93-bd38-a701bdeb821c', 'thing.offline', 'thing', 'thing:agent-1da415335eb22aae', 'agent-1da415335eb22aae (agent)', 'HIGH', 'RESOLVED', 'Thing "agent-1da415335eb22aae" (agent) last seen 2026-05-15T07:28:15Z', '{"name": "agent-1da415335eb22aae", "type": "agent", "thingId": "agent-1da415335eb22aae", "lastSeenAt": "2026-05-15T07:28:15Z"}', '2026-05-15 07:33:16.029+00', '2026-05-15 11:25:08.066+00', 227, NULL, NULL, '2026-05-15 11:26:08.028+00', 'system', 'back-online');
INSERT INTO public."Alert" (id, "ruleId", "sourceType", "targetKey", "targetLabel", severity, state, message, details, "firedAt", "lastSeenAt", "duplicateCount", "acknowledgedBy", "acknowledgedAt", "resolvedAt", "resolvedBy", "resolvedReason") VALUES ('8b134684-7bfd-47f8-8a21-c9da8f19111b', 'thing.offline', 'thing', 'thing:agent-1e2a6705304d82ae', 'agent-1e2a6705304d82ae (agent)', 'HIGH', 'RESOLVED', 'Thing "agent-1e2a6705304d82ae" (agent) last seen 2026-05-13T10:03:55Z', '{"name": "agent-1e2a6705304d82ae", "type": "agent", "thingId": "agent-1e2a6705304d82ae", "lastSeenAt": "2026-05-13T10:03:55Z"}', '2026-05-13 10:09:24.015+00', '2026-05-13 10:19:24.015+00', 11, NULL, NULL, '2026-05-13 10:20:24.022+00', 'system', 'back-online');
INSERT INTO public."Alert" (id, "ruleId", "sourceType", "targetKey", "targetLabel", severity, state, message, details, "firedAt", "lastSeenAt", "duplicateCount", "acknowledgedBy", "acknowledgedAt", "resolvedAt", "resolvedBy", "resolvedReason") VALUES ('dac43300-8031-4019-8199-9a3caf75c261', 'credential.health_degraded_sustained', 'provider', 'credential:dc7e5946-e4d5-4629-986b-3deb1f62fde7', 'google-prod', 'MEDIUM', 'RESOLVED', 'Credential "google-prod" has been degraded for ≥ 15m0s; dominant failure: none', '{"healthTrend": "degrading", "circuitState": "closed", "credentialId": "dc7e5946-e4d5-4629-986b-3deb1f62fde7", "healthStatus": "degraded", "credentialName": "google-prod", "healthDominantError": "none", "healthStatusChangedAt": "2026-05-15T11:30:08Z"}', '2026-05-15 11:45:08.016+00', '2026-05-15 15:35:02.016+00', 230, NULL, NULL, '2026-05-15 15:36:02.009+00', 'system', 'recovered');
INSERT INTO public."Alert" (id, "ruleId", "sourceType", "targetKey", "targetLabel", severity, state, message, details, "firedAt", "lastSeenAt", "duplicateCount", "acknowledgedBy", "acknowledgedAt", "resolvedAt", "resolvedBy", "resolvedReason") VALUES ('7d3e73c5-9237-4ea9-b9b1-767be38a3c0d', 'credential.health_degraded_sustained', 'provider', 'credential:9a73f25c-b148-4029-9423-dda656eacfff', 'moonshot-prod', 'MEDIUM', 'RESOLVED', 'Credential "moonshot-prod" has been degraded for ≥ 15m0s; dominant failure: none', '{"healthTrend": "degrading", "circuitState": "closed", "credentialId": "9a73f25c-b148-4029-9423-dda656eacfff", "healthStatus": "degraded", "credentialName": "moonshot-prod", "healthDominantError": "none", "healthStatusChangedAt": "2026-05-15T10:04:50Z"}', '2026-05-15 10:19:50.01+00', '2026-05-15 15:15:36.009+00', 296, NULL, NULL, '2026-05-15 15:16:36.011+00', 'system', 'recovered');
INSERT INTO public."Alert" (id, "ruleId", "sourceType", "targetKey", "targetLabel", severity, state, message, details, "firedAt", "lastSeenAt", "duplicateCount", "acknowledgedBy", "acknowledgedAt", "resolvedAt", "resolvedBy", "resolvedReason") VALUES ('de6c7b90-9f0a-4186-ae96-2ed1bc4bc81a', 'thing.offline', 'thing', 'thing:agent-desktop-3ed49bdfcbe886af', 'agent-desktop-3ed49bdfcbe886af (agent-desktop)', 'HIGH', 'RESOLVED', 'Thing "agent-desktop-3ed49bdfcbe886af" (agent-desktop) last seen 2026-05-13T12:46:04Z', '{"name": "agent-desktop-3ed49bdfcbe886af", "type": "agent-desktop", "thingId": "agent-desktop-3ed49bdfcbe886af", "lastSeenAt": "2026-05-13T12:46:04Z"}', '2026-05-13 12:51:31.009+00', '2026-05-13 12:51:31.009+00', 1, NULL, NULL, '2026-05-13 12:52:31.025+00', 'system', 'back-online');
INSERT INTO public."Alert" (id, "ruleId", "sourceType", "targetKey", "targetLabel", severity, state, message, details, "firedAt", "lastSeenAt", "duplicateCount", "acknowledgedBy", "acknowledgedAt", "resolvedAt", "resolvedBy", "resolvedReason") VALUES ('c7dd1e0e-6ad5-4073-b067-3983170e111f', 'thing.offline', 'thing', 'thing:agent-8f73f88d0f3d1a77', 'agent-8f73f88d0f3d1a77 (agent)', 'HIGH', 'RESOLVED', 'Thing "agent-8f73f88d0f3d1a77" (agent) last seen 2026-05-15T15:05:08Z', '{"name": "agent-8f73f88d0f3d1a77", "type": "agent", "thingId": "agent-8f73f88d0f3d1a77", "lastSeenAt": "2026-05-15T15:05:08Z"}', '2026-05-15 15:10:36.044+00', '2026-05-15 15:38:02.028+00', 28, NULL, NULL, '2026-05-15 15:39:02.03+00', 'system', 'back-online');
INSERT INTO public."Alert" (id, "ruleId", "sourceType", "targetKey", "targetLabel", severity, state, message, details, "firedAt", "lastSeenAt", "duplicateCount", "acknowledgedBy", "acknowledgedAt", "resolvedAt", "resolvedBy", "resolvedReason") VALUES ('8800888d-dc2c-4b2b-8d80-83e0d6393133', 'thing.offline', 'thing', 'thing:agent-desktop-3ed49bdfcbe886af', 'agent-desktop-3ed49bdfcbe886af (agent)', 'HIGH', 'RESOLVED', 'Thing "agent-desktop-3ed49bdfcbe886af" (agent) last seen 2026-05-13T15:32:34Z', '{"name": "agent-desktop-3ed49bdfcbe886af", "type": "agent", "thingId": "agent-desktop-3ed49bdfcbe886af", "lastSeenAt": "2026-05-13T15:32:34Z"}', '2026-05-13 15:37:42.019+00', '2026-05-13 15:39:42.022+00', 3, NULL, NULL, '2026-05-13 15:40:42.041+00', 'system', 'back-online');
INSERT INTO public."Alert" (id, "ruleId", "sourceType", "targetKey", "targetLabel", severity, state, message, details, "firedAt", "lastSeenAt", "duplicateCount", "acknowledgedBy", "acknowledgedAt", "resolvedAt", "resolvedBy", "resolvedReason") VALUES ('181464b3-eee8-47c6-8ddf-72c176eb1ebc', 'thing.offline', 'thing', 'thing:agent-d797b87fa56c3053', 'agent-d797b87fa56c3053 (agent)', 'HIGH', 'FIRING', 'Thing "agent-d797b87fa56c3053" (agent) last seen 2026-05-12T05:43:33Z', '{"name": "agent-d797b87fa56c3053", "type": "agent", "thingId": "agent-d797b87fa56c3053", "lastSeenAt": "2026-05-12T05:43:33Z"}', '2026-05-12 05:49:06.013+00', '2026-05-16 10:11:53.015+00', 5952, NULL, NULL, NULL, NULL, NULL);
INSERT INTO public."Alert" (id, "ruleId", "sourceType", "targetKey", "targetLabel", severity, state, message, details, "firedAt", "lastSeenAt", "duplicateCount", "acknowledgedBy", "acknowledgedAt", "resolvedAt", "resolvedBy", "resolvedReason") VALUES ('506772da-5c1e-41fe-9450-bcc5150a37d6', 'thing.offline', 'thing', 'thing:agent-1da415335eb22aae', 'agent-1da415335eb22aae (agent)', 'HIGH', 'RESOLVED', 'Thing "agent-1da415335eb22aae" (agent) last seen 2026-05-15T16:17:15Z', '{"name": "agent-1da415335eb22aae", "type": "agent", "thingId": "agent-1da415335eb22aae", "lastSeenAt": "2026-05-15T16:17:15Z"}', '2026-05-15 16:23:02.024+00', '2026-05-15 17:33:02.026+00', 71, NULL, NULL, '2026-05-15 17:34:02.03+00', 'system', 'back-online');
INSERT INTO public."Alert" (id, "ruleId", "sourceType", "targetKey", "targetLabel", severity, state, message, details, "firedAt", "lastSeenAt", "duplicateCount", "acknowledgedBy", "acknowledgedAt", "resolvedAt", "resolvedBy", "resolvedReason") VALUES ('fb4a667f-bb02-4746-8129-cccb5d2a5084', 'thing.offline', 'thing', 'thing:agent-8f73f88d0f3d1a77', 'agent-8f73f88d0f3d1a77 (agent)', 'HIGH', 'FIRING', 'Thing "agent-8f73f88d0f3d1a77" (agent) last seen 2026-05-15T15:39:37Z', '{"name": "agent-8f73f88d0f3d1a77", "type": "agent", "thingId": "agent-8f73f88d0f3d1a77", "lastSeenAt": "2026-05-15T15:39:37Z"}', '2026-05-15 15:45:02.033+00', '2026-05-16 10:11:53.02+00', 1107, NULL, NULL, NULL, NULL, NULL);
INSERT INTO public."Alert" (id, "ruleId", "sourceType", "targetKey", "targetLabel", severity, state, message, details, "firedAt", "lastSeenAt", "duplicateCount", "acknowledgedBy", "acknowledgedAt", "resolvedAt", "resolvedBy", "resolvedReason") VALUES ('6de48cab-3b73-41af-8c89-ff62ccf0cf50', 'thing.offline', 'thing', 'thing:agent-1da415335eb22aae', 'agent-1da415335eb22aae (agent)', 'HIGH', 'RESOLVED', 'Thing "agent-1da415335eb22aae" (agent) last seen 2026-05-15T14:37:15Z', '{"name": "agent-1da415335eb22aae", "type": "agent", "thingId": "agent-1da415335eb22aae", "lastSeenAt": "2026-05-15T14:37:15Z"}', '2026-05-15 14:42:23.03+00', '2026-05-15 15:41:02.03+00', 59, NULL, NULL, '2026-05-15 15:42:02.029+00', 'system', 'back-online');
INSERT INTO public."Alert" (id, "ruleId", "sourceType", "targetKey", "targetLabel", severity, state, message, details, "firedAt", "lastSeenAt", "duplicateCount", "acknowledgedBy", "acknowledgedAt", "resolvedAt", "resolvedBy", "resolvedReason") VALUES ('ab24aa82-7d64-4aca-8ede-aa038256b62b', 'provider.unavailable', 'provider', 'provider:dee77e2b-fbe8-4281-9d87-cd8886f90450', 'Anthropic', 'CRITICAL', 'RESOLVED', 'Provider "Anthropic" is unavailable (error rate 33.3%)', '{"downSec": 120, "errorRate": 0.3333333333333333, "providerId": "dee77e2b-fbe8-4281-9d87-cd8886f90450", "displayName": "Anthropic", "lastErrorAt": "2026-05-15T11:28:43Z", "providerName": "anthropic"}', '2026-05-15 11:58:08.009+00', '2026-05-15 12:25:08.02+00', 28, NULL, NULL, '2026-05-15 12:28:08.012+00', 'system', 'recovered');
INSERT INTO public."Alert" (id, "ruleId", "sourceType", "targetKey", "targetLabel", severity, state, message, details, "firedAt", "lastSeenAt", "duplicateCount", "acknowledgedBy", "acknowledgedAt", "resolvedAt", "resolvedBy", "resolvedReason") VALUES ('403fcbc5-827f-4946-a323-f0efda2cea2f', 'provider.unavailable', 'provider', 'provider:dee77e2b-fbe8-4281-9d87-cd8886f90450', 'Anthropic', 'CRITICAL', 'RESOLVED', 'Provider "Anthropic" is unavailable (error rate 40.0%)', '{"downSec": 179, "errorRate": 0.4, "providerId": "dee77e2b-fbe8-4281-9d87-cd8886f90450", "displayName": "Anthropic", "lastErrorAt": "2026-05-15T15:21:58Z", "providerName": "anthropic"}', '2026-05-15 15:49:02.006+00', '2026-05-15 17:46:43.012+00', 115, NULL, NULL, '2026-05-15 17:48:43.008+00', 'system', 'recovered');
INSERT INTO public."Alert" (id, "ruleId", "sourceType", "targetKey", "targetLabel", severity, state, message, details, "firedAt", "lastSeenAt", "duplicateCount", "acknowledgedBy", "acknowledgedAt", "resolvedAt", "resolvedBy", "resolvedReason") VALUES ('0b8741ce-8d4f-4f79-9b36-cd2c20cf1de1', 'thing.offline', 'thing', 'thing:agent-626250bbde478a1d', 'agent-626250bbde478a1d (agent)', 'HIGH', 'FIRING', 'Thing "agent-626250bbde478a1d" (agent) last seen 2026-05-15T09:39:03Z', '{"name": "agent-626250bbde478a1d", "type": "agent", "thingId": "agent-626250bbde478a1d", "lastSeenAt": "2026-05-15T09:39:03Z"}', '2026-05-15 09:45:50.049+00', '2026-05-16 10:11:53.024+00', 1465, NULL, NULL, NULL, NULL, NULL);
INSERT INTO public."Alert" (id, "ruleId", "sourceType", "targetKey", "targetLabel", severity, state, message, details, "firedAt", "lastSeenAt", "duplicateCount", "acknowledgedBy", "acknowledgedAt", "resolvedAt", "resolvedBy", "resolvedReason") VALUES ('57cab9cc-e4ed-466b-a3dd-fdedc920c96e', 'credential.health_degraded_sustained', 'provider', 'credential:44e404a3-20e4-42ce-8712-607d73dfe0c1', 'anthropic-prod', 'MEDIUM', 'RESOLVED', 'Credential "anthropic-prod" has been degraded for ≥ 15m0s; dominant failure: none', '{"healthTrend": "degrading", "circuitState": "closed", "credentialId": "44e404a3-20e4-42ce-8712-607d73dfe0c1", "healthStatus": "degraded", "credentialName": "anthropic-prod", "healthDominantError": "none", "healthStatusChangedAt": "2026-05-15T17:51:43Z"}', '2026-05-15 18:06:43.006+00', '2026-05-15 18:06:43.006+00', 1, NULL, NULL, '2026-05-15 18:07:43.007+00', 'system', 'recovered');
INSERT INTO public."Alert" (id, "ruleId", "sourceType", "targetKey", "targetLabel", severity, state, message, details, "firedAt", "lastSeenAt", "duplicateCount", "acknowledgedBy", "acknowledgedAt", "resolvedAt", "resolvedBy", "resolvedReason") VALUES ('eb93b381-81f0-4c06-bccb-55396d87407a', 'thing.offline', 'thing', 'thing:agent-1e5377e923c56679', 'agent-1e5377e923c56679 (agent)', 'HIGH', 'FIRING', 'Thing "agent-1e5377e923c56679" (agent) last seen 2026-05-12T06:23:52Z', '{"name": "agent-1e5377e923c56679", "type": "agent", "thingId": "agent-1e5377e923c56679", "lastSeenAt": "2026-05-12T06:23:52Z"}', '2026-05-12 06:29:06.013+00', '2026-05-16 10:11:53.027+00', 5912, NULL, NULL, NULL, NULL, NULL);
INSERT INTO public."Alert" (id, "ruleId", "sourceType", "targetKey", "targetLabel", severity, state, message, details, "firedAt", "lastSeenAt", "duplicateCount", "acknowledgedBy", "acknowledgedAt", "resolvedAt", "resolvedBy", "resolvedReason") VALUES ('ee6987b1-fa5a-4f4c-85ad-497d21a01208', 'thing.offline', 'thing', 'thing:agent-1e2a6705304d82ae', 'agent-1e2a6705304d82ae (agent)', 'HIGH', 'FIRING', 'Thing "agent-1e2a6705304d82ae" (agent) last seen 2026-05-13T12:10:58Z', '{"name": "agent-1e2a6705304d82ae", "type": "agent", "thingId": "agent-1e2a6705304d82ae", "lastSeenAt": "2026-05-13T12:10:58Z"}', '2026-05-13 12:16:31.026+00', '2026-05-16 10:11:53.008+00', 4161, NULL, NULL, NULL, NULL, NULL);
INSERT INTO public."Alert" (id, "ruleId", "sourceType", "targetKey", "targetLabel", severity, state, message, details, "firedAt", "lastSeenAt", "duplicateCount", "acknowledgedBy", "acknowledgedAt", "resolvedAt", "resolvedBy", "resolvedReason") VALUES ('5e78f3ad-e81e-4268-8d97-8c540efaa11c', 'thing.offline', 'thing', 'thing:agent-1da415335eb22aae', 'agent-1da415335eb22aae (agent)', 'HIGH', 'RESOLVED', 'Thing "agent-1da415335eb22aae" (agent) last seen 2026-05-15T17:54:17Z', '{"name": "agent-1da415335eb22aae", "type": "agent", "thingId": "agent-1da415335eb22aae", "lastSeenAt": "2026-05-15T17:54:17Z"}', '2026-05-15 17:59:43.022+00', '2026-05-15 17:59:43.022+00', 1, NULL, NULL, '2026-05-15 18:00:43.03+00', 'system', 'back-online');
INSERT INTO public."Alert" (id, "ruleId", "sourceType", "targetKey", "targetLabel", severity, state, message, details, "firedAt", "lastSeenAt", "duplicateCount", "acknowledgedBy", "acknowledgedAt", "resolvedAt", "resolvedBy", "resolvedReason") VALUES ('23a17a33-830a-4079-823d-1cb9fb96502d', 'provider.unavailable', 'provider', 'provider:dee77e2b-fbe8-4281-9d87-cd8886f90450', 'Anthropic', 'CRITICAL', 'RESOLVED', 'Provider "Anthropic" is unavailable (error rate 50.0%)', '{"downSec": 120, "errorRate": 0.5, "providerId": "dee77e2b-fbe8-4281-9d87-cd8886f90450", "displayName": "Anthropic", "lastErrorAt": "2026-05-15T13:44:35Z", "providerName": "anthropic"}', '2026-05-15 13:48:08.008+00', '2026-05-15 15:15:36.007+00', 82, NULL, NULL, '2026-05-15 15:18:36.01+00', 'system', 'recovered');
INSERT INTO public."Alert" (id, "ruleId", "sourceType", "targetKey", "targetLabel", severity, state, message, details, "firedAt", "lastSeenAt", "duplicateCount", "acknowledgedBy", "acknowledgedAt", "resolvedAt", "resolvedBy", "resolvedReason") VALUES ('54409e25-d766-4c7b-be45-1699f1fbd118', 'thing.offline', 'thing', 'thing:thing-proxy-01', 'compliance-proxy-01 (compliance-proxy)', 'HIGH', 'FIRING', 'Thing "compliance-proxy-01" (compliance-proxy) last seen 2026-05-08T12:56:03Z', '{"name": "compliance-proxy-01", "type": "compliance-proxy", "thingId": "thing-proxy-01", "lastSeenAt": "2026-05-08T12:56:03Z"}', '2026-05-08 14:56:38.014+00', '2026-05-16 10:11:53.013+00', 11148, NULL, NULL, NULL, NULL, NULL);
INSERT INTO public."Alert" (id, "ruleId", "sourceType", "targetKey", "targetLabel", severity, state, message, details, "firedAt", "lastSeenAt", "duplicateCount", "acknowledgedBy", "acknowledgedAt", "resolvedAt", "resolvedBy", "resolvedReason") VALUES ('73652204-0815-4daa-a8a0-9f654127c7c6', 'thing.offline', 'thing', 'thing:agent-1da415335eb22aae', 'agent-1da415335eb22aae (agent)', 'HIGH', 'RESOLVED', 'Thing "agent-1da415335eb22aae" (agent) last seen 2026-05-15T12:05:04Z', '{"name": "agent-1da415335eb22aae", "type": "agent", "thingId": "agent-1da415335eb22aae", "lastSeenAt": "2026-05-15T12:05:04Z"}', '2026-05-15 12:10:08.009+00', '2026-05-15 12:58:08.007+00', 49, NULL, NULL, '2026-05-15 12:59:08.028+00', 'system', 'back-online');
INSERT INTO public."Alert" (id, "ruleId", "sourceType", "targetKey", "targetLabel", severity, state, message, details, "firedAt", "lastSeenAt", "duplicateCount", "acknowledgedBy", "acknowledgedAt", "resolvedAt", "resolvedBy", "resolvedReason") VALUES ('b08cb3ce-e79f-45b9-a030-54c9170913dd', 'credential.health_degraded_sustained', 'provider', 'credential:44e404a3-20e4-42ce-8712-607d73dfe0c1', 'anthropic-prod', 'MEDIUM', 'RESOLVED', 'Credential "anthropic-prod" has been degraded for ≥ 15m0s; dominant failure: none', '{"healthTrend": "degrading", "circuitState": "closed", "credentialId": "44e404a3-20e4-42ce-8712-607d73dfe0c1", "healthStatus": "degraded", "credentialName": "anthropic-prod", "healthDominantError": "none", "healthStatusChangedAt": "2026-05-15T11:30:08Z"}', '2026-05-15 11:45:08.02+00', '2026-05-15 12:25:08.036+00', 41, NULL, NULL, '2026-05-15 12:26:08.012+00', 'system', 'recovered');
INSERT INTO public."Alert" (id, "ruleId", "sourceType", "targetKey", "targetLabel", severity, state, message, details, "firedAt", "lastSeenAt", "duplicateCount", "acknowledgedBy", "acknowledgedAt", "resolvedAt", "resolvedBy", "resolvedReason") VALUES ('c1860424-0942-4974-9311-73380dd47825', 'provider.unavailable', 'provider', 'provider:6b6d307f-a80b-4dcb-801b-1ffa07e25cab', 'OpenAI', 'CRITICAL', 'RESOLVED', 'Provider "OpenAI" is unavailable (error rate 33.3%)', '{"downSec": 120, "errorRate": 0.3333333333333333, "providerId": "6b6d307f-a80b-4dcb-801b-1ffa07e25cab", "displayName": "OpenAI", "lastErrorAt": "2026-05-15T17:48:37Z", "providerName": "openai"}', '2026-05-15 18:19:43.005+00', '2026-05-15 18:21:43.007+00', 3, NULL, NULL, '2026-05-15 18:23:43.008+00', 'system', 'recovered');
INSERT INTO public."Alert" (id, "ruleId", "sourceType", "targetKey", "targetLabel", severity, state, message, details, "firedAt", "lastSeenAt", "duplicateCount", "acknowledgedBy", "acknowledgedAt", "resolvedAt", "resolvedBy", "resolvedReason") VALUES ('41d4d9a5-2bee-48ed-9776-e11c9c5e6f4c', 'provider.unavailable', 'provider', 'provider:6b6d307f-a80b-4dcb-801b-1ffa07e25cab', 'OpenAI', 'CRITICAL', 'RESOLVED', 'Provider "OpenAI" is unavailable (error rate 50.0%)', '{"downSec": 179, "errorRate": 0.5, "providerId": "6b6d307f-a80b-4dcb-801b-1ffa07e25cab", "displayName": "OpenAI", "lastErrorAt": "2026-05-15T12:13:47Z", "providerName": "openai"}', '2026-05-15 12:19:08.01+00', '2026-05-15 12:20:08.029+00', 2, NULL, NULL, '2026-05-15 12:23:08.014+00', 'system', 'recovered');
INSERT INTO public."Alert" (id, "ruleId", "sourceType", "targetKey", "targetLabel", severity, state, message, details, "firedAt", "lastSeenAt", "duplicateCount", "acknowledgedBy", "acknowledgedAt", "resolvedAt", "resolvedBy", "resolvedReason") VALUES ('ee92486f-7aba-42cc-b950-8fa4e847ca61', 'provider.unavailable', 'provider', 'provider:35584423-e803-44e1-8430-cacf9b6fbc18', 'DeepSeek', 'CRITICAL', 'RESOLVED', 'Provider "DeepSeek" is unavailable (error rate 33.3%)', '{"downSec": 120, "errorRate": 0.3333333333333333, "providerId": "35584423-e803-44e1-8430-cacf9b6fbc18", "displayName": "DeepSeek", "lastErrorAt": "2026-05-15T14:05:13Z", "providerName": "deepseek"}', '2026-05-15 14:13:08.007+00', '2026-05-15 15:10:36.007+00', 52, NULL, NULL, '2026-05-15 15:13:36.013+00', 'system', 'recovered');
INSERT INTO public."Alert" (id, "ruleId", "sourceType", "targetKey", "targetLabel", severity, state, message, details, "firedAt", "lastSeenAt", "duplicateCount", "acknowledgedBy", "acknowledgedAt", "resolvedAt", "resolvedBy", "resolvedReason") VALUES ('ae96ede4-34c9-4001-adc7-add23e40d226', 'thing.offline', 'thing', 'thing:thing-cp-01', 'control-plane-01 (control-plane)', 'HIGH', 'FIRING', 'Thing "control-plane-01" (control-plane) last seen 2026-05-08T13:56:03Z', '{"name": "control-plane-01", "type": "control-plane", "thingId": "thing-cp-01", "lastSeenAt": "2026-05-08T13:56:03Z"}', '2026-05-08 14:56:38.012+00', '2026-05-16 10:11:53.018+00', 11148, NULL, NULL, NULL, NULL, NULL);
INSERT INTO public."Alert" (id, "ruleId", "sourceType", "targetKey", "targetLabel", severity, state, message, details, "firedAt", "lastSeenAt", "duplicateCount", "acknowledgedBy", "acknowledgedAt", "resolvedAt", "resolvedBy", "resolvedReason") VALUES ('4c75753c-f213-4f4f-b3e7-ba1f01b683d3', 'thing.offline', 'thing', 'thing:agent-1da415335eb22aae', 'agent-1da415335eb22aae (agent)', 'HIGH', 'FIRING', 'Thing "agent-1da415335eb22aae" (agent) last seen 2026-05-15T18:06:54Z', '{"name": "agent-1da415335eb22aae", "type": "agent", "thingId": "agent-1da415335eb22aae", "lastSeenAt": "2026-05-15T18:06:54Z"}', '2026-05-15 18:12:43.024+00', '2026-05-16 10:11:53.023+00', 960, NULL, NULL, NULL, NULL, NULL);
INSERT INTO public."Alert" (id, "ruleId", "sourceType", "targetKey", "targetLabel", severity, state, message, details, "firedAt", "lastSeenAt", "duplicateCount", "acknowledgedBy", "acknowledgedAt", "resolvedAt", "resolvedBy", "resolvedReason") VALUES ('b32dbf3a-b527-4ed3-b25e-c3e5b176e618', 'credential.health_degraded_sustained', 'provider', 'credential:abff2f77-5506-4d73-99a3-6b60ed756bac', 'openai-prod', 'MEDIUM', 'RESOLVED', 'Credential "openai-prod" has been degraded for ≥ 15m0s; dominant failure: none', '{"healthTrend": "degrading", "circuitState": "closed", "credentialId": "abff2f77-5506-4d73-99a3-6b60ed756bac", "healthStatus": "degraded", "credentialName": "openai-prod", "healthDominantError": "none", "healthStatusChangedAt": "2026-05-16T05:18:53Z"}', '2026-05-16 05:33:53.012+00', '2026-05-16 05:33:53.012+00', 1, NULL, NULL, '2026-05-16 05:34:53.009+00', 'system', 'recovered');
INSERT INTO public."Alert" (id, "ruleId", "sourceType", "targetKey", "targetLabel", severity, state, message, details, "firedAt", "lastSeenAt", "duplicateCount", "acknowledgedBy", "acknowledgedAt", "resolvedAt", "resolvedBy", "resolvedReason") VALUES ('56639179-0659-42ac-b441-d1646632e159', 'provider.unavailable', 'provider', 'provider:6b6d307f-a80b-4dcb-801b-1ffa07e25cab', 'OpenAI', 'CRITICAL', 'RESOLVED', 'Provider "OpenAI" is unavailable (error rate 33.3%)', '{"downSec": 179, "errorRate": 0.3333333333333333, "providerId": "6b6d307f-a80b-4dcb-801b-1ffa07e25cab", "displayName": "OpenAI", "lastErrorAt": "2026-05-16T03:49:12Z", "providerName": "openai"}', '2026-05-16 03:57:53.005+00', '2026-05-16 03:58:53.019+00', 2, NULL, NULL, '2026-05-16 04:00:53.022+00', 'system', 'recovered');
INSERT INTO public."Alert" (id, "ruleId", "sourceType", "targetKey", "targetLabel", severity, state, message, details, "firedAt", "lastSeenAt", "duplicateCount", "acknowledgedBy", "acknowledgedAt", "resolvedAt", "resolvedBy", "resolvedReason") VALUES ('b14986b5-39b8-44d2-b87e-1c47fecd5105', 'credential.health_degraded_sustained', 'provider', 'credential:abff2f77-5506-4d73-99a3-6b60ed756bac', 'openai-prod', 'MEDIUM', 'RESOLVED', 'Credential "openai-prod" has been degraded for ≥ 15m0s; dominant failure: none', '{"healthTrend": "degrading", "circuitState": "closed", "credentialId": "abff2f77-5506-4d73-99a3-6b60ed756bac", "healthStatus": "degraded", "credentialName": "openai-prod", "healthDominantError": "none", "healthStatusChangedAt": "2026-05-16T06:28:53Z"}', '2026-05-16 06:43:53.011+00', '2026-05-16 06:53:53.012+00', 11, NULL, NULL, '2026-05-16 06:54:53.01+00', 'system', 'recovered');
INSERT INTO public."Alert" (id, "ruleId", "sourceType", "targetKey", "targetLabel", severity, state, message, details, "firedAt", "lastSeenAt", "duplicateCount", "acknowledgedBy", "acknowledgedAt", "resolvedAt", "resolvedBy", "resolvedReason") VALUES ('bf50dd5c-cbe0-47a7-a837-e6f991d85fec', 'provider.unavailable', 'provider', 'provider:6b6d307f-a80b-4dcb-801b-1ffa07e25cab', 'OpenAI', 'CRITICAL', 'RESOLVED', 'Provider "OpenAI" is unavailable (error rate 33.3%)', '{"downSec": 120, "errorRate": 0.3333333333333333, "providerId": "6b6d307f-a80b-4dcb-801b-1ffa07e25cab", "displayName": "OpenAI", "lastErrorAt": "2026-05-16T02:59:59Z", "providerName": "openai"}', '2026-05-16 03:31:53.005+00', '2026-05-16 03:33:53.008+00', 3, NULL, NULL, '2026-05-16 03:35:53.008+00', 'system', 'recovered');
INSERT INTO public."Alert" (id, "ruleId", "sourceType", "targetKey", "targetLabel", severity, state, message, details, "firedAt", "lastSeenAt", "duplicateCount", "acknowledgedBy", "acknowledgedAt", "resolvedAt", "resolvedBy", "resolvedReason") VALUES ('e8295c31-4b1a-46df-8dbf-9ed7269ae534', 'provider.unavailable', 'provider', 'provider:6b6d307f-a80b-4dcb-801b-1ffa07e25cab', 'OpenAI', 'CRITICAL', 'RESOLVED', 'Provider "OpenAI" is unavailable (error rate 33.3%)', '{"downSec": 179, "errorRate": 0.3333333333333333, "providerId": "6b6d307f-a80b-4dcb-801b-1ffa07e25cab", "displayName": "OpenAI", "lastErrorAt": "2026-05-16T02:59:59Z", "providerName": "openai"}', '2026-05-16 03:07:53.004+00', '2026-05-16 03:23:53.009+00', 17, NULL, NULL, '2026-05-16 03:25:53.007+00', 'system', 'recovered');
INSERT INTO public."Alert" (id, "ruleId", "sourceType", "targetKey", "targetLabel", severity, state, message, details, "firedAt", "lastSeenAt", "duplicateCount", "acknowledgedBy", "acknowledgedAt", "resolvedAt", "resolvedBy", "resolvedReason") VALUES ('51159ab4-264f-420d-9e7e-01cd1418e4f8', 'provider.unavailable', 'provider', 'provider:c6e3b252-303a-45fd-b5dd-f9467eeba669', 'Google Gemini', 'CRITICAL', 'RESOLVED', 'Provider "Google Gemini" is unavailable (error rate 50.0%)', '{"downSec": 180, "errorRate": 0.5, "providerId": "c6e3b252-303a-45fd-b5dd-f9467eeba669", "displayName": "Google Gemini", "lastErrorAt": "2026-05-16T03:37:32Z", "providerName": "google-gemini"}', '2026-05-16 03:42:53.006+00', '2026-05-16 04:18:53.009+00', 37, NULL, NULL, '2026-05-16 04:21:53.006+00', 'system', 'recovered');
INSERT INTO public."Alert" (id, "ruleId", "sourceType", "targetKey", "targetLabel", severity, state, message, details, "firedAt", "lastSeenAt", "duplicateCount", "acknowledgedBy", "acknowledgedAt", "resolvedAt", "resolvedBy", "resolvedReason") VALUES ('f02e790f-6f97-4ae8-8db1-cc11235ee67a', 'provider.unavailable', 'provider', 'provider:dee77e2b-fbe8-4281-9d87-cd8886f90450', 'Anthropic', 'CRITICAL', 'RESOLVED', 'Provider "Anthropic" is unavailable (error rate 50.0%)', '{"downSec": 180, "errorRate": 0.5, "providerId": "dee77e2b-fbe8-4281-9d87-cd8886f90450", "displayName": "Anthropic", "lastErrorAt": "2026-05-16T03:37:35Z", "providerName": "anthropic"}', '2026-05-16 03:42:53.01+00', '2026-05-16 04:13:53.017+00', 32, NULL, NULL, '2026-05-16 04:16:53.011+00', 'system', 'recovered');
INSERT INTO public."Alert" (id, "ruleId", "sourceType", "targetKey", "targetLabel", severity, state, message, details, "firedAt", "lastSeenAt", "duplicateCount", "acknowledgedBy", "acknowledgedAt", "resolvedAt", "resolvedBy", "resolvedReason") VALUES ('13977f54-3bac-4362-b7b1-aaa24ee659be', 'credential.health_degraded_sustained', 'provider', 'credential:9a73f25c-b148-4029-9423-dda656eacfff', 'moonshot-prod', 'MEDIUM', 'RESOLVED', 'Credential "moonshot-prod" has been degraded for ≥ 15m0s; dominant failure: none', '{"healthTrend": "degrading", "circuitState": "closed", "credentialId": "9a73f25c-b148-4029-9423-dda656eacfff", "healthStatus": "degraded", "credentialName": "moonshot-prod", "healthDominantError": "none", "healthStatusChangedAt": "2026-05-16T07:18:53Z"}', '2026-05-16 07:33:53.009+00', '2026-05-16 07:38:53.009+00', 6, NULL, NULL, '2026-05-16 07:39:53.007+00', 'system', 'recovered');
INSERT INTO public."Alert" (id, "ruleId", "sourceType", "targetKey", "targetLabel", severity, state, message, details, "firedAt", "lastSeenAt", "duplicateCount", "acknowledgedBy", "acknowledgedAt", "resolvedAt", "resolvedBy", "resolvedReason") VALUES ('a78321dd-dd23-49d9-8c49-35c6066a6c1a', 'thing.offline', 'thing', 'thing:agent-dev-linux-01', 'linux-ds-02.corp.local (agent)', 'HIGH', 'FIRING', 'Thing "linux-ds-02.corp.local" (agent) last seen 2026-05-13T03:51:06Z', '{"name": "linux-ds-02.corp.local", "type": "agent", "thingId": "agent-dev-linux-01", "lastSeenAt": "2026-05-13T03:51:06Z"}', '2026-05-13 04:22:03.036+00', '2026-05-16 10:11:53.029+00', 4629, NULL, NULL, NULL, NULL, NULL);


ALTER TABLE public."Alert" ENABLE TRIGGER ALL;

--
-- Data for Name: AlertChannel; Type: TABLE DATA; Schema: public; Owner: -
--

ALTER TABLE public."AlertChannel" DISABLE TRIGGER ALL;



ALTER TABLE public."AlertChannel" ENABLE TRIGGER ALL;

--
-- Data for Name: AlertDispatch; Type: TABLE DATA; Schema: public; Owner: -
--

ALTER TABLE public."AlertDispatch" DISABLE TRIGGER ALL;



ALTER TABLE public."AlertDispatch" ENABLE TRIGGER ALL;

--
-- Data for Name: Provider; Type: TABLE DATA; Schema: public; Owner: -
--

ALTER TABLE public."Provider" DISABLE TRIGGER ALL;

INSERT INTO public."Provider" (id, name, "displayName", description, "baseUrl", "pathPrefix", "apiVersion", enabled, headers, "createdAt", "updatedAt", region, adapter_type, streaming_mode, streaming_chunk_bytes, streaming_hook_timeout_ms, streaming_max_buffer_bytes, streaming_fail_behavior, capture_request_body, capture_response_body, raw_body_spill_enabled) VALUES ('35584423-e803-44e1-8430-cacf9b6fbc18', 'deepseek', 'DeepSeek', 'DeepSeek API — V4 chat and reasoning models.', 'https://api.deepseek.com', '/deepseek', NULL, true, 'null', '2026-05-08 14:45:04.145+00', '2026-05-10 16:40:48.524+00', NULL, 'deepseek', NULL, NULL, NULL, NULL, NULL, NULL, NULL, NULL);
INSERT INTO public."Provider" (id, name, "displayName", description, "baseUrl", "pathPrefix", "apiVersion", enabled, headers, "createdAt", "updatedAt", region, adapter_type, streaming_mode, streaming_chunk_bytes, streaming_hook_timeout_ms, streaming_max_buffer_bytes, streaming_fail_behavior, capture_request_body, capture_response_body, raw_body_spill_enabled) VALUES ('64119a02-f3e4-4ff3-a023-e2289bc3135c', 'moonshot', 'Moonshot (Kimi)', 'Moonshot OpenAI-compatible API — Kimi models.', 'https://api.moonshot.cn', '/moonshot', NULL, true, 'null', '2026-05-08 14:45:04.408+00', '2026-05-10 16:40:48.764+00', NULL, 'moonshot', NULL, NULL, NULL, NULL, NULL, NULL, NULL, NULL);
INSERT INTO public."Provider" (id, name, "displayName", description, "baseUrl", "pathPrefix", "apiVersion", enabled, headers, "createdAt", "updatedAt", region, adapter_type, streaming_mode, streaming_chunk_bytes, streaming_hook_timeout_ms, streaming_max_buffer_bytes, streaming_fail_behavior, capture_request_body, capture_response_body, raw_body_spill_enabled) VALUES ('6b6d307f-a80b-4dcb-801b-1ffa07e25cab', 'openai', 'OpenAI', 'OpenAI API — GPT-5, GPT-4o, o-series reasoning, and embedding models.', 'https://api.openai.com', '/openai', NULL, true, 'null', '2026-05-08 14:45:01.208+00', '2026-05-10 16:40:46.809+00', NULL, 'openai', NULL, NULL, NULL, NULL, NULL, NULL, NULL, NULL);
INSERT INTO public."Provider" (id, name, "displayName", description, "baseUrl", "pathPrefix", "apiVersion", enabled, headers, "createdAt", "updatedAt", region, adapter_type, streaming_mode, streaming_chunk_bytes, streaming_hook_timeout_ms, streaming_max_buffer_bytes, streaming_fail_behavior, capture_request_body, capture_response_body, raw_body_spill_enabled) VALUES ('dee77e2b-fbe8-4281-9d87-cd8886f90450', 'anthropic', 'Anthropic', 'Anthropic API — Claude model family.', 'https://api.anthropic.com', '/anthropic', NULL, true, 'null', '2026-05-08 14:45:03.609+00', '2026-05-10 16:40:48.026+00', NULL, 'anthropic', NULL, NULL, NULL, NULL, NULL, NULL, NULL, NULL);
INSERT INTO public."Provider" (id, name, "displayName", description, "baseUrl", "pathPrefix", "apiVersion", enabled, headers, "createdAt", "updatedAt", region, adapter_type, streaming_mode, streaming_chunk_bytes, streaming_hook_timeout_ms, streaming_max_buffer_bytes, streaming_fail_behavior, capture_request_body, capture_response_body, raw_body_spill_enabled) VALUES ('c6e3b252-303a-45fd-b5dd-f9467eeba669', 'google-gemini', 'Google Gemini', 'Google Gemini API — Gemini 2.5, 2.0, and embedding models.', 'https://generativelanguage.googleapis.com', '/google', NULL, true, 'null', '2026-05-08 14:45:03.879+00', '2026-05-10 16:40:48.27+00', NULL, 'gemini', NULL, NULL, NULL, NULL, NULL, NULL, NULL, NULL);
INSERT INTO public."Provider" (id, name, "displayName", description, "baseUrl", "pathPrefix", "apiVersion", enabled, headers, "createdAt", "updatedAt", region, adapter_type, streaming_mode, streaming_chunk_bytes, streaming_hook_timeout_ms, streaming_max_buffer_bytes, streaming_fail_behavior, capture_request_body, capture_response_body, raw_body_spill_enabled) VALUES ('f8a55245-c860-46dd-a3f8-8626af8e7735', 'cohere', 'Cohere', 'Cohere API — Command R+ chat and Embed v3 embedding models.', 'https://api.cohere.com', '/cohere', NULL, true, 'null', '2026-05-20 00:00:00.000+00', '2026-05-20 00:00:00.000+00', NULL, 'cohere', NULL, NULL, NULL, NULL, NULL, NULL, NULL, NULL);


ALTER TABLE public."Provider" ENABLE TRIGGER ALL;

--
-- Data for Name: Credential; Type: TABLE DATA; Schema: public; Owner: -
--

ALTER TABLE public."Credential" DISABLE TRIGGER ALL;

INSERT INTO public."Credential" (id, name, "providerId", "encryptedKey", "encryptionIv", "encryptionTag", encryption_key_id, enabled, "rotationState", "lastRotatedAt", "rotationStartedAt", "lastUsedAt", "lastSuccessAt", "lastFailureAt", "lastFailureReason", "totalUsageCount", "createdAt", "updatedAt", "expiresAt", "selectionWeight", status, "retireAt", "circuitState", "circuitReason", "circuitOpenedAt", "circuitNextProbeAt", "healthStatus", "healthSuccessRate5m", "healthSamplesObserved", "healthCheckedAt", "healthSuccessRate1h", "healthDominantError", "healthTrend", "healthStatusChangedAt", "reliabilityOverrides") VALUES ('93614c5d-bad5-4de3-8d3a-00002abcdeac', 'deepseek-prod', '35584423-e803-44e1-8430-cacf9b6fbc18', 'REDACTED_BY_PIPELINE', 'REDACTED_BY_PIPELINE', 'REDACTED_BY_PIPELINE', 'v1', true, 'none', '2026-05-08 16:58:01.481+00', NULL, '2026-05-16 07:35:52.671+00', '2026-05-16 07:35:52.671+00', NULL, NULL, 290, '2026-05-08 16:50:16.471+00', '2026-05-16 08:33:53.018+00', NULL, 100, 'active', NULL, 'closed', NULL, NULL, NULL, 'healthy', NULL, 0, '2026-05-16 08:33:53.01+00', 1.0000, 'none', 'degrading', '2026-05-16 07:38:53.007+00', NULL);
INSERT INTO public."Credential" (id, name, "providerId", "encryptedKey", "encryptionIv", "encryptionTag", encryption_key_id, enabled, "rotationState", "lastRotatedAt", "rotationStartedAt", "lastUsedAt", "lastSuccessAt", "lastFailureAt", "lastFailureReason", "totalUsageCount", "createdAt", "updatedAt", "expiresAt", "selectionWeight", status, "retireAt", "circuitState", "circuitReason", "circuitOpenedAt", "circuitNextProbeAt", "healthStatus", "healthSuccessRate5m", "healthSamplesObserved", "healthCheckedAt", "healthSuccessRate1h", "healthDominantError", "healthTrend", "healthStatusChangedAt", "reliabilityOverrides") VALUES ('9a73f25c-b148-4029-9423-dda656eacfff', 'moonshot-prod', '64119a02-f3e4-4ff3-a023-e2289bc3135c', 'REDACTED_BY_PIPELINE', 'REDACTED_BY_PIPELINE', 'REDACTED_BY_PIPELINE', 'v1', true, 'none', '2026-05-08 16:57:18.892+00', NULL, '2026-05-16 07:44:50.971+00', '2026-05-16 07:44:50.971+00', NULL, NULL, 381, '2026-05-08 16:50:16.996+00', '2026-05-16 08:43:53.014+00', NULL, 100, 'active', NULL, 'closed', NULL, NULL, NULL, 'collecting', NULL, 0, '2026-05-16 08:43:53.008+00', 1.0000, 'none', 'degrading', '2026-05-16 07:48:53.016+00', NULL);
INSERT INTO public."Credential" (id, name, "providerId", "encryptedKey", "encryptionIv", "encryptionTag", encryption_key_id, enabled, "rotationState", "lastRotatedAt", "rotationStartedAt", "lastUsedAt", "lastSuccessAt", "lastFailureAt", "lastFailureReason", "totalUsageCount", "createdAt", "updatedAt", "expiresAt", "selectionWeight", status, "retireAt", "circuitState", "circuitReason", "circuitOpenedAt", "circuitNextProbeAt", "healthStatus", "healthSuccessRate5m", "healthSamplesObserved", "healthCheckedAt", "healthSuccessRate1h", "healthDominantError", "healthTrend", "healthStatusChangedAt", "reliabilityOverrides") VALUES ('44e404a3-20e4-42ce-8712-607d73dfe0c1', 'anthropic-prod', 'dee77e2b-fbe8-4281-9d87-cd8886f90450', 'REDACTED_BY_PIPELINE', 'REDACTED_BY_PIPELINE', 'REDACTED_BY_PIPELINE', 'v1', true, 'none', '2026-05-08 16:58:20.004+00', NULL, '2026-05-16 09:47:25.068+00', '2026-05-16 09:47:25.068+00', NULL, NULL, 9286, '2026-05-08 16:50:15.42+00', '2026-05-16 10:08:53.016+00', NULL, 100, 'active', NULL, 'closed', NULL, NULL, NULL, 'healthy', NULL, 0, '2026-05-16 10:08:53.008+00', 1.0000, 'none', 'degrading', '2026-05-16 05:53:53.011+00', NULL);
INSERT INTO public."Credential" (id, name, "providerId", "encryptedKey", "encryptionIv", "encryptionTag", encryption_key_id, enabled, "rotationState", "lastRotatedAt", "rotationStartedAt", "lastUsedAt", "lastSuccessAt", "lastFailureAt", "lastFailureReason", "totalUsageCount", "createdAt", "updatedAt", "expiresAt", "selectionWeight", status, "retireAt", "circuitState", "circuitReason", "circuitOpenedAt", "circuitNextProbeAt", "healthStatus", "healthSuccessRate5m", "healthSamplesObserved", "healthCheckedAt", "healthSuccessRate1h", "healthDominantError", "healthTrend", "healthStatusChangedAt", "reliabilityOverrides") VALUES ('abff2f77-5506-4d73-99a3-6b60ed756bac', 'openai-prod', '6b6d307f-a80b-4dcb-801b-1ffa07e25cab', 'REDACTED_BY_PIPELINE', 'REDACTED_BY_PIPELINE', 'REDACTED_BY_PIPELINE', 'v1', true, 'none', '2026-05-08 16:57:02.468+00', NULL, '2026-05-16 10:11:52.545+00', '2026-05-16 10:11:52.545+00', NULL, NULL, 13382, '2026-05-08 16:50:14.895+00', '2026-05-16 10:11:53.007+00', NULL, 100, 'active', NULL, 'closed', NULL, NULL, NULL, 'healthy', NULL, 0, '2026-05-16 10:08:53.008+00', 1.0000, 'none', 'degrading', '2026-05-16 07:48:53.016+00', NULL);
INSERT INTO public."Credential" (id, name, "providerId", "encryptedKey", "encryptionIv", "encryptionTag", encryption_key_id, enabled, "rotationState", "lastRotatedAt", "rotationStartedAt", "lastUsedAt", "lastSuccessAt", "lastFailureAt", "lastFailureReason", "totalUsageCount", "createdAt", "updatedAt", "expiresAt", "selectionWeight", status, "retireAt", "circuitState", "circuitReason", "circuitOpenedAt", "circuitNextProbeAt", "healthStatus", "healthSuccessRate5m", "healthSamplesObserved", "healthCheckedAt", "healthSuccessRate1h", "healthDominantError", "healthTrend", "healthStatusChangedAt", "reliabilityOverrides") VALUES ('dc7e5946-e4d5-4629-986b-3deb1f62fde7', 'google-prod', 'c6e3b252-303a-45fd-b5dd-f9467eeba669', 'REDACTED_BY_PIPELINE', 'REDACTED_BY_PIPELINE', 'REDACTED_BY_PIPELINE', 'v1', true, 'none', '2026-05-08 16:57:44.035+00', NULL, '2026-05-16 09:46:26.796+00', '2026-05-16 09:46:26.796+00', '2026-05-16 04:52:58.794+00', 'auth_failed: CachedContent not found (or permission denied)', 3593, '2026-05-08 16:50:15.947+00', '2026-05-16 10:08:53.016+00', NULL, 100, 'active', NULL, 'closed', NULL, NULL, NULL, 'healthy', NULL, 0, '2026-05-16 10:08:53.008+00', 1.0000, 'none', 'degrading', '2026-05-16 09:48:53.008+00', NULL);


ALTER TABLE public."Credential" ENABLE TRIGGER ALL;

--
-- Data for Name: DeviceAssignment; Type: TABLE DATA; Schema: public; Owner: -
--

ALTER TABLE public."DeviceAssignment" DISABLE TRIGGER ALL;

INSERT INTO public."DeviceAssignment" (id, "deviceId", "userId", "assignedAt", "releasedAt", source, ip_address, login_method, token_jti) VALUES ('81b702c2-75c7-47af-8c96-e63d57616615', 'agent-dev-mac-01', 'nexus-user-agent-jdoe', '2026-04-10 16:44:26.106+00', NULL, 'enrollment', NULL, NULL, NULL);
INSERT INTO public."DeviceAssignment" (id, "deviceId", "userId", "assignedAt", "releasedAt", source, ip_address, login_method, token_jti) VALUES ('90550e62-8a1d-44f5-bf34-8c804628707d', 'agent-dev-win-01', 'nexus-user-agent-ssmith', '2026-04-26 16:44:26.106+00', NULL, 'heartbeat', NULL, NULL, NULL);
INSERT INTO public."DeviceAssignment" (id, "deviceId", "userId", "assignedAt", "releasedAt", source, ip_address, login_method, token_jti) VALUES ('7c70a62f-ae3b-4543-9ca2-99b26667bf4d', 'agent-dev-linux-01', 'nexus-user-viewer', '2026-05-03 16:44:26.106+00', NULL, 'manual', NULL, NULL, NULL);
INSERT INTO public."DeviceAssignment" (id, "deviceId", "userId", "assignedAt", "releasedAt", source, ip_address, login_method, token_jti) VALUES ('ccf56553-4077-4376-bdfd-34b1a519705b', 'agent-dev-mac-01', 'nexus-user-suspended', '2026-02-09 16:44:26.106+00', '2026-04-09 16:44:26.106+00', 'enrollment', NULL, NULL, NULL);
INSERT INTO public."DeviceAssignment" (id, "deviceId", "userId", "assignedAt", "releasedAt", source, ip_address, login_method, token_jti) VALUES ('799ef3dd-629a-4a51-8de3-d0945adbcfc4', 'agent-1da415335eb22aae', 'nexus-user-super-admin', '2026-05-13 18:16:16.928+00', NULL, 'sso', NULL, NULL, NULL);
INSERT INTO public."DeviceAssignment" (id, "deviceId", "userId", "assignedAt", "releasedAt", source, ip_address, login_method, token_jti) VALUES ('681d120e-dc4f-47e1-98d9-c7e3f99ec0fc', 'agent-1da415335eb22aae', 'nexus-user-super-admin', '2026-05-13 12:28:37.757+00', '2026-05-14 04:05:06.948+00', 'sso', NULL, NULL, NULL);
INSERT INTO public."DeviceAssignment" (id, "deviceId", "userId", "assignedAt", "releasedAt", source, ip_address, login_method, token_jti) VALUES ('d570491d-98ba-4b21-b62e-da47caee0433', 'agent-1da415335eb22aae', 'nexus-user-super-admin', '2026-05-13 17:29:09.251+00', '2026-05-14 04:05:06.948+00', 'sso', NULL, NULL, NULL);
INSERT INTO public."DeviceAssignment" (id, "deviceId", "userId", "assignedAt", "releasedAt", source, ip_address, login_method, token_jti) VALUES ('1a9c5e18-16eb-4e8a-a025-f531ddfdd093', 'agent-1da415335eb22aae', 'nexus-user-super-admin', '2026-05-13 17:46:16.718+00', '2026-05-14 04:05:06.948+00', 'sso', NULL, NULL, NULL);
INSERT INTO public."DeviceAssignment" (id, "deviceId", "userId", "assignedAt", "releasedAt", source, ip_address, login_method, token_jti) VALUES ('4e298b37-64fc-457e-b09f-77124e1ac322', 'agent-626250bbde478a1d', 'nexus-user-super-admin', '2026-05-15 08:30:25.77+00', NULL, 'sso', '203.0.113.12', 'sso', NULL);
INSERT INTO public."DeviceAssignment" (id, "deviceId", "userId", "assignedAt", "releasedAt", source, ip_address, login_method, token_jti) VALUES ('ef25ecea-c26b-4eeb-9fd9-5e44beace69e', 'agent-8f73f88d0f3d1a77', 'nexus-user-super-admin', '2026-05-15 14:15:36.143+00', NULL, 'sso', '203.0.113.11', 'sso', NULL);


ALTER TABLE public."DeviceAssignment" ENABLE TRIGGER ALL;

--
-- Data for Name: DeviceGroupMembership; Type: TABLE DATA; Schema: public; Owner: -
--

ALTER TABLE public."DeviceGroupMembership" DISABLE TRIGGER ALL;

INSERT INTO public."DeviceGroupMembership" (id, "groupId", "deviceId", "createdAt", expires_at) VALUES ('7f3e01c2-aa42-4333-ae0f-0726b02da842', 'dg-engineering', 'agent-dev-mac-01', '2026-05-08 14:50:08.934+00', NULL);
INSERT INTO public."DeviceGroupMembership" (id, "groupId", "deviceId", "createdAt", expires_at) VALUES ('812be489-f1b9-4ed3-889f-7fbca7c68acf', 'dg-engineering', 'agent-dev-linux-01', '2026-05-08 14:50:10.786+00', NULL);
INSERT INTO public."DeviceGroupMembership" (id, "groupId", "deviceId", "createdAt", expires_at) VALUES ('cb17ac2a-824e-468f-ad1b-2da5f5d70057', 'dg-sales', 'agent-dev-win-01', '2026-05-08 14:50:12.092+00', NULL);
INSERT INTO public."DeviceGroupMembership" (id, "groupId", "deviceId", "createdAt", expires_at) VALUES ('ebd76998-f8a7-4d6e-8a63-f4f4583a2bc9', 'dg-all', 'agent-dev-mac-01', '2026-05-08 14:50:13.856+00', NULL);
INSERT INTO public."DeviceGroupMembership" (id, "groupId", "deviceId", "createdAt", expires_at) VALUES ('725fe173-95f0-444c-8816-adc0273c864c', 'dg-all', 'agent-dev-win-01', '2026-05-08 14:50:15.159+00', NULL);
INSERT INTO public."DeviceGroupMembership" (id, "groupId", "deviceId", "createdAt", expires_at) VALUES ('51152d84-7773-49e9-9cce-ec33cdde9b20', 'dg-all', 'agent-dev-linux-01', '2026-05-08 14:55:49.324+00', NULL);
INSERT INTO public."DeviceGroupMembership" (id, "groupId", "deviceId", "createdAt", expires_at) VALUES ('25f396a7-66cf-4a88-8598-939de1c3cf45', 'dg-all', 'agent-dev-enrolled-01', '2026-05-08 14:55:50.631+00', NULL);
INSERT INTO public."DeviceGroupMembership" (id, "groupId", "deviceId", "createdAt", expires_at) VALUES ('816ec8bc-0916-4b40-b1de-25a44a033404', 'dg-engineering', 'agent-1da415335eb22aae', '2026-05-14 11:10:39.73+00', NULL);
INSERT INTO public."DeviceGroupMembership" (id, "groupId", "deviceId", "createdAt", expires_at) VALUES ('b59b378f-555a-479b-99f8-cd83607d2f7b', 'dg-all', 'agent-1da415335eb22aae', '2026-05-14 16:25:09.767+00', NULL);


ALTER TABLE public."DeviceGroupMembership" ENABLE TRIGGER ALL;

--
-- Data for Name: HookConfig; Type: TABLE DATA; Schema: public; Owner: -
--

ALTER TABLE public."HookConfig" DISABLE TRIGGER ALL;

INSERT INTO public."HookConfig" (id, name, type, "implementationId", stage, category, endpoint, script, config, priority, "timeoutMs", "failBehavior", enabled, "applicableIngress", "createdAt", "updatedAt") VALUES ('20b82564-5ce3-4d0b-a102-da5f3bf3f29b', 'pii-scanner', 'builtin', 'pii-detector', 'request', 'compliance', NULL, NULL, '{"onMatch": {"storageAction": "redact", "inflightAction": "block-hard"}, "patternDefinitions": [{"id": "email", "flags": "g", "regex": "\\b[A-Za-z0-9._%+-]+@[A-Za-z0-9.-]+\\.[A-Za-z]{2,}\\b"}, {"id": "credit_card", "flags": "g", "regex": "\\b(?:\\d{4}[-\\s]?){3}\\d{4}\\b"}, {"id": "ssn", "flags": "g", "regex": "\\b\\d{3}[-\\s]?\\d{2}[-\\s]?\\d{4}\\b"}, {"id": "phone", "flags": "g", "regex": "\\b(?:\\+?1[-.\\s]?)?(?:\\(?\\d{3}\\)?[-.\\s]?)?\\d{3}[-.\\s]?\\d{4}\\b"}]}', 10, 3000, 'fail-closed', true, '{ALL}', '2026-05-08 14:45:48.036+00', '2026-05-15 10:38:31.355+00');
INSERT INTO public."HookConfig" (id, name, type, "implementationId", stage, category, endpoint, script, config, priority, "timeoutMs", "failBehavior", enabled, "applicableIngress", "createdAt", "updatedAt") VALUES ('aed59996-9f18-48f2-a259-a37abac4d108', 'noop-baseline', 'builtin', 'noop', 'request', 'custom', NULL, NULL, '{}', 1, 500, 'fail-open', true, '{ALL}', '2026-05-08 14:45:51.76+00', '2026-05-10 16:41:17.358+00');
INSERT INTO public."HookConfig" (id, name, type, "implementationId", stage, category, endpoint, script, config, priority, "timeoutMs", "failBehavior", enabled, "applicableIngress", "createdAt", "updatedAt") VALUES ('aefd407f-8a38-4838-bc8c-d104982d548c', 'compliance-webhook', 'webhook', 'webhook-forward', 'request', 'custom', 'https://api.nexus.ai/v1/ai-guard/compliance-webhook', NULL, '{"timeoutMs": 5000}', 30, 5000, 'fail-open', false, '{ALL}', '2026-05-08 14:45:50.712+00', '2026-05-12 12:34:55.88+00');
INSERT INTO public."HookConfig" (id, name, type, "implementationId", stage, category, endpoint, script, config, priority, "timeoutMs", "failBehavior", enabled, "applicableIngress", "createdAt", "updatedAt") VALUES ('b2f2d960-54a5-4f01-abf7-47877f73bce3', 'pii-outbound-scanner', 'builtin', 'pii-detector', 'response', 'compliance', NULL, NULL, '{"onMatch": {"storageAction": "redact", "inflightAction": "block-hard"}, "patternDefinitions": [{"id": "email", "flags": "g", "regex": "\\b[A-Za-z0-9._%+-]+@[A-Za-z0-9.-]+\\.[A-Za-z]{2,}\\b"}, {"id": "phone", "flags": "g", "regex": "\\b(?:\\+?1[-.\\s]?)?(?:\\(?\\d{3}\\)?[-.\\s]?)?\\d{3}[-.\\s]?\\d{4}\\b"}, {"id": "ssn", "flags": "g", "regex": "\\b\\d{3}[-\\s]?\\d{2}[-\\s]?\\d{4}\\b"}, {"id": "credit_card", "flags": "g", "regex": "\\b(?:\\d{4}[-\\s]?){3}\\d{4}\\b"}]}', 12, 3000, 'fail-closed', false, '{AI_GATEWAY,COMPLIANCE_PROXY}', '2026-05-08 14:45:48.301+00', '2026-05-12 21:14:42.494+00');
INSERT INTO public."HookConfig" (id, name, type, "implementationId", stage, category, endpoint, script, config, priority, "timeoutMs", "failBehavior", enabled, "applicableIngress", "createdAt", "updatedAt") VALUES ('d152a4ee-eff7-43a6-b7e2-d4eb3a813cbe', 'response-content-safety', 'builtin', 'content-safety', 'response', 'compliance', NULL, NULL, '{"onMatch": {"storageAction": "redact", "inflightAction": "block-soft"}, "categories": {"sexual": true, "illegal": true, "violence": true, "self_harm": true, "hate_speech": true}}', 7, 3000, 'fail-open', false, '{ALL}', '2026-05-08 14:45:51.497+00', '2026-05-10 16:41:17.073+00');
INSERT INTO public."HookConfig" (id, name, type, "implementationId", stage, category, endpoint, script, config, priority, "timeoutMs", "failBehavior", enabled, "applicableIngress", "createdAt", "updatedAt") VALUES ('c5978ee3-e4ff-4110-b24d-792033a28bf8', 'global-rate-limit', 'builtin', 'rate-limiter', 'request', 'traffic_control', NULL, NULL, '{"keyType": "source_ip", "maxRequests": 1000, "windowSeconds": 60}', 8, 2000, 'fail-open', false, '{AI_GATEWAY,AGENT}', '2026-05-08 14:45:49.223+00', '2026-05-10 16:41:15.263+00');
INSERT INTO public."HookConfig" (id, name, type, "implementationId", stage, category, endpoint, script, config, priority, "timeoutMs", "failBehavior", enabled, "applicableIngress", "createdAt", "updatedAt") VALUES ('1885de8a-90ac-46ee-be33-5e1b90e74f5f', 'ip-access-filter', 'builtin', 'ip-access-filter', 'request', 'traffic_control', NULL, NULL, '{"mode": "blocklist", "allowlist": [], "blocklist": []}', 4, 500, 'fail-closed', false, '{AI_GATEWAY}', '2026-05-08 14:45:49.488+00', '2026-05-10 16:41:15.503+00');
INSERT INTO public."HookConfig" (id, name, type, "implementationId", stage, category, endpoint, script, config, priority, "timeoutMs", "failBehavior", enabled, "applicableIngress", "createdAt", "updatedAt") VALUES ('a6719df5-a1eb-4fd7-b740-5fd65c19ee85', 'response-quality-signals', 'builtin', 'quality-checker', 'response', 'quality', NULL, NULL, '{"onMatch": {"storageAction": "keep", "inflightAction": "approve"}, "detectRefusals": true, "minResponseLength": 10, "expectedFinishReasons": ["stop", "end_turn"]}', 5, 2000, 'fail-open', true, '{ALL}', '2026-05-08 14:45:50.974+00', '2026-05-13 18:21:53.614+00');
INSERT INTO public."HookConfig" (id, name, type, "implementationId", stage, category, endpoint, script, config, priority, "timeoutMs", "failBehavior", enabled, "applicableIngress", "createdAt", "updatedAt") VALUES ('6fd3320a-2719-4f18-9597-318a3268cd94', 'request-content-safety', 'builtin', 'content-safety', 'request', 'compliance', NULL, NULL, '{"onMatch": {"storageAction": "redact", "inflightAction": "block-soft"}, "categories": {"sexual": true, "illegal": true, "violence": true, "self_harm": true, "hate_speech": true}}', 7, 3000, 'fail-open', false, '{AI_GATEWAY,COMPLIANCE_PROXY}', '2026-05-08 14:45:51.236+00', '2026-05-10 16:41:16.834+00');
INSERT INTO public."HookConfig" (id, name, type, "implementationId", stage, category, endpoint, script, config, priority, "timeoutMs", "failBehavior", enabled, "applicableIngress", "createdAt", "updatedAt") VALUES ('f13a2ae9-7d91-4ab6-8238-b87e30622240', 'keyword-blocker', 'builtin', 'keyword-filter', 'request', 'compliance', NULL, NULL, '{"onMatch": {"storageAction": "redact", "inflightAction": "block-hard"}, "patterns": [{"pattern": "\\bconfidential\\b", "category": "business", "severity": "hard"}, {"pattern": "\\binternal[\\s-]only\\b", "category": "business", "severity": "hard"}, {"pattern": "\\bsecret[-\\s]project[-\\s]alpha\\b", "category": "business", "severity": "hard"}], "caseSensitive": false}', 20, 1000, 'fail-open', true, '{ALL}', '2026-05-08 14:45:48.957+00', '2026-05-13 18:22:58.085+00');
INSERT INTO public."HookConfig" (id, name, type, "implementationId", stage, category, endpoint, script, config, priority, "timeoutMs", "failBehavior", enabled, "applicableIngress", "createdAt", "updatedAt") VALUES ('ac9380e3-1c5e-45c4-a869-8cb646459d4d', 'request-body-size-cap', 'builtin', 'request-size-validator', 'request', 'traffic_control', NULL, NULL, '{"maxSizeBytes": 1048576, "excludeContentTypes": ["multipart/form-data"]}', 9, 2000, 'fail-open', false, '{ALL}', '2026-05-08 14:45:50.185+00', '2026-05-10 16:41:15.783+00');
INSERT INTO public."HookConfig" (id, name, type, "implementationId", stage, category, endpoint, script, config, priority, "timeoutMs", "failBehavior", enabled, "applicableIngress", "createdAt", "updatedAt") VALUES ('679786c9-466e-495a-9ad5-b545973374a8', 'data-residency-eu', 'builtin', 'data-residency', 'request', 'compliance', NULL, NULL, '{"policies": [{"allowedRegions": ["eu-west-1", "eu-central-1"], "classification": "CONFIDENTIAL"}, {"allowedRegions": ["eu-west-1"], "classification": "RESTRICTED"}]}', 15, 500, 'fail-closed', false, '{AI_GATEWAY}', '2026-05-08 14:45:50.448+00', '2026-05-10 16:41:16.025+00');


ALTER TABLE public."HookConfig" ENABLE TRIGGER ALL;

--
-- Data for Name: IdentityProvider; Type: TABLE DATA; Schema: public; Owner: -
--

ALTER TABLE public."IdentityProvider" DISABLE TRIGGER ALL;

INSERT INTO public."IdentityProvider" (id, type, name, enabled, config, "defaultRole", "defaultControlPlaneAccess", "jitEnabled", "createdAt", "updatedAt") VALUES ('00000000-0000-0000-0000-000000000001', 'local', 'Nexus Local', true, '{}', 'developers', false, false, '2026-05-08 14:49:37.561+00', '2026-05-10 16:44:23.72+00');


ALTER TABLE public."IdentityProvider" ENABLE TRIGGER ALL;

--
-- Data for Name: IamGroup; Type: TABLE DATA; Schema: public; Owner: -
--

ALTER TABLE public."IamGroup" DISABLE TRIGGER ALL;

INSERT INTO public."IamGroup" (id, name, description, "createdBy", "createdAt", "updatedAt", idp_group_name, identity_provider_id, source) VALUES ('e9614a74-1eb8-42b1-aa71-efc509527644', 'super-admins', 'Platform administrators with full access', 'seed-script', '2026-05-08 14:46:27.477+00', '2026-05-10 16:41:50.654+00', NULL, NULL, 'local');
INSERT INTO public."IamGroup" (id, name, description, "createdBy", "createdAt", "updatedAt", idp_group_name, identity_provider_id, source) VALUES ('a42f5031-cc14-4a62-993b-4bd668e58a44', 'security-admins', 'Compliance and security team with audit and monitoring access', 'seed-script', '2026-05-10 16:41:50.913+00', '2026-05-10 16:41:50.913+00', NULL, NULL, 'local');
INSERT INTO public."IamGroup" (id, name, description, "createdBy", "createdAt", "updatedAt", idp_group_name, identity_provider_id, source) VALUES ('7b1ddde3-19fc-442f-b342-69d3d2596714', 'compliance-team', 'Alias for security-admins (legacy name)', 'seed-script', '2026-05-08 14:46:31.244+00', '2026-05-10 16:41:51.151+00', NULL, NULL, 'local');
INSERT INTO public."IamGroup" (id, name, description, "createdBy", "createdAt", "updatedAt", idp_group_name, identity_provider_id, source) VALUES ('ea62b5e1-21dd-4dfc-a02a-ca302afe718b', 'provider-admins', 'AI Gateway operators: manage providers, models, routing, credentials, VKs', 'seed-script', '2026-05-10 16:41:51.44+00', '2026-05-10 16:41:51.44+00', NULL, NULL, 'local');
INSERT INTO public."IamGroup" (id, name, description, "createdBy", "createdAt", "updatedAt", idp_group_name, identity_provider_id, source) VALUES ('ac9e63f8-dfbd-48f4-8f6e-c0d477bc03dc', 'provider-managers', 'Alias for provider-admins (legacy name)', 'seed-script', '2026-05-08 14:46:34.556+00', '2026-05-10 16:41:51.681+00', NULL, NULL, 'local');
INSERT INTO public."IamGroup" (id, name, description, "createdBy", "createdAt", "updatedAt", idp_group_name, identity_provider_id, source) VALUES ('2c3eea76-735d-4535-970d-730e55fe5960', 'viewers', 'Read-only access to Control Plane dashboard', 'seed-script', '2026-05-08 14:46:37.728+00', '2026-05-10 16:41:51.96+00', NULL, NULL, 'local');
INSERT INTO public."IamGroup" (id, name, description, "createdBy", "createdAt", "updatedAt", idp_group_name, identity_provider_id, source) VALUES ('c9c3de6b-dc93-4768-a92e-db5322ff6234', 'developers', 'Developers with self-service VK and AI Gateway invocation access', 'seed-script', '2026-05-10 16:41:52.199+00', '2026-05-10 16:41:52.199+00', NULL, NULL, 'local');
INSERT INTO public."IamGroup" (id, name, description, "createdBy", "createdAt", "updatedAt", idp_group_name, identity_provider_id, source) VALUES ('022f8182-3eea-48c4-82e8-c3d8472a8499', 'members', 'Standard employees with agent login and AI Guard access only', 'seed-script', '2026-05-10 16:41:52.487+00', '2026-05-10 16:41:52.487+00', NULL, NULL, 'local');


ALTER TABLE public."IamGroup" ENABLE TRIGGER ALL;

--
-- Data for Name: IamGroupMembership; Type: TABLE DATA; Schema: public; Owner: -
--

ALTER TABLE public."IamGroupMembership" DISABLE TRIGGER ALL;

INSERT INTO public."IamGroupMembership" (id, "groupId", "principalType", "principalId", "createdAt") VALUES ('00f66b27-43fe-411a-a2d7-b0ec09a8bbb5', 'e9614a74-1eb8-42b1-aa71-efc509527644', 'api_key', 'b04d9c8b-bb4f-4ad0-81be-9abf38e469bd', '2026-05-08 14:46:42.428+00');
INSERT INTO public."IamGroupMembership" (id, "groupId", "principalType", "principalId", "createdAt") VALUES ('90a59003-6bfa-4427-a86e-1fd01c0495ee', '7b1ddde3-19fc-442f-b342-69d3d2596714', 'api_key', '6025ffb7-6991-4690-a40d-36ceb07641a5', '2026-05-08 14:46:45.334+00');
INSERT INTO public."IamGroupMembership" (id, "groupId", "principalType", "principalId", "createdAt") VALUES ('a22b511e-193b-485c-bb7f-95f2537725bc', 'ac9e63f8-dfbd-48f4-8f6e-c0d477bc03dc', 'api_key', '3ab4a037-0c1c-4688-b5b3-e04d921605f9', '2026-05-08 14:46:46.973+00');
INSERT INTO public."IamGroupMembership" (id, "groupId", "principalType", "principalId", "createdAt") VALUES ('b3a4306d-2d7e-44be-b7ce-5a58698c5a8b', '2c3eea76-735d-4535-970d-730e55fe5960', 'api_key', '9da5201a-6214-4170-a3b2-a6b3fc27f8e7', '2026-05-08 14:46:49.59+00');
INSERT INTO public."IamGroupMembership" (id, "groupId", "principalType", "principalId", "createdAt") VALUES ('0959f3b4-6125-4425-b346-841a52b5a3c8', 'e9614a74-1eb8-42b1-aa71-efc509527644', 'api_key', '5d026b23-2126-42bd-a304-7ed707829845', '2026-05-08 14:46:51.113+00');
INSERT INTO public."IamGroupMembership" (id, "groupId", "principalType", "principalId", "createdAt") VALUES ('1b14fdc8-1be6-4f7d-a90f-111b360feeec', '2c3eea76-735d-4535-970d-730e55fe5960', 'virtual_key', 'a0000001-0000-4000-8000-000000000001', '2026-05-08 14:46:53.315+00');
INSERT INTO public."IamGroupMembership" (id, "groupId", "principalType", "principalId", "createdAt") VALUES ('e653f2e5-261b-453d-bfd3-57b036bcbb4e', '2c3eea76-735d-4535-970d-730e55fe5960', 'virtual_key', 'a0000003-0000-4000-8000-000000000003', '2026-05-08 14:46:55.404+00');
INSERT INTO public."IamGroupMembership" (id, "groupId", "principalType", "principalId", "createdAt") VALUES ('30f71d09-2eb3-4722-8bfd-b10053faab04', 'e9614a74-1eb8-42b1-aa71-efc509527644', 'api_key', '3aa8243e-23fb-4c93-903d-2808c35275fb', '2026-05-08 14:52:33.516+00');
INSERT INTO public."IamGroupMembership" (id, "groupId", "principalType", "principalId", "createdAt") VALUES ('e1073697-aa38-4fba-b374-302d5fe8682c', '7b1ddde3-19fc-442f-b342-69d3d2596714', 'api_key', '6c23f2b0-409b-4edb-8f90-a2cba7629500', '2026-05-08 14:52:35.047+00');
INSERT INTO public."IamGroupMembership" (id, "groupId", "principalType", "principalId", "createdAt") VALUES ('82525872-d50c-4dd4-8696-cdde762055df', 'ac9e63f8-dfbd-48f4-8f6e-c0d477bc03dc', 'api_key', 'e09cc01e-039c-4f24-a886-c29742534616', '2026-05-08 14:52:36.684+00');
INSERT INTO public."IamGroupMembership" (id, "groupId", "principalType", "principalId", "createdAt") VALUES ('24557d47-903c-4438-9655-88fc54bff9b4', '2c3eea76-735d-4535-970d-730e55fe5960', 'api_key', '1b503c0a-bbd9-41db-a8af-b0e9a549e869', '2026-05-08 14:52:38.226+00');
INSERT INTO public."IamGroupMembership" (id, "groupId", "principalType", "principalId", "createdAt") VALUES ('c7385d67-1fc9-4d4f-b6ea-dbfba8d1fe85', 'e9614a74-1eb8-42b1-aa71-efc509527644', 'api_key', '9ed55f15-2cbf-4026-95a1-474e75b57f96', '2026-05-08 14:52:40.084+00');
INSERT INTO public."IamGroupMembership" (id, "groupId", "principalType", "principalId", "createdAt") VALUES ('933b6538-35b8-4df2-86cd-d50d948d3b4d', 'e9614a74-1eb8-42b1-aa71-efc509527644', 'api_key', '3e8f8368-804a-49a1-8c80-511a8056b4f6', '2026-05-08 15:56:56.125+00');
INSERT INTO public."IamGroupMembership" (id, "groupId", "principalType", "principalId", "createdAt") VALUES ('dc93b04a-be1b-4c40-9268-5177950ab0ae', '7b1ddde3-19fc-442f-b342-69d3d2596714', 'api_key', 'd6977c9e-aa32-4858-9543-858ab7277d73', '2026-05-08 15:56:57.433+00');
INSERT INTO public."IamGroupMembership" (id, "groupId", "principalType", "principalId", "createdAt") VALUES ('65078042-e75b-4f3e-93db-447fccb760ae', 'ac9e63f8-dfbd-48f4-8f6e-c0d477bc03dc', 'api_key', 'cb7d2a9f-27e7-4108-970c-f99801408505', '2026-05-08 15:56:58.969+00');
INSERT INTO public."IamGroupMembership" (id, "groupId", "principalType", "principalId", "createdAt") VALUES ('79209bf6-a646-49c2-a9f5-18510c7b8c2d', '2c3eea76-735d-4535-970d-730e55fe5960', 'api_key', 'a098d404-af96-4815-91f7-d6aa309db065', '2026-05-08 15:57:00.275+00');
INSERT INTO public."IamGroupMembership" (id, "groupId", "principalType", "principalId", "createdAt") VALUES ('77e74a1d-d1e8-4011-b49a-d164c02f7680', 'e9614a74-1eb8-42b1-aa71-efc509527644', 'api_key', '1ee0f197-1aba-4389-85f2-b25f9fc9e390', '2026-05-08 15:57:01.58+00');
INSERT INTO public."IamGroupMembership" (id, "groupId", "principalType", "principalId", "createdAt") VALUES ('f195e493-38e5-49ea-bb0b-7860c71c19e0', 'e9614a74-1eb8-42b1-aa71-efc509527644', 'api_key', '17cc6b77-f94f-48d4-9b3d-9071c4106430', '2026-05-08 16:01:32.548+00');
INSERT INTO public."IamGroupMembership" (id, "groupId", "principalType", "principalId", "createdAt") VALUES ('c235aa7d-57f5-4afb-af4d-8e6a0d0aba33', '7b1ddde3-19fc-442f-b342-69d3d2596714', 'api_key', '4a4a232a-4aee-4772-a83c-b93f57b9b496', '2026-05-08 16:01:34.118+00');
INSERT INTO public."IamGroupMembership" (id, "groupId", "principalType", "principalId", "createdAt") VALUES ('11b4dea9-5ece-46b0-a767-af31b2b9586f', 'ac9e63f8-dfbd-48f4-8f6e-c0d477bc03dc', 'api_key', 'd3ae3b1e-9be4-4c43-9277-aa1c126cd107', '2026-05-08 16:01:35.41+00');
INSERT INTO public."IamGroupMembership" (id, "groupId", "principalType", "principalId", "createdAt") VALUES ('879de45b-e662-49cd-b48b-cd2a392a773d', '2c3eea76-735d-4535-970d-730e55fe5960', 'api_key', '4274602f-ac65-41cb-87cb-7c09877065e2', '2026-05-08 16:01:36.703+00');
INSERT INTO public."IamGroupMembership" (id, "groupId", "principalType", "principalId", "createdAt") VALUES ('d805e407-468b-43a8-8f01-767b27226f0a', 'e9614a74-1eb8-42b1-aa71-efc509527644', 'api_key', '957bdb78-622f-4f27-af22-19b88af57c46', '2026-05-08 16:01:37.996+00');
INSERT INTO public."IamGroupMembership" (id, "groupId", "principalType", "principalId", "createdAt") VALUES ('2e9a91d9-fe76-407b-9d21-d1eca3c9ce3b', 'e9614a74-1eb8-42b1-aa71-efc509527644', 'api_key', 'b1b13ef4-59f5-43ad-8de3-7744edf5e209', '2026-05-08 16:45:44.494+00');
INSERT INTO public."IamGroupMembership" (id, "groupId", "principalType", "principalId", "createdAt") VALUES ('9745b69b-f75d-421e-a61f-32e43e54b9fb', '7b1ddde3-19fc-442f-b342-69d3d2596714', 'api_key', '65d20033-a0c8-4aa2-bf4e-f432feb17304', '2026-05-08 16:45:45.805+00');
INSERT INTO public."IamGroupMembership" (id, "groupId", "principalType", "principalId", "createdAt") VALUES ('7506c838-667d-470a-b465-991ddf3107a8', 'ac9e63f8-dfbd-48f4-8f6e-c0d477bc03dc', 'api_key', 'b9427b32-b0e9-4c54-a368-11ef4a1594ba', '2026-05-08 16:45:47.109+00');
INSERT INTO public."IamGroupMembership" (id, "groupId", "principalType", "principalId", "createdAt") VALUES ('0164f9b7-72c9-43fa-b5cd-71e33b5d4af4', '2c3eea76-735d-4535-970d-730e55fe5960', 'api_key', 'd73b323c-6d5a-4f86-846d-450aacc048b2', '2026-05-08 16:45:48.415+00');
INSERT INTO public."IamGroupMembership" (id, "groupId", "principalType", "principalId", "createdAt") VALUES ('3dfe1bfe-f210-4cff-b75e-bd87a97de1d6', 'e9614a74-1eb8-42b1-aa71-efc509527644', 'api_key', 'a4a43fb8-c60c-4c18-996d-c8e2252b7485', '2026-05-08 16:45:49.716+00');
INSERT INTO public."IamGroupMembership" (id, "groupId", "principalType", "principalId", "createdAt") VALUES ('70401a95-e923-470d-af47-25c8de9e81d6', 'e9614a74-1eb8-42b1-aa71-efc509527644', 'api_key', 'aacfd0c0-825e-402c-87de-feb401fd4386', '2026-05-08 16:51:08.975+00');
INSERT INTO public."IamGroupMembership" (id, "groupId", "principalType", "principalId", "createdAt") VALUES ('5c7bace2-d7ff-4d60-b17a-127bbf501413', '7b1ddde3-19fc-442f-b342-69d3d2596714', 'api_key', 'bf8e02cc-1d6f-42bd-aa19-9a5590e942c0', '2026-05-08 16:51:10.281+00');
INSERT INTO public."IamGroupMembership" (id, "groupId", "principalType", "principalId", "createdAt") VALUES ('6129847e-946d-4824-8679-03047b57eb86', 'ac9e63f8-dfbd-48f4-8f6e-c0d477bc03dc', 'api_key', 'a35ea306-0c17-4ced-a6b1-995e66680ce5', '2026-05-08 16:51:11.583+00');
INSERT INTO public."IamGroupMembership" (id, "groupId", "principalType", "principalId", "createdAt") VALUES ('0310bc8a-ece7-4076-a994-03959a79dc62', '2c3eea76-735d-4535-970d-730e55fe5960', 'api_key', '63c82fbc-622f-45e4-b651-4ee6e0bd3715', '2026-05-08 16:51:12.967+00');
INSERT INTO public."IamGroupMembership" (id, "groupId", "principalType", "principalId", "createdAt") VALUES ('e794c576-e171-4865-a1f7-f17cfe88bc13', 'e9614a74-1eb8-42b1-aa71-efc509527644', 'api_key', '99aa8305-85ba-4360-8875-92f404b4f42a', '2026-05-08 16:51:14.273+00');
INSERT INTO public."IamGroupMembership" (id, "groupId", "principalType", "principalId", "createdAt") VALUES ('450bf339-4ff3-49a6-8b9e-aef5dfd2f187', 'e9614a74-1eb8-42b1-aa71-efc509527644', 'nexus_user', 'nexus-user-super-admin', '2026-05-08 14:49:24.396+00');
INSERT INTO public."IamGroupMembership" (id, "groupId", "principalType", "principalId", "createdAt") VALUES ('09126613-f872-4aab-8467-3cee5e2fdfdd', 'e9614a74-1eb8-42b1-aa71-efc509527644', 'nexus_user', 'nexus-user-admin', '2026-05-08 14:49:26.185+00');
INSERT INTO public."IamGroupMembership" (id, "groupId", "principalType", "principalId", "createdAt") VALUES ('af6cd511-4691-4ddb-a5ac-4d89d6220200', '7b1ddde3-19fc-442f-b342-69d3d2596714', 'nexus_user', 'nexus-user-compliance', '2026-05-08 14:49:28.262+00');
INSERT INTO public."IamGroupMembership" (id, "groupId", "principalType", "principalId", "createdAt") VALUES ('d522b046-485e-46af-887a-b977024e14ff', 'ac9e63f8-dfbd-48f4-8f6e-c0d477bc03dc', 'nexus_user', 'nexus-user-provider-ops', '2026-05-08 14:49:30.621+00');
INSERT INTO public."IamGroupMembership" (id, "groupId", "principalType", "principalId", "createdAt") VALUES ('7409fa1b-1cf6-41fc-a1da-b172f000f908', '2c3eea76-735d-4535-970d-730e55fe5960', 'nexus_user', 'nexus-user-viewer', '2026-05-08 14:49:32.486+00');
INSERT INTO public."IamGroupMembership" (id, "groupId", "principalType", "principalId", "createdAt") VALUES ('8e07766a-e791-43a4-a45a-d91eb9c82f70', 'e9614a74-1eb8-42b1-aa71-efc509527644', 'api_key', 'a5e8d4b2-d8fd-487f-a830-6a3437c715d0', '2026-05-10 16:42:07.691+00');
INSERT INTO public."IamGroupMembership" (id, "groupId", "principalType", "principalId", "createdAt") VALUES ('3788ea7b-eac3-465a-946b-98bed127a251', '7b1ddde3-19fc-442f-b342-69d3d2596714', 'api_key', '8d9a559f-0365-41d7-abb0-ed64aee6e2ff', '2026-05-10 16:42:09.014+00');
INSERT INTO public."IamGroupMembership" (id, "groupId", "principalType", "principalId", "createdAt") VALUES ('f84e169e-6104-4092-8687-be45ac75e93e', 'ac9e63f8-dfbd-48f4-8f6e-c0d477bc03dc', 'api_key', 'cc0488ec-88c0-4219-97d0-ae255a1ef365', '2026-05-10 16:42:10.31+00');
INSERT INTO public."IamGroupMembership" (id, "groupId", "principalType", "principalId", "createdAt") VALUES ('24f75549-b4fa-4e61-afd0-7f8c0374b370', '2c3eea76-735d-4535-970d-730e55fe5960', 'api_key', '40228302-4977-4dad-b8f4-faeaa76bf635', '2026-05-10 16:42:11.595+00');
INSERT INTO public."IamGroupMembership" (id, "groupId", "principalType", "principalId", "createdAt") VALUES ('57d87a43-2caa-445c-bec5-898d762ff2b7', 'e9614a74-1eb8-42b1-aa71-efc509527644', 'api_key', '86c3123d-4f10-4890-88f7-936e17780b37', '2026-05-10 16:42:12.933+00');
INSERT INTO public."IamGroupMembership" (id, "groupId", "principalType", "principalId", "createdAt") VALUES ('a4868879-aa52-4fac-9120-38e4431dc025', 'a42f5031-cc14-4a62-993b-4bd668e58a44', 'nexus_user', 'nexus-user-admin', '2026-05-10 16:44:15.094+00');
INSERT INTO public."IamGroupMembership" (id, "groupId", "principalType", "principalId", "createdAt") VALUES ('decf7fce-3953-4f0a-ae12-d786d3205b6d', 'a42f5031-cc14-4a62-993b-4bd668e58a44', 'nexus_user', 'nexus-user-compliance', '2026-05-10 16:44:16.376+00');
INSERT INTO public."IamGroupMembership" (id, "groupId", "principalType", "principalId", "createdAt") VALUES ('f53186fe-ef87-46f7-b6b6-b6b5eca9bb9c', 'ea62b5e1-21dd-4dfc-a02a-ca302afe718b', 'nexus_user', 'nexus-user-provider-ops', '2026-05-10 16:44:17.713+00');
INSERT INTO public."IamGroupMembership" (id, "groupId", "principalType", "principalId", "createdAt") VALUES ('f17af569-3a2c-4efa-be22-c140864fb2fd', '022f8182-3eea-48c4-82e8-c3d8472a8499', 'nexus_user', 'f9cf5b74-b5eb-4277-95e0-a2277250f3b5', '2026-05-15 05:24:14.43+00');
INSERT INTO public."IamGroupMembership" (id, "groupId", "principalType", "principalId", "createdAt") VALUES ('9af052f2-2b4e-49c9-897d-617f88ce2841', 'c9c3de6b-dc93-4768-a92e-db5322ff6234', 'nexus_user', 'f9cf5b74-b5eb-4277-95e0-a2277250f3b5', '2026-05-15 05:24:22.179+00');
INSERT INTO public."IamGroupMembership" (id, "groupId", "principalType", "principalId", "createdAt") VALUES ('47749f89-e634-40cf-8ed8-76e5c5093c45', '2c3eea76-735d-4535-970d-730e55fe5960', 'nexus_user', 'f9cf5b74-b5eb-4277-95e0-a2277250f3b5', '2026-05-15 05:24:29.759+00');


ALTER TABLE public."IamGroupMembership" ENABLE TRIGGER ALL;

--
-- Data for Name: IamPolicy; Type: TABLE DATA; Schema: public; Owner: -
--

ALTER TABLE public."IamPolicy" DISABLE TRIGGER ALL;

INSERT INTO public."IamPolicy" (id, name, description, type, document, enabled, "createdBy", "createdAt", "updatedAt") VALUES ('39397464-ea15-4041-8029-482f7ad2b7f3', 'NexusSuperAdmin', 'Full access to all Nexus Gateway resources and actions', 'managed', '{"Version": "2026-04-20", "Statement": [{"Sid": "FullAccess", "Action": ["*"], "Effect": "Allow", "Resource": ["nrn:nexus:*:*:*/*"]}]}', true, 'seed-script', '2026-05-08 14:46:24.533+00', '2026-05-10 16:41:38.855+00');
INSERT INTO public."IamPolicy" (id, name, description, type, document, enabled, "createdBy", "createdAt", "updatedAt") VALUES ('4b0cec72-dca1-49d8-82fa-8f84259d9b90', 'NexusAdminFullAccess', 'Full platform administration — wildcard on every action and resource', 'managed', '{"Version": "2026-05-12", "Statement": [{"Sid": "platform-wildcard", "Action": ["admin:*"], "Effect": "Allow", "Resource": ["*"]}]}', true, 'seed-script', '2026-05-10 16:41:52.726+00', '2026-05-10 16:41:52.726+00');
INSERT INTO public."IamPolicy" (id, name, description, type, document, enabled, "createdBy", "createdAt", "updatedAt") VALUES ('56cc0c4a-1eb3-47c7-b9a8-a340c85292e6', 'NexusGatewayInvokeAll', 'Internal developer — role-identity marker for VK-authenticated AI Gateway invocation', 'managed', '{"Version": "2026-05-12", "Statement": [{"Sid": "gateway-model-invocation", "Action": ["gateway:invoke:*"], "Effect": "Allow", "Resource": ["*"]}]}', true, 'seed-script', '2026-05-10 16:41:53.845+00', '2026-05-10 16:41:53.845+00');
INSERT INTO public."IamPolicy" (id, name, description, type, document, enabled, "createdBy", "createdAt", "updatedAt") VALUES ('ea6be045-ad4b-473d-8b0d-4e732fa09825', 'NexusAgentAccess', 'Standard employee — role-identity marker for Agent-client traffic interception', 'managed', '{"Version": "2026-05-12", "Statement": [{"Sid": "ai-guard-invocation", "Action": ["ai-guard:invoke"], "Effect": "Allow", "Resource": ["*"]}, {"Sid": "device-heartbeat", "Action": ["device:heartbeat"], "Effect": "Allow", "Resource": ["*"]}]}', true, 'seed-script', '2026-05-10 16:41:54.085+00', '2026-05-10 16:41:54.085+00');
INSERT INTO public."IamPolicy" (id, name, description, type, document, enabled, "createdBy", "createdAt", "updatedAt") VALUES ('d808273b-8816-4795-a9ce-4f63e5a07543', 'NexusProviderAdminAccess', 'AI Gateway operators — own providers, models, credentials, virtual keys, routing, quotas', 'managed', '{"Version": "2026-05-12", "Statement": [{"Sid": "providers-admin", "Action": ["admin:provider.*"], "Effect": "Allow", "Resource": ["nrn:nexus:gateway:*:provider/*"]}, {"Sid": "models-admin", "Action": ["admin:model.*"], "Effect": "Allow", "Resource": ["nrn:nexus:gateway:*:model/*"]}, {"Sid": "model-pricing-admin", "Action": ["admin:model-pricing.*"], "Effect": "Allow", "Resource": ["nrn:nexus:gateway:*:model-pricing/*"]}, {"Sid": "credentials-admin", "Action": ["admin:credential.*"], "Effect": "Allow", "Resource": ["nrn:nexus:gateway:*:credential/*"]}, {"Sid": "virtual-keys-admin", "Action": ["admin:virtual-key.*"], "Effect": "Allow", "Resource": ["nrn:nexus:gateway:*:virtual-key/*"]}, {"Sid": "routing-rules-admin", "Action": ["admin:routing-rule.*"], "Effect": "Allow", "Resource": ["nrn:nexus:gateway:*:routing-rule/*"]}, {"Sid": "quota-policies-admin", "Action": ["admin:quota-policy.*"], "Effect": "Allow", "Resource": ["nrn:nexus:gateway:*:quota-policy/*"]}, {"Sid": "quota-overrides-admin", "Action": ["admin:quota-override.*"], "Effect": "Allow", "Resource": ["nrn:nexus:gateway:*:quota-override/*"]}, {"Sid": "quota-analytics-read", "Action": ["admin:quota-analytics.*"], "Effect": "Allow", "Resource": ["nrn:nexus:gateway:*:quota-analytics/*"]}, {"Sid": "analytics-read", "Action": ["admin:analytics.*"], "Effect": "Allow", "Resource": ["nrn:nexus:gateway:*:analytics/*"]}, {"Sid": "traffic-logs-read", "Action": ["admin:traffic-log.*"], "Effect": "Allow", "Resource": ["nrn:nexus:gateway:*:traffic-log/*"]}, {"Sid": "prompt-cache-admin", "Action": ["admin:prompt-cache.*"], "Effect": "Allow", "Resource": ["nrn:nexus:gateway:*:prompt-cache/*"]}, {"Sid": "hooks-admin", "Action": ["admin:hook.*"], "Effect": "Allow", "Resource": ["nrn:nexus:compliance:*:hook/*"]}, {"Sid": "rule-packs-admin", "Action": ["admin:rule-pack.*"], "Effect": "Allow", "Resource": ["nrn:nexus:compliance:*:rule-pack/*"]}, {"Sid": "orgs-manage-no-delete", "Action": ["admin:organization.read", "admin:organization.create", "admin:organization.update"], "Effect": "Allow", "Resource": ["nrn:nexus:iam:*:organization/*"]}, {"Sid": "projects-manage-no-delete", "Action": ["admin:project.read", "admin:project.create", "admin:project.update"], "Effect": "Allow", "Resource": ["nrn:nexus:iam:*:project/*"]}, {"Sid": "alerts-read", "Action": ["admin:alert.read"], "Effect": "Allow", "Resource": ["nrn:nexus:platform:*:alert/*"]}, {"Sid": "audit-logs-read-and-export", "Action": ["admin:audit-log.*"], "Effect": "Allow", "Resource": ["nrn:nexus:iam:*:audit-log/*"]}, {"Sid": "revocations-read", "Action": ["admin:revocation.*"], "Effect": "Allow", "Resource": ["nrn:nexus:iam:*:revocation/*"]}, {"Sid": "nodes-ai-gateway-ops", "Action": ["admin:node.read", "admin:node.write-override", "admin:node.force-resync"], "Effect": "Allow", "Resource": ["nrn:nexus:platform:*:node/*"]}, {"Sid": "api-keys-read", "Action": ["admin:api-key.read"], "Effect": "Allow", "Resource": ["nrn:nexus:iam:*:api-key/*"]}, {"Sid": "device-enrollment-enroll", "Action": ["admin:device-enrollment.enroll"], "Effect": "Allow", "Resource": ["nrn:nexus:iam::iam:device-enrollment"]}, {"Sid": "passthrough-read", "Action": ["admin:passthrough.read"], "Effect": "Allow", "Resource": ["nrn:nexus:gateway:*:passthrough/*"]}, {"Sid": "passthrough-write", "Action": ["admin:passthrough.write"], "Effect": "Allow", "Resource": ["nrn:nexus:gateway:*:passthrough/*"]}]}', true, 'seed-script', '2026-05-10 16:41:53.251+00', '2026-05-13 16:09:24.221+00');
INSERT INTO public."IamPolicy" (id, name, description, type, document, enabled, "createdBy", "createdAt", "updatedAt") VALUES ('a677c0bb-dc15-450f-ad19-ff1ab363318f', 'NexusViewerAccess', 'Read-only auditor — every read across the platform plus routing simulation', 'managed', '{"Version": "2026-05-12", "Statement": [{"Sid": "global-read", "Action": ["admin:*.read"], "Effect": "Allow", "Resource": ["*"]}, {"Sid": "routing-rules-simulate-only", "Action": ["admin:routing-rule.simulate"], "Effect": "Allow", "Resource": ["nrn:nexus:gateway:*:routing-rule/*"]}]}', true, 'seed-script', '2026-05-10 16:41:53.532+00', '2026-05-10 16:41:53.532+00');
INSERT INTO public."IamPolicy" (id, name, description, type, document, enabled, "createdBy", "createdAt", "updatedAt") VALUES ('15a8355b-8818-4114-bf97-8a699a74f6e3', 'NexusSecurityAdminAccess', 'Security & compliance team — owns compliance pipeline, audit, alerts, incident response', 'managed', '{"Version": "2026-05-12", "Statement": [{"Sid": "hooks-admin", "Action": ["admin:hook.*"], "Effect": "Allow", "Resource": ["nrn:nexus:compliance:*:hook/*"]}, {"Sid": "rule-packs-admin", "Action": ["admin:rule-pack.*"], "Effect": "Allow", "Resource": ["nrn:nexus:compliance:*:rule-pack/*"]}, {"Sid": "compliance-exemptions-manage", "Action": ["admin:compliance-exemption.read", "admin:compliance-exemption.update", "admin:compliance-exemption.delete", "admin:compliance-exemption.reject"], "Effect": "Allow", "Resource": ["nrn:nexus:compliance:*:compliance-exemption/*"]}, {"Sid": "interception-domains-admin", "Action": ["admin:interception-domain.*"], "Effect": "Allow", "Resource": ["nrn:nexus:compliance:*:interception-domain/*"]}, {"Sid": "dsar-lifecycle", "Action": ["admin:dsar.read", "admin:dsar.create", "admin:dsar.update", "admin:dsar.fulfill"], "Effect": "Allow", "Resource": ["nrn:nexus:compliance:*:dsar/*"]}, {"Sid": "compliance-reports-read", "Action": ["admin:compliance-report.*"], "Effect": "Allow", "Resource": ["nrn:nexus:compliance:*:compliance-report/*"]}, {"Sid": "payload-capture-admin", "Action": ["admin:payload-capture.*"], "Effect": "Allow", "Resource": ["nrn:nexus:compliance:*:payload-capture/*"]}, {"Sid": "alerts-admin", "Action": ["admin:alert.*"], "Effect": "Allow", "Resource": ["nrn:nexus:platform:*:alert/*"]}, {"Sid": "audit-logs-read-and-export", "Action": ["admin:audit-log.*"], "Effect": "Allow", "Resource": ["nrn:nexus:iam:*:audit-log/*"]}, {"Sid": "revocations-read", "Action": ["admin:revocation.*"], "Effect": "Allow", "Resource": ["nrn:nexus:iam:*:revocation/*"]}, {"Sid": "kill-switch-admin", "Action": ["admin:kill-switch.*"], "Effect": "Allow", "Resource": ["nrn:nexus:compliance:*:kill-switch/*"]}, {"Sid": "ai-guard-config-admin", "Action": ["admin:ai-guard-config.*"], "Effect": "Allow", "Resource": ["nrn:nexus:compliance:*:ai-guard-config/*"]}, {"Sid": "observability-incident-response", "Action": ["admin:observability.*"], "Effect": "Allow", "Resource": ["nrn:nexus:platform:*:observability/*"]}, {"Sid": "nodes-incident-response", "Action": ["admin:node.read", "admin:node.force-resync"], "Effect": "Allow", "Resource": ["nrn:nexus:platform:*:node/*"]}, {"Sid": "users-read-for-audit", "Action": ["admin:user.read"], "Effect": "Allow", "Resource": ["nrn:nexus:iam:*:user/*"]}, {"Sid": "iam-policies-read-for-audit", "Action": ["admin:iam-policy.read"], "Effect": "Allow", "Resource": ["nrn:nexus:iam:*:iam-policy/*"]}, {"Sid": "iam-groups-read-for-audit", "Action": ["admin:iam-group.read"], "Effect": "Allow", "Resource": ["nrn:nexus:iam:*:iam-group/*"]}, {"Sid": "orgs-read-for-audit", "Action": ["admin:organization.read"], "Effect": "Allow", "Resource": ["nrn:nexus:iam:*:organization/*"]}, {"Sid": "projects-read-for-audit", "Action": ["admin:project.read"], "Effect": "Allow", "Resource": ["nrn:nexus:iam:*:project/*"]}, {"Sid": "api-keys-read", "Action": ["admin:api-key.read"], "Effect": "Allow", "Resource": ["nrn:nexus:iam:*:api-key/*"]}, {"Sid": "settings-read-for-nav", "Action": ["admin:settings.read"], "Effect": "Allow", "Resource": ["nrn:nexus:platform:*:settings/*"]}, {"Sid": "identity-provider-read-for-audit", "Action": ["admin:identity-provider.read"], "Effect": "Allow", "Resource": ["nrn:nexus:iam:*:identity-provider/*"]}, {"Sid": "traffic-logs-forensic-read", "Action": ["admin:traffic-log.*"], "Effect": "Allow", "Resource": ["nrn:nexus:gateway:*:traffic-log/*"]}, {"Sid": "analytics-forensic-read", "Action": ["admin:analytics.*"], "Effect": "Allow", "Resource": ["nrn:nexus:gateway:*:analytics/*"]}, {"Sid": "quota-analytics-forensic-read", "Action": ["admin:quota-analytics.*"], "Effect": "Allow", "Resource": ["nrn:nexus:gateway:*:quota-analytics/*"]}, {"Sid": "agent-devices-forensic-read", "Action": ["admin:agent-device.read"], "Effect": "Allow", "Resource": ["nrn:nexus:agent:*:agent-device/*"]}, {"Sid": "device-groups-admin", "Action": ["admin:device-group.*"], "Effect": "Allow", "Resource": ["nrn:nexus:agent:*:device-group/*"]}, {"Sid": "device-defaults-admin", "Action": ["admin:device-defaults.*"], "Effect": "Allow", "Resource": ["nrn:nexus:agent:*:device-defaults/*"]}, {"Sid": "routing-rules-simulate-only", "Action": ["admin:routing-rule.simulate"], "Effect": "Allow", "Resource": ["nrn:nexus:gateway:*:routing-rule/*"]}, {"Sid": "passthrough-read", "Action": ["admin:passthrough.read"], "Effect": "Allow", "Resource": ["nrn:nexus:gateway:*:passthrough/*"]}, {"Sid": "passthrough-write", "Action": ["admin:passthrough.write"], "Effect": "Allow", "Resource": ["nrn:nexus:gateway:*:passthrough/*"]}]}', true, 'seed-script', '2026-05-10 16:41:53.014+00', '2026-05-13 16:09:24.221+00');
INSERT INTO public."IamPolicy" (id, name, description, type, document, enabled, "createdBy", "createdAt", "updatedAt") VALUES ('2f7d4d48-3e7c-4e48-8c48-7a48d3e48e48', 'NexusIncidentResponse', 'On-call incident response — operate E48 emergency passthrough kill-switch, force-resync nodes, read traffic & metrics during active incidents', 'managed', '{"Version": "2026-05-13", "Statement": [{"Sid": "passthrough-emergency-enable", "Action": ["admin:passthrough.emergency-enable"], "Effect": "Allow", "Resource": ["nrn:nexus:gateway:*:passthrough/*"]}, {"Sid": "passthrough-read-write", "Action": ["admin:passthrough.read", "admin:passthrough.write"], "Effect": "Allow", "Resource": ["nrn:nexus:gateway:*:passthrough/*"]}, {"Sid": "observability-incident-response", "Action": ["admin:observability.read"], "Effect": "Allow", "Resource": ["nrn:nexus:platform:*:observability/*"]}, {"Sid": "alerts-acknowledge", "Action": ["admin:alert.read", "admin:alert.acknowledge"], "Effect": "Allow", "Resource": ["nrn:nexus:platform:*:alert/*"]}, {"Sid": "traffic-logs-forensic-read", "Action": ["admin:traffic-log.read"], "Effect": "Allow", "Resource": ["nrn:nexus:gateway:*:traffic-log/*"]}, {"Sid": "audit-logs-read", "Action": ["admin:audit-log.read"], "Effect": "Allow", "Resource": ["nrn:nexus:iam:*:audit-log/*"]}, {"Sid": "nodes-incident-resync", "Action": ["admin:node.read", "admin:node.force-resync"], "Effect": "Allow", "Resource": ["nrn:nexus:platform:*:node/*"]}, {"Sid": "kill-switch-toggle", "Action": ["admin:kill-switch.toggle"], "Effect": "Allow", "Resource": ["nrn:nexus:compliance:*:kill-switch/*"]}, {"Sid": "settings-read-for-nav", "Action": ["admin:settings.read"], "Effect": "Allow", "Resource": ["nrn:nexus:platform:*:settings/*"]}]}', true, 'seed-script', '2026-05-13 16:09:24.221+00', '2026-05-13 16:09:24.221+00');


ALTER TABLE public."IamPolicy" ENABLE TRIGGER ALL;

--
-- Data for Name: IamGroupPolicyAttachment; Type: TABLE DATA; Schema: public; Owner: -
--

ALTER TABLE public."IamGroupPolicyAttachment" DISABLE TRIGGER ALL;

INSERT INTO public."IamGroupPolicyAttachment" (id, "groupId", "policyId", "createdAt") VALUES ('0d75a12a-f07a-44de-a50e-5fa20fbaf90c', 'e9614a74-1eb8-42b1-aa71-efc509527644', '39397464-ea15-4041-8029-482f7ad2b7f3', '2026-05-08 14:46:29.173+00');
INSERT INTO public."IamGroupPolicyAttachment" (id, "groupId", "policyId", "createdAt") VALUES ('9e4702ab-f586-4a81-90a7-95f54fdd2f64', 'e9614a74-1eb8-42b1-aa71-efc509527644', '4b0cec72-dca1-49d8-82fa-8f84259d9b90', '2026-05-10 16:41:55.117+00');
INSERT INTO public."IamGroupPolicyAttachment" (id, "groupId", "policyId", "createdAt") VALUES ('0c61a0e5-c9f1-42a9-80af-838ed147c135', 'a42f5031-cc14-4a62-993b-4bd668e58a44', '15a8355b-8818-4114-bf97-8a699a74f6e3', '2026-05-10 16:41:56.68+00');
INSERT INTO public."IamGroupPolicyAttachment" (id, "groupId", "policyId", "createdAt") VALUES ('ff7dda28-121a-43d7-b5e0-901b296a0dd5', '7b1ddde3-19fc-442f-b342-69d3d2596714', '15a8355b-8818-4114-bf97-8a699a74f6e3', '2026-05-10 16:41:58.251+00');
INSERT INTO public."IamGroupPolicyAttachment" (id, "groupId", "policyId", "createdAt") VALUES ('148b6c2f-dc59-4cda-a502-a5836b0a2db3', 'ea62b5e1-21dd-4dfc-a02a-ca302afe718b', 'd808273b-8816-4795-a9ce-4f63e5a07543', '2026-05-10 16:41:59.822+00');
INSERT INTO public."IamGroupPolicyAttachment" (id, "groupId", "policyId", "createdAt") VALUES ('c77e3a53-75a5-4df2-aa4f-947fcb630993', 'ac9e63f8-dfbd-48f4-8f6e-c0d477bc03dc', 'd808273b-8816-4795-a9ce-4f63e5a07543', '2026-05-10 16:42:01.397+00');
INSERT INTO public."IamGroupPolicyAttachment" (id, "groupId", "policyId", "createdAt") VALUES ('8a4ddedd-696e-47f0-bd1e-5b52fd77caed', '2c3eea76-735d-4535-970d-730e55fe5960', 'a677c0bb-dc15-450f-ad19-ff1ab363318f', '2026-05-10 16:42:02.971+00');
INSERT INTO public."IamGroupPolicyAttachment" (id, "groupId", "policyId", "createdAt") VALUES ('96fddea8-bb79-4191-828b-c64a038d4c8c', 'c9c3de6b-dc93-4768-a92e-db5322ff6234', '56cc0c4a-1eb3-47c7-b9a8-a340c85292e6', '2026-05-10 16:42:04.548+00');
INSERT INTO public."IamGroupPolicyAttachment" (id, "groupId", "policyId", "createdAt") VALUES ('1c2f3b58-cdec-427a-92ec-435a7a1e877f', '022f8182-3eea-48c4-82e8-c3d8472a8499', 'ea6be045-ad4b-473d-8b0d-4e732fa09825', '2026-05-10 16:42:06.111+00');


ALTER TABLE public."IamGroupPolicyAttachment" ENABLE TRIGGER ALL;

--
-- Data for Name: IamPolicyAttachment; Type: TABLE DATA; Schema: public; Owner: -
--

ALTER TABLE public."IamPolicyAttachment" DISABLE TRIGGER ALL;

INSERT INTO public."IamPolicyAttachment" (id, "principalType", "principalId", "policyId", "createdAt", expires_at) VALUES ('6aaf9dfe-efc7-436f-afae-3a783899754d', 'nexus_user', 'nexus-user-super-admin', '39397464-ea15-4041-8029-482f7ad2b7f3', '2026-05-08 14:49:17.317+00', NULL);
INSERT INTO public."IamPolicyAttachment" (id, "principalType", "principalId", "policyId", "createdAt", expires_at) VALUES ('104228e4-89fd-4252-9845-6d95057acc48', 'nexus_user', 'nexus-user-admin', '39397464-ea15-4041-8029-482f7ad2b7f3', '2026-05-08 14:49:18.62+00', NULL);


ALTER TABLE public."IamPolicyAttachment" ENABLE TRIGGER ALL;

--
-- Data for Name: IdpGroupMapping; Type: TABLE DATA; Schema: public; Owner: -
--

ALTER TABLE public."IdpGroupMapping" DISABLE TRIGGER ALL;



ALTER TABLE public."IdpGroupMapping" ENABLE TRIGGER ALL;

--
-- Data for Name: MetricRollup; Type: TABLE DATA; Schema: public; Owner: -
--

ALTER TABLE public."MetricRollup" DISABLE TRIGGER ALL;



ALTER TABLE public."MetricRollup" ENABLE TRIGGER ALL;

--
-- Data for Name: Model; Type: TABLE DATA; Schema: public; Owner: -
--

ALTER TABLE public."Model" DISABLE TRIGGER ALL;

INSERT INTO public."Model" (id, name, description, "providerId", "providerModelId", type, features, "inputPricePerMillion", "outputPricePerMillion", "maxContextTokens", "maxOutputTokens", status, "deprecationDate", "replacedBy", aliases, enabled, "createdAt", "updatedAt", code) VALUES ('336c5475-8c81-4e9e-9a29-a1c26517bce0', 'o4 Mini', 'Compact reasoning model in the o-series family.', '6b6d307f-a80b-4dcb-801b-1ffa07e25cab', 'o4-mini', 'chat', '{streaming}', 0.600000000000000000000000000000, 2.400000000000000000000000000000, 200000, 100000, 'deprecated', '2026-10-23 00:00:00+00', 'gpt-5.4-mini', '{}', true, '2026-05-08 14:45:06.724+00', '2026-05-10 16:40:50.621+00', 'o4-mini');
INSERT INTO public."Model" (id, name, description, "providerId", "providerModelId", type, features, "inputPricePerMillion", "outputPricePerMillion", "maxContextTokens", "maxOutputTokens", status, "deprecationDate", "replacedBy", aliases, enabled, "createdAt", "updatedAt", code) VALUES ('6bf24832-0b9a-4175-b5e3-e0de4c9ed387', 'GPT-5.5', 'Latest flagship GPT-5 model for complex reasoning, coding, and professional work.', '6b6d307f-a80b-4dcb-801b-1ffa07e25cab', 'gpt-5.5', 'chat', '{vision,function_calling,streaming,json_mode}', 5, 30, 256000, 32768, 'active', NULL, NULL, '{}', true, '2026-05-08 14:45:06.99+00', '2026-05-10 16:40:50.861+00', 'gpt-5.5');
INSERT INTO public."Model" (id, name, description, "providerId", "providerModelId", type, features, "inputPricePerMillion", "outputPricePerMillion", "maxContextTokens", "maxOutputTokens", status, "deprecationDate", "replacedBy", aliases, enabled, "createdAt", "updatedAt", code) VALUES ('b30ca49e-34a3-4183-b67e-50306cc387e2', 'GPT-5.4', 'More affordable GPT-5 model for coding and professional work.', '6b6d307f-a80b-4dcb-801b-1ffa07e25cab', 'gpt-5.4', 'chat', '{vision,function_calling,streaming,json_mode}', 2.5, 15, 256000, 32768, 'active', NULL, NULL, '{}', true, '2026-05-08 14:45:07.255+00', '2026-05-10 16:40:51.151+00', 'gpt-5.4');
INSERT INTO public."Model" (id, name, description, "providerId", "providerModelId", type, features, "inputPricePerMillion", "outputPricePerMillion", "maxContextTokens", "maxOutputTokens", status, "deprecationDate", "replacedBy", aliases, enabled, "createdAt", "updatedAt", code) VALUES ('83ef5dcd-45c6-494a-97c1-0d08ab54832c', 'GPT-5.4 Mini', 'Strongest mini model for coding, computer use, and subagents.', '6b6d307f-a80b-4dcb-801b-1ffa07e25cab', 'gpt-5.4-mini', 'chat', '{vision,function_calling,streaming,json_mode}', 0.75, 4.5, 128000, 16384, 'active', NULL, NULL, '{}', true, '2026-05-08 14:45:07.519+00', '2026-05-10 16:40:51.5+00', 'gpt-5.4-mini');
INSERT INTO public."Model" (id, name, description, "providerId", "providerModelId", type, features, "inputPricePerMillion", "outputPricePerMillion", "maxContextTokens", "maxOutputTokens", status, "deprecationDate", "replacedBy", aliases, enabled, "createdAt", "updatedAt", code) VALUES ('b299b0f2-8e10-4deb-aed9-2def5b7ea2b7', 'GPT-5.4 Nano', 'Lowest-latency, lowest-cost GPT-5 variant for high-volume tasks.', '6b6d307f-a80b-4dcb-801b-1ffa07e25cab', 'gpt-5.4-nano', 'chat', '{streaming,json_mode}', 0.2, 1.25, 128000, 16384, 'active', NULL, NULL, '{}', true, '2026-05-08 14:45:08.088+00', '2026-05-10 16:40:51.741+00', 'gpt-5.4-nano');
INSERT INTO public."Model" (id, name, description, "providerId", "providerModelId", type, features, "inputPricePerMillion", "outputPricePerMillion", "maxContextTokens", "maxOutputTokens", status, "deprecationDate", "replacedBy", aliases, enabled, "createdAt", "updatedAt", code) VALUES ('30427b06-24a9-420a-a574-893d18585acf', 'GPT-4.1', 'GPT-4.1 multimodal model.', '6b6d307f-a80b-4dcb-801b-1ffa07e25cab', 'gpt-4.1', 'chat', '{vision,function_calling,streaming,json_mode}', 2.000000000000000000000000000000, 8.000000000000000000000000000000, 128000, 16384, 'active', NULL, NULL, '{}', true, '2026-05-08 14:45:08.355+00', '2026-05-10 16:40:51.981+00', 'gpt-4.1');
INSERT INTO public."Model" (id, name, description, "providerId", "providerModelId", type, features, "inputPricePerMillion", "outputPricePerMillion", "maxContextTokens", "maxOutputTokens", status, "deprecationDate", "replacedBy", aliases, enabled, "createdAt", "updatedAt", code) VALUES ('a7387e60-64a9-49b5-9acf-cf62c4cde100', 'Text Embedding 3 Small', 'Most cost-effective embedding model. Good for most use cases.', '6b6d307f-a80b-4dcb-801b-1ffa07e25cab', 'text-embedding-3-small', 'embedding', '{}', 0.020000000000000000000000000000, 0.000000000000000000000000000000, 8191, NULL, 'active', NULL, NULL, '{}', true, '2026-05-08 14:45:08.62+00', '2026-05-10 16:40:52.222+00', 'text-embedding-3-small');
INSERT INTO public."Model" (id, name, description, "providerId", "providerModelId", type, features, "inputPricePerMillion", "outputPricePerMillion", "maxContextTokens", "maxOutputTokens", status, "deprecationDate", "replacedBy", aliases, enabled, "createdAt", "updatedAt", code) VALUES ('1d5f88f6-ff4c-4422-9623-4d1a0f5e127e', 'Text Embedding 3 Large', 'Most capable embedding model. Best for high-accuracy retrieval.', '6b6d307f-a80b-4dcb-801b-1ffa07e25cab', 'text-embedding-3-large', 'embedding', '{}', 0.130000000000000000000000000000, 0.000000000000000000000000000000, 8191, NULL, 'active', NULL, NULL, '{}', true, '2026-05-08 14:45:09.55+00', '2026-05-10 16:40:52.523+00', 'text-embedding-3-large');
INSERT INTO public."Model" (id, name, description, "providerId", "providerModelId", type, features, "inputPricePerMillion", "outputPricePerMillion", "maxContextTokens", "maxOutputTokens", status, "deprecationDate", "replacedBy", aliases, enabled, "createdAt", "updatedAt", code) VALUES ('217c7211-30ad-4768-8cc3-5eea304eadbd', 'DALL-E 3', 'OpenAI image generation API.', '6b6d307f-a80b-4dcb-801b-1ffa07e25cab', 'dall-e-3', 'image', '{}', 0.000000000000000000000000000000, 0.000000000000000000000000000000, NULL, NULL, 'disabled', '2026-05-12 00:00:00+00', 'gpt-image-2', '{}', true, '2026-05-08 14:45:09.816+00', '2026-05-10 16:40:52.765+00', 'dall-e-3');
INSERT INTO public."Model" (id, name, description, "providerId", "providerModelId", type, features, "inputPricePerMillion", "outputPricePerMillion", "maxContextTokens", "maxOutputTokens", status, "deprecationDate", "replacedBy", aliases, enabled, "createdAt", "updatedAt", code) VALUES ('f69056cf-a9b2-4129-a31b-5f503c5030a0', 'Whisper 1', 'OpenAI speech-to-text API.', '6b6d307f-a80b-4dcb-801b-1ffa07e25cab', 'whisper-1', 'audio', '{}', 0.000000000000000000000000000000, 0.000000000000000000000000000000, NULL, NULL, 'active', NULL, NULL, '{}', true, '2026-05-08 14:45:10.078+00', '2026-05-10 16:40:53.004+00', 'whisper-1');
INSERT INTO public."Model" (id, name, description, "providerId", "providerModelId", type, features, "inputPricePerMillion", "outputPricePerMillion", "maxContextTokens", "maxOutputTokens", status, "deprecationDate", "replacedBy", aliases, enabled, "createdAt", "updatedAt", code) VALUES ('bff825a3-7f51-4a87-8b31-03ef745993a0', 'Claude Opus 4.7', 'Latest top-tier Claude. Strongest reasoning, agentic, and coding model in the Claude 4 family.', 'dee77e2b-fbe8-4281-9d87-cd8886f90450', 'claude-opus-4-7', 'chat', '{vision,function_calling,streaming,thinking}', 5.000000000000000000000000000000, 25.000000000000000000000000000000, 1000000, 131072, 'active', NULL, NULL, '{}', true, '2026-05-08 14:45:10.34+00', '2026-05-10 16:40:53.243+00', 'claude-opus-4-7');
INSERT INTO public."Model" (id, name, description, "providerId", "providerModelId", type, features, "inputPricePerMillion", "outputPricePerMillion", "maxContextTokens", "maxOutputTokens", status, "deprecationDate", "replacedBy", aliases, enabled, "createdAt", "updatedAt", code) VALUES ('5f388862-78ab-4670-b1f4-bf2e96695f59', 'Claude Opus 4.6', 'Previous Claude Opus 4 generation. Strong reasoning and agentic capabilities.', 'dee77e2b-fbe8-4281-9d87-cd8886f90450', 'claude-opus-4-6', 'chat', '{vision,function_calling,streaming,thinking}', 5.000000000000000000000000000000, 25.000000000000000000000000000000, 1000000, 131072, 'active', NULL, NULL, '{}', true, '2026-05-08 14:45:10.604+00', '2026-05-10 16:40:53.484+00', 'claude-opus-4-6');
INSERT INTO public."Model" (id, name, description, "providerId", "providerModelId", type, features, "inputPricePerMillion", "outputPricePerMillion", "maxContextTokens", "maxOutputTokens", status, "deprecationDate", "replacedBy", aliases, enabled, "createdAt", "updatedAt", code) VALUES ('862cd7ce-0927-4296-88a2-ebb0ff482e5c', 'Claude Sonnet 4.6', 'Latest balanced Claude. Best price-to-performance for production traffic in the Claude 4 family.', 'dee77e2b-fbe8-4281-9d87-cd8886f90450', 'claude-sonnet-4-6', 'chat', '{vision,function_calling,streaming,thinking}', 3.000000000000000000000000000000, 15.000000000000000000000000000000, 1000000, 65536, 'active', NULL, NULL, '{}', true, '2026-05-08 14:45:10.868+00', '2026-05-10 16:40:53.772+00', 'claude-sonnet-4-6');
INSERT INTO public."Model" (id, name, description, "providerId", "providerModelId", type, features, "inputPricePerMillion", "outputPricePerMillion", "maxContextTokens", "maxOutputTokens", status, "deprecationDate", "replacedBy", aliases, enabled, "createdAt", "updatedAt", code) VALUES ('5686a34b-147a-47db-a210-75a9e5f93f52', 'Claude Sonnet 4.5', 'Pinned Sonnet 4.5 snapshot. Earlier Claude 4 Sonnet for reproducible deployments.', 'dee77e2b-fbe8-4281-9d87-cd8886f90450', 'claude-sonnet-4-5-20250929', 'chat', '{vision,function_calling,streaming,thinking}', 3.000000000000000000000000000000, 15.000000000000000000000000000000, 200000, 65536, 'active', NULL, NULL, '{}', true, '2026-05-08 14:45:11.131+00', '2026-05-10 16:40:54.011+00', 'claude-sonnet-4-5-20250929');
INSERT INTO public."Model" (id, name, description, "providerId", "providerModelId", type, features, "inputPricePerMillion", "outputPricePerMillion", "maxContextTokens", "maxOutputTokens", status, "deprecationDate", "replacedBy", aliases, enabled, "createdAt", "updatedAt", code) VALUES ('e65623cf-60e8-489f-a91f-6e4869216d15', 'Claude Haiku 4.5', 'Fast, affordable Claude 4 tier. Optimised for high-volume routing, summarisation, and simple agent steps.', 'dee77e2b-fbe8-4281-9d87-cd8886f90450', 'claude-haiku-4-5-20251001', 'chat', '{vision,function_calling,streaming}', 1.000000000000000000000000000000, 5.000000000000000000000000000000, 200000, 65536, 'active', NULL, NULL, '{}', true, '2026-05-08 14:45:11.396+00', '2026-05-10 16:40:54.291+00', 'claude-haiku-4-5-20251001');
INSERT INTO public."Model" (id, name, description, "providerId", "providerModelId", type, features, "inputPricePerMillion", "outputPricePerMillion", "maxContextTokens", "maxOutputTokens", status, "deprecationDate", "replacedBy", aliases, enabled, "createdAt", "updatedAt", code) VALUES ('e94494db-5076-422c-a30b-5e35e0bea13a', 'Claude Opus 4.1', 'Pinned Opus 4.1 snapshot. Pin for reproducibility; prefer claude-opus-4-7 for new deployments.', 'dee77e2b-fbe8-4281-9d87-cd8886f90450', 'claude-opus-4-1-20250805', 'chat', '{vision,function_calling,streaming,thinking}', 15.000000000000000000000000000000, 75.000000000000000000000000000000, 200000, 65536, 'active', NULL, NULL, '{}', true, '2026-05-08 14:45:11.663+00', '2026-05-10 16:40:54.532+00', 'claude-opus-4-1-20250805');
INSERT INTO public."Model" (id, name, description, "providerId", "providerModelId", type, features, "inputPricePerMillion", "outputPricePerMillion", "maxContextTokens", "maxOutputTokens", status, "deprecationDate", "replacedBy", aliases, enabled, "createdAt", "updatedAt", code) VALUES ('a546c0eb-a6a5-490a-a1c0-00cec727053e', 'Gemini 2.5 Pro', 'High-capability Gemini 2.5 Pro.', 'c6e3b252-303a-45fd-b5dd-f9467eeba669', 'gemini-2.5-pro', 'chat', '{vision,function_calling,streaming,json_mode,thinking}', 1.250000000000000000000000000000, 10.000000000000000000000000000000, 1048576, 65536, 'active', NULL, NULL, '{}', true, '2026-05-08 14:45:12.239+00', '2026-05-10 16:40:54.82+00', 'gemini-2.5-pro');
INSERT INTO public."Model" (id, name, description, "providerId", "providerModelId", type, features, "inputPricePerMillion", "outputPricePerMillion", "maxContextTokens", "maxOutputTokens", status, "deprecationDate", "replacedBy", aliases, enabled, "createdAt", "updatedAt", code) VALUES ('3f45ca57-c842-4e40-a901-4d607f3fe064', 'GPT-4o Mini', 'Small, fast, and affordable. Best for lightweight tasks.', '6b6d307f-a80b-4dcb-801b-1ffa07e25cab', 'gpt-4o-mini', 'chat', '{vision,function_calling,streaming,json_mode}', 0.150000000000000000000000000000, 0.600000000000000000000000000000, 128000, 16384, 'active', NULL, NULL, '{}', true, '2026-05-08 14:45:04.947+00', '2026-05-10 16:40:49.304+00', 'gpt-4o-mini');
INSERT INTO public."Model" (id, name, description, "providerId", "providerModelId", type, features, "inputPricePerMillion", "outputPricePerMillion", "maxContextTokens", "maxOutputTokens", status, "deprecationDate", "replacedBy", aliases, enabled, "createdAt", "updatedAt", code) VALUES ('9e180605-9630-404c-9b3a-aac49f4cd767', 'GPT-4 Turbo', 'Previous generation GPT-4 with vision. Good balance of capability and cost. Deprecated — prefer GPT-4o.', '6b6d307f-a80b-4dcb-801b-1ffa07e25cab', 'gpt-4-turbo', 'chat', '{vision,function_calling,streaming,json_mode}', 10.000000000000000000000000000000, 30.000000000000000000000000000000, 128000, 4096, 'deprecated', '2026-10-23 00:00:00+00', 'gpt-5.5', '{}', true, '2026-05-08 14:45:05.215+00', '2026-05-10 16:40:49.574+00', 'gpt-4-turbo');
INSERT INTO public."Model" (id, name, description, "providerId", "providerModelId", type, features, "inputPricePerMillion", "outputPricePerMillion", "maxContextTokens", "maxOutputTokens", status, "deprecationDate", "replacedBy", aliases, enabled, "createdAt", "updatedAt", code) VALUES ('eb00781a-9eb5-467c-ada6-535a53eb50c0', 'o1', 'Advanced reasoning model for complex math, science, and coding tasks.', '6b6d307f-a80b-4dcb-801b-1ffa07e25cab', 'o1', 'chat', '{streaming,function_calling}', 15.000000000000000000000000000000, 60.000000000000000000000000000000, 200000, 100000, 'disabled', '2025-07-28 00:00:00+00', 'o3', '{}', true, '2026-05-08 14:45:05.485+00', '2026-05-10 16:40:49.813+00', 'o1');
INSERT INTO public."Model" (id, name, description, "providerId", "providerModelId", type, features, "inputPricePerMillion", "outputPricePerMillion", "maxContextTokens", "maxOutputTokens", status, "deprecationDate", "replacedBy", aliases, enabled, "createdAt", "updatedAt", code) VALUES ('af53ba68-7c04-4fa0-84f6-d06f6c15ec9c', 'o3 Mini', 'Reasoning model optimized for STEM and agentic workflows.', '6b6d307f-a80b-4dcb-801b-1ffa07e25cab', 'o3-mini', 'chat', '{streaming}', 1.100000000000000000000000000000, 4.400000000000000000000000000000, 200000, 100000, 'deprecated', '2026-10-23 00:00:00+00', 'gpt-5.5', '{}', true, '2026-05-08 14:45:05.752+00', '2026-05-10 16:40:50.098+00', 'o3-mini');
INSERT INTO public."Model" (id, name, description, "providerId", "providerModelId", type, features, "inputPricePerMillion", "outputPricePerMillion", "maxContextTokens", "maxOutputTokens", status, "deprecationDate", "replacedBy", aliases, enabled, "createdAt", "updatedAt", code) VALUES ('fa8b2162-2a72-48a3-be86-956c29d9f6b1', 'o3', 'High-capability reasoning model.', '6b6d307f-a80b-4dcb-801b-1ffa07e25cab', 'o3', 'chat', '{streaming}', 10.000000000000000000000000000000, 40.000000000000000000000000000000, 200000, 100000, 'active', NULL, NULL, '{}', true, '2026-05-08 14:45:06.019+00', '2026-05-10 16:40:50.338+00', 'o3');
INSERT INTO public."Model" (id, name, description, "providerId", "providerModelId", type, features, "inputPricePerMillion", "outputPricePerMillion", "maxContextTokens", "maxOutputTokens", status, "deprecationDate", "replacedBy", aliases, enabled, "createdAt", "updatedAt", code) VALUES ('06056793-2ab1-4975-a0db-66896ca56134', 'GPT-4o', 'Most capable GPT-4 model. Great for complex tasks requiring advanced reasoning, vision, and tool use.', '6b6d307f-a80b-4dcb-801b-1ffa07e25cab', 'gpt-4o', 'chat', '{vision,function_calling,streaming,json_mode}', 2.500000000000000000000000000000, 10.000000000000000000000000000000, 128000, 16384, 'active', NULL, NULL, '{}', true, '2026-05-08 14:45:04.678+00', '2026-05-10 16:40:49.056+00', 'gpt-4o');
INSERT INTO public."Model" (id, name, description, "providerId", "providerModelId", type, features, "inputPricePerMillion", "outputPricePerMillion", "maxContextTokens", "maxOutputTokens", status, "deprecationDate", "replacedBy", aliases, enabled, "createdAt", "updatedAt", code) VALUES ('002bbb70-0c9d-45bf-9107-5711f3d1aa8c', 'Gemini Embedding 001', 'Latest Google text embedding model. Successor to text-embedding-004 with improved retrieval quality.', 'c6e3b252-303a-45fd-b5dd-f9467eeba669', 'gemini-embedding-001', 'embedding', '{}', 0.15, 0.000000000000000000000000000000, 2048, NULL, 'active', NULL, NULL, '{}', true, '2026-05-08 14:45:14.962+00', '2026-05-10 16:40:56.389+00', 'gemini-embedding-001');
INSERT INTO public."Model" (id, name, description, "providerId", "providerModelId", type, features, "inputPricePerMillion", "outputPricePerMillion", "maxContextTokens", "maxOutputTokens", status, "deprecationDate", "replacedBy", aliases, enabled, "createdAt", "updatedAt", code) VALUES ('55cb4856-66ce-469f-95b9-37b08a7a21ca', 'Text Embedding 004', 'Previous-generation Google text embedding model. DISABLED 2026-05-21: Google v1beta returns 404 ("not found for API version v1beta, or is not supported for embedContent") for our project API key — likely region/quota-restricted on this model id. Use gemini-embedding-001 instead (documented successor with improved retrieval quality, verified working with the same API key).', 'c6e3b252-303a-45fd-b5dd-f9467eeba669', 'text-embedding-004', 'embedding', '{}', 0.025000000000000000000000000000, 0.000000000000000000000000000000, 2048, NULL, 'deprecated', NULL, 'gemini-embedding-001', '{}', false, '2026-05-08 14:45:15.443+00', '2026-05-10 16:40:56.627+00', 'text-embedding-004');
INSERT INTO public."Model" (id, name, description, "providerId", "providerModelId", type, features, "inputPricePerMillion", "outputPricePerMillion", "maxContextTokens", "maxOutputTokens", status, "deprecationDate", "replacedBy", aliases, enabled, "createdAt", "updatedAt", code) VALUES ('7b36ec2a-5455-4a41-a295-fce787cc28dd', 'DeepSeek V4 Flash', 'Fast, cost-effective V4 model. Strong multilingual reasoning and coding at competitive pricing.', '35584423-e803-44e1-8430-cacf9b6fbc18', 'deepseek-v4-flash', 'chat', '{function_calling,streaming,json_mode}', 0.140000000000000000000000000000, 0.280000000000000000000000000000, 65536, 8192, 'active', NULL, NULL, '{}', true, '2026-05-08 14:45:15.707+00', '2026-05-10 16:40:56.916+00', 'deepseek-v4-flash');
INSERT INTO public."Model" (id, name, description, "providerId", "providerModelId", type, features, "inputPricePerMillion", "outputPricePerMillion", "maxContextTokens", "maxOutputTokens", status, "deprecationDate", "replacedBy", aliases, enabled, "createdAt", "updatedAt", code) VALUES ('18fe13bc-c14a-4f55-ae9e-1a9da78edbd5', 'DeepSeek V4 Pro', 'Advanced V4 model with extended context and improved capability for complex tasks.', '35584423-e803-44e1-8430-cacf9b6fbc18', 'deepseek-v4-pro', 'chat', '{function_calling,streaming,json_mode}', 0.435000000000000000000000000000, 0.870000000000000000000000000000, 128000, 16384, 'active', NULL, NULL, '{}', true, '2026-05-08 14:45:15.972+00', '2026-05-10 16:40:57.159+00', 'deepseek-v4-pro');
INSERT INTO public."Model" (id, name, description, "providerId", "providerModelId", type, features, "inputPricePerMillion", "outputPricePerMillion", "maxContextTokens", "maxOutputTokens", status, "deprecationDate", "replacedBy", aliases, enabled, "createdAt", "updatedAt", code) VALUES ('b1c43ce4-1b19-4d81-8e74-f9c0a8393ff9', 'Kimi K2.6', 'Kimi K2.6 — latest Kimi model, 256K context, automatic prefix caching, best overall quality.', '64119a02-f3e4-4ff3-a023-e2289bc3135c', 'kimi-k2.6', 'chat', '{function_calling,streaming,vision,prompt_caching}', 0.95, 4, 262144, 16384, 'active', NULL, NULL, '{}', true, '2026-05-08 14:45:16.236+00', '2026-05-10 16:40:57.439+00', 'kimi-k2.6');
INSERT INTO public."Model" (id, name, description, "providerId", "providerModelId", type, features, "inputPricePerMillion", "outputPricePerMillion", "maxContextTokens", "maxOutputTokens", status, "deprecationDate", "replacedBy", aliases, enabled, "createdAt", "updatedAt", code) VALUES ('86d0e3a8-3eab-4809-8c7c-4a22d93a391d', 'Kimi K2.5', 'Kimi K2.5 — 256K context, automatic prefix caching, improved instruction following.', '64119a02-f3e4-4ff3-a023-e2289bc3135c', 'kimi-k2.5', 'chat', '{function_calling,streaming,vision,prompt_caching}', 0.6, 3, 262144, 16384, 'active', NULL, NULL, '{}', true, '2026-05-08 14:45:16.979+00', '2026-05-10 16:40:57.68+00', 'kimi-k2.5');
INSERT INTO public."Model" (id, name, description, "providerId", "providerModelId", type, features, "inputPricePerMillion", "outputPricePerMillion", "maxContextTokens", "maxOutputTokens", status, "deprecationDate", "replacedBy", aliases, enabled, "createdAt", "updatedAt", code) VALUES ('200298f3-1d55-43c7-b51d-843797240cec', 'Kimi K2 Thinking', 'Kimi K2 Thinking — 256K context, extended reasoning / chain-of-thought model.', '64119a02-f3e4-4ff3-a023-e2289bc3135c', 'kimi-k2-thinking', 'chat', '{function_calling,streaming,vision,prompt_caching,reasoning}', 0.950000000000000000000000000000, 4.000000000000000000000000000000, 262144, 16384, 'deprecated', '2026-06-03 00:00:00+00', 'kimi-k2.6', '{}', false, '2026-05-08 14:45:17.244+00', '2026-05-10 16:40:57.964+00', 'kimi-k2-thinking');
INSERT INTO public."Model" (id, name, description, "providerId", "providerModelId", type, features, "inputPricePerMillion", "outputPricePerMillion", "maxContextTokens", "maxOutputTokens", status, "deprecationDate", "replacedBy", aliases, enabled, "createdAt", "updatedAt", code) VALUES ('ca94f1a2-8a03-499b-b7b8-433621e8504a', 'Moonshot (Kimi) 128K', 'Kimi chat model with 128k context.', '64119a02-f3e4-4ff3-a023-e2289bc3135c', 'moonshot-v1-128k', 'chat', '{function_calling,streaming}', 2, 5, 128000, 4096, 'active', NULL, NULL, '{}', true, '2026-05-08 14:45:17.509+00', '2026-05-10 16:40:58.205+00', 'moonshot-v1-128k');
INSERT INTO public."Model" (id, name, description, "providerId", "providerModelId", type, features, "inputPricePerMillion", "outputPricePerMillion", "maxContextTokens", "maxOutputTokens", status, "deprecationDate", "replacedBy", aliases, enabled, "createdAt", "updatedAt", code) VALUES ('6d3a7d64-6127-4b44-92d2-9dff6989d2fc', 'Moonshot (Kimi) 32K', 'Kimi chat model with 32k context.', '64119a02-f3e4-4ff3-a023-e2289bc3135c', 'moonshot-v1-32k', 'chat', '{function_calling,streaming}', 1, 3, 32768, 4096, 'active', NULL, NULL, '{}', true, '2026-05-08 14:45:17.772+00', '2026-05-10 16:40:58.488+00', 'moonshot-v1-32k');
INSERT INTO public."Model" (id, name, description, "providerId", "providerModelId", type, features, "inputPricePerMillion", "outputPricePerMillion", "maxContextTokens", "maxOutputTokens", status, "deprecationDate", "replacedBy", aliases, enabled, "createdAt", "updatedAt", code) VALUES ('85b48c68-fe0e-4c11-b885-6b0ab6643e27', 'Moonshot (Kimi) 8K', 'Kimi chat model with 8k context.', '64119a02-f3e4-4ff3-a023-e2289bc3135c', 'moonshot-v1-8k', 'chat', '{function_calling,streaming}', 0.2, 2, 8192, 4096, 'active', NULL, NULL, '{}', true, '2026-05-08 14:45:18.639+00', '2026-05-10 16:40:58.728+00', 'moonshot-v1-8k');
INSERT INTO public."Model" (id, name, description, "providerId", "providerModelId", type, features, "inputPricePerMillion", "outputPricePerMillion", "maxContextTokens", "maxOutputTokens", status, "deprecationDate", "replacedBy", aliases, enabled, "createdAt", "updatedAt", code) VALUES ('f2b78c3c-fd1d-4297-916c-6ae75418c7f7', 'Gemini 2.5 Flash', 'Fast Gemini 2.5 Flash.', 'c6e3b252-303a-45fd-b5dd-f9467eeba669', 'gemini-2.5-flash', 'chat', '{vision,function_calling,streaming,json_mode}', 0.3, 2.5, 1048576, 8192, 'active', NULL, NULL, '{}', true, '2026-05-08 14:45:12.506+00', '2026-05-10 16:40:55.064+00', 'gemini-2.5-flash');
INSERT INTO public."Model" (id, name, description, "providerId", "providerModelId", type, features, "inputPricePerMillion", "outputPricePerMillion", "maxContextTokens", "maxOutputTokens", status, "deprecationDate", "replacedBy", aliases, enabled, "createdAt", "updatedAt", code) VALUES ('30723f51-4774-428b-b974-50dc7b660d2f', 'Gemini 2.5 Flash-Lite', 'Lowest-cost Gemini 2.5 tier.', 'c6e3b252-303a-45fd-b5dd-f9467eeba669', 'gemini-2.5-flash-lite', 'chat', '{vision,function_calling,streaming,json_mode}', 0.1, 0.4, 1048576, 8192, 'active', NULL, NULL, '{}', true, '2026-05-08 14:45:12.994+00', '2026-05-10 16:40:55.342+00', 'gemini-2.5-flash-lite');
-- E62: Cohere embedding models (Cohere docs 2026-05-19, $0.10/1M input tokens, no output charge)
INSERT INTO public."Model" (id, name, description, "providerId", "providerModelId", type, features, "inputPricePerMillion", "outputPricePerMillion", "maxContextTokens", "maxOutputTokens", status, "deprecationDate", "replacedBy", aliases, enabled, "createdAt", "updatedAt", code, "inputModalities", "outputModalities", "lifecycle", "capabilityJson") VALUES ('293245a3-c21c-4a73-8861-9b056b2d56f6', 'Embed English v3', 'Cohere Embed v3 English model. Best-in-class retrieval and semantic search for English text.', 'f8a55245-c860-46dd-a3f8-8626af8e7735', 'embed-english-v3.0', 'embedding', '{}', 0.100000000000000000000000000000, 0.000000000000000000000000000000, 512, NULL, 'active', NULL, NULL, '{}', true, '2026-05-20 00:00:00.000+00', '2026-05-20 00:00:00.000+00', 'embed-english-v3.0', '{text}', '{embedding}', 'ga', '{"embeddings":{"max_input_tokens":512,"supported_dimensions":[1024],"default_dimension":1024,"max_batch_size":96,"supported_input_types":["search_document","search_query","classification","clustering"],"supported_embedding_types":["float","int8","uint8","binary","ubinary"]}}');
INSERT INTO public."Model" (id, name, description, "providerId", "providerModelId", type, features, "inputPricePerMillion", "outputPricePerMillion", "maxContextTokens", "maxOutputTokens", status, "deprecationDate", "replacedBy", aliases, enabled, "createdAt", "updatedAt", code, "inputModalities", "outputModalities", "lifecycle", "capabilityJson") VALUES ('30c77ee8-2acf-4ca2-92ac-9dca82d4c84d', 'Embed Multilingual v3', 'Cohere Embed v3 multilingual model. Semantic search and retrieval across 100+ languages.', 'f8a55245-c860-46dd-a3f8-8626af8e7735', 'embed-multilingual-v3.0', 'embedding', '{}', 0.100000000000000000000000000000, 0.000000000000000000000000000000, 512, NULL, 'active', NULL, NULL, '{}', true, '2026-05-20 00:00:00.000+00', '2026-05-20 00:00:00.000+00', 'embed-multilingual-v3.0', '{text}', '{embedding}', 'ga', '{"embeddings":{"max_input_tokens":512,"supported_dimensions":[1024],"default_dimension":1024,"max_batch_size":96,"supported_input_types":["search_document","search_query","classification","clustering"],"supported_embedding_types":["float","int8","uint8","binary","ubinary"]}}');


ALTER TABLE public."Model" ENABLE TRIGGER ALL;

--
-- Data for Name: ModelPricing; Type: TABLE DATA; Schema: public; Owner: -
--

ALTER TABLE public."ModelPricing" DISABLE TRIGGER ALL;

INSERT INTO public."ModelPricing" (id, "modelId", "inputPricePerMillion", "outputPricePerMillion", "effectiveDate", "updatedBy", "createdAt", "updatedAt") VALUES ('a2c663fc-f81c-4e8b-9127-a2ae2bdb7ec7', '06056793-2ab1-4975-a0db-66896ca56134', 2.500000000000000000000000000000, 10.000000000000000000000000000000, '2026-04-08 14:49:42.64+00', 'admin', '2026-05-08 14:49:43.466+00', '2026-05-08 14:49:43.466+00');
INSERT INTO public."ModelPricing" (id, "modelId", "inputPricePerMillion", "outputPricePerMillion", "effectiveDate", "updatedBy", "createdAt", "updatedAt") VALUES ('46f01911-76a5-4950-9a66-2440e786d01b', '3f45ca57-c842-4e40-a901-4d607f3fe064', 0.150000000000000000000000000000, 0.600000000000000000000000000000, '2026-03-09 14:49:42.64+00', 'admin', '2026-05-08 14:49:44.766+00', '2026-05-08 14:49:44.766+00');
INSERT INTO public."ModelPricing" (id, "modelId", "inputPricePerMillion", "outputPricePerMillion", "effectiveDate", "updatedBy", "createdAt", "updatedAt") VALUES ('085cb368-18dd-48d2-bb71-89a3ba0bbe70', '862cd7ce-0927-4296-88a2-ebb0ff482e5c', 3.000000000000000000000000000000, 15.000000000000000000000000000000, '2026-04-24 14:49:42.64+00', 'admin', '2026-05-08 14:49:46.758+00', '2026-05-08 14:49:46.758+00');
INSERT INTO public."ModelPricing" (id, "modelId", "inputPricePerMillion", "outputPricePerMillion", "effectiveDate", "updatedBy", "createdAt", "updatedAt") VALUES ('0b40f668-2021-4b7c-b120-d967fc494d4c', 'e65623cf-60e8-489f-a91f-6e4869216d15', 1.000000000000000000000000000000, 5.000000000000000000000000000000, '2026-02-07 14:49:42.64+00', 'admin', '2026-05-08 14:49:48.506+00', '2026-05-08 14:49:48.506+00');
INSERT INTO public."ModelPricing" (id, "modelId", "inputPricePerMillion", "outputPricePerMillion", "effectiveDate", "updatedBy", "createdAt", "updatedAt") VALUES ('cfd2486a-9026-4242-8937-d7c353923c74', '2364e1e5-861c-45c2-be9e-62fe3c5fe8d8', 0.100000000000000000000000000000, 0.400000000000000000000000000000, '2026-03-24 14:49:42.64+00', 'admin', '2026-05-08 14:49:50.663+00', '2026-05-08 14:49:50.663+00');
INSERT INTO public."ModelPricing" (id, "modelId", "inputPricePerMillion", "outputPricePerMillion", "effectiveDate", "updatedBy", "createdAt", "updatedAt") VALUES ('0410b442-7acf-4e48-99c3-31e79cf080b8', '7b36ec2a-5455-4a41-a295-fce787cc28dd', 0.140000000000000000000000000000, 0.280000000000000000000000000000, '2026-04-18 14:49:42.64+00', 'admin', '2026-05-08 14:49:52.451+00', '2026-05-08 14:49:52.451+00');
INSERT INTO public."ModelPricing" (id, "modelId", "inputPricePerMillion", "outputPricePerMillion", "effectiveDate", "updatedBy", "createdAt", "updatedAt") VALUES ('18248425-3271-4d6a-ae1c-ca075a1833d6', '1d5f88f6-ff4c-4422-9623-4d1a0f5e127e', 0.130000000000000000000000000000, 0.000000000000000000000000000000, '2026-03-09 14:49:42.64+00', 'admin', '2026-05-08 14:49:54.038+00', '2026-05-08 14:49:54.038+00');


ALTER TABLE public."ModelPricing" ENABLE TRIGGER ALL;

--
-- Data for Name: OAuthClient; Type: TABLE DATA; Schema: public; Owner: -
--

ALTER TABLE public."OAuthClient" DISABLE TRIGGER ALL;

INSERT INTO public."OAuthClient" (id, name, type, "redirectUris", "allowedScopes", "requirePkce", "accessTtlSeconds", "refreshTtlSeconds", "clientSecretHash", "createdAt", "updatedAt") VALUES ('agent-desktop', 'Nexus Agent (Desktop)', 'public', '{http://127.0.0.1:*/callback}', '{traffic:write,shadow:read,openid,profile,email}', true, 3600, 86400, NULL, '2026-05-08 14:49:40.066+00', '2026-05-10 16:44:25.585+00');
INSERT INTO public."OAuthClient" (id, name, type, "redirectUris", "allowedScopes", "requirePkce", "accessTtlSeconds", "refreshTtlSeconds", "clientSecretHash", "createdAt", "updatedAt") VALUES ('cp-ui', 'Nexus Control Plane UI', 'public', '{https://cp.nexus.ai/auth/callback,https://console.dev.nexus.ai:3000/auth/callback,https://localhost:3000/auth/callback,http://localhost:3000/auth/callback,http://127.0.0.1:3000/auth/callback}', '{admin,openid,profile,email}', true, 3600, 86400, NULL, '2026-05-08 14:49:40.692+00', '2026-05-10 16:44:25.828+00');
INSERT INTO public."OAuthClient" (id, name, type, "redirectUris", "allowedScopes", "requirePkce", "accessTtlSeconds", "refreshTtlSeconds", "clientSecretHash", "createdAt", "updatedAt") VALUES ('tui', 'Nexus Operator Toolkit (CLI/TUI)', 'public', '{http://127.0.0.1:*/callback}', '{admin,openid,profile,email}', true, 3600, 86400, NULL, '2026-05-08 14:49:40.692+00', '2026-05-10 16:44:25.828+00');


ALTER TABLE public."OAuthClient" ENABLE TRIGGER ALL;

--
-- Data for Name: Project; Type: TABLE DATA; Schema: public; Owner: -
--

ALTER TABLE public."Project" DISABLE TRIGGER ALL;

INSERT INTO public."Project" (id, name, code, "organizationId", description, "contactName", "contactEmail", status, "createdAt", "updatedAt") VALUES ('bb4f98a4-eb70-47b8-98c0-1cefb8e720d6', 'AI Copilot for Developers', 'COPILOT', '10000000-0000-0000-0000-000000000002', 'Internal AI coding assistant for software engineers', 'James Rodriguez', 'james.rodriguez@apexfinancial.example', 'active', '2026-05-10 16:41:03.725+00', '2026-05-10 16:41:03.725+00');
INSERT INTO public."Project" (id, name, code, "organizationId", description, "contactName", "contactEmail", status, "createdAt", "updatedAt") VALUES ('e993100f-dae6-44d6-bb91-5b76b4593d62', 'AI/ML Research Platform', 'DS-PLATFORM', '10000000-0000-0000-0000-000000000002', 'Enterprise ML experimentation, model training, and deployment platform', 'David Thompson', 'david.thompson@apexfinancial.example', 'active', '2026-05-10 16:41:05.009+00', '2026-05-10 16:41:05.009+00');
INSERT INTO public."Project" (id, name, code, "organizationId", description, "contactName", "contactEmail", status, "createdAt", "updatedAt") VALUES ('b469b780-fc83-4bba-99fe-55901fe6b7f4', 'Marketing Content Studio', 'CONTENT', '10000000-0000-0000-0000-000000000001', 'AI-assisted content generation for marketing campaigns and investor communications', 'Linda Foster', 'linda.foster@apexfinancial.example', 'active', '2026-05-10 16:41:06.346+00', '2026-05-10 16:41:06.346+00');
INSERT INTO public."Project" (id, name, code, "organizationId", description, "contactName", "contactEmail", status, "createdAt", "updatedAt") VALUES ('76131a0e-1ffd-458e-96a2-5ed3ad58a696', 'Quantitative Research Lab', 'RESEARCH', '10000000-0000-0000-0000-000000000002', 'AI-driven quantitative research, backtesting, and alpha signal generation', 'Richard Park', 'richard.park@apexfinancial.example', 'active', '2026-05-10 16:41:07.635+00', '2026-05-10 16:41:07.635+00');
INSERT INTO public."Project" (id, name, code, "organizationId", description, "contactName", "contactEmail", status, "createdAt", "updatedAt") VALUES ('79391ad7-1288-4502-8a51-d0d1fd1d234a', 'Regulatory Reporting Assistant', 'PARTNER-API', '10000000-0000-0000-0000-000000000003', 'AI-assisted SEC/FINRA regulatory filings and compliance document generation', 'Michael Chen', 'michael.chen@apexfinancial.example', 'active', '2026-05-10 16:41:08.968+00', '2026-05-10 16:41:08.968+00');
INSERT INTO public."Project" (id, name, code, "organizationId", description, "contactName", "contactEmail", status, "createdAt", "updatedAt") VALUES ('eb45d2f3-dcb9-4c9f-9c57-3b0e0133cd52', 'Research Lab', 'research-lab-archived-eb45d2f3', '5fabaad6-0441-45f4-b3b0-cac754a3a4a0', 'Placeholder for a project that was deleted; name recovered from traffic_event.identity.project. Owned 1396 historical events / 555 rollup buckets.', NULL, NULL, 'archived', '2026-05-13 15:12:42.18+00', '2026-05-13 15:12:42.18+00');


ALTER TABLE public."Project" ENABLE TRIGGER ALL;

--
-- Data for Name: ProviderHealth; Type: TABLE DATA; Schema: public; Owner: -
--

ALTER TABLE public."ProviderHealth" DISABLE TRIGGER ALL;

INSERT INTO public."ProviderHealth" (id, "providerId", provider, status, "rollingErrorRate", "avgLatencyMs", "lastRequestAt", "lastErrorAt", "windowStart", "sampleCount", "createdAt", "updatedAt") VALUES ('f21a830b-a0ee-432d-8883-9f03127e1407', '35584423-e803-44e1-8430-cacf9b6fbc18', 'deepseek', 'healthy', 0, 17582, '2026-05-16 07:35:31.834+00', '2026-05-15 14:05:13.344+00', '2026-05-16 07:33:53.008+00', 6, '2026-05-08 14:46:23.327+00', '2026-05-16 08:03:53.014+00');
INSERT INTO public."ProviderHealth" (id, "providerId", provider, status, "rollingErrorRate", "avgLatencyMs", "lastRequestAt", "lastErrorAt", "windowStart", "sampleCount", "createdAt", "updatedAt") VALUES ('c3b586fa-2314-4a03-a616-2e51fd36c935', '6b6d307f-a80b-4dcb-801b-1ffa07e25cab', 'openai', 'healthy', 0, 6581, '2026-05-16 09:45:31.031+00', '2026-05-16 06:24:32.61+00', '2026-05-16 09:38:53.008+00', 10, '2026-05-08 14:46:21.95+00', '2026-05-16 10:08:53.012+00');
INSERT INTO public."ProviderHealth" (id, "providerId", provider, status, "rollingErrorRate", "avgLatencyMs", "lastRequestAt", "lastErrorAt", "windowStart", "sampleCount", "createdAt", "updatedAt") VALUES ('c2d12a8f-556e-44ee-a84e-736a4bd95d16', 'c6e3b252-303a-45fd-b5dd-f9467eeba669', 'google-gemini', 'healthy', 0, 4517, '2026-05-16 09:46:20.361+00', '2026-05-16 05:59:26.027+00', '2026-05-16 09:38:53.008+00', 10, '2026-05-08 14:46:23.065+00', '2026-05-16 10:08:53.016+00');
INSERT INTO public."ProviderHealth" (id, "providerId", provider, status, "rollingErrorRate", "avgLatencyMs", "lastRequestAt", "lastErrorAt", "windowStart", "sampleCount", "createdAt", "updatedAt") VALUES ('6df6151b-d8c0-416d-9f40-ecf4a02344a0', 'dee77e2b-fbe8-4281-9d87-cd8886f90450', 'anthropic', 'healthy', 0, 11558, '2026-05-16 09:47:06.701+00', '2026-05-16 07:59:20.768+00', '2026-05-16 09:38:53.008+00', 10, '2026-05-08 14:46:22.429+00', '2026-05-16 10:08:53.018+00');
INSERT INTO public."ProviderHealth" (id, "providerId", provider, status, "rollingErrorRate", "avgLatencyMs", "lastRequestAt", "lastErrorAt", "windowStart", "sampleCount", "createdAt", "updatedAt") VALUES ('e3ae7658-022a-46be-9fd9-c174d062785c', '64119a02-f3e4-4ff3-a023-e2289bc3135c', 'moonshot', 'healthy', 0, 1802, '2026-05-16 07:44:49.975+00', '2026-05-16 07:38:47.125+00', '2026-05-16 07:43:53.007+00', 3, '2026-05-08 14:46:23.786+00', '2026-05-16 08:13:53.009+00');


ALTER TABLE public."ProviderHealth" ENABLE TRIGGER ALL;

--
-- Data for Name: QuotaOverride; Type: TABLE DATA; Schema: public; Owner: -
--

ALTER TABLE public."QuotaOverride" DISABLE TRIGGER ALL;

INSERT INTO public."QuotaOverride" (id, "targetType", "targetId", reason, "costLimitUsd", "tokenLimit", "enforcementMode", "periodType", "createdBy", "createdAt", "updatedAt") VALUES ('c800d758-1602-450c-a0f4-68f5c26a11e6', 'user', 'nexus-user-admin', 'AI team lead — needs higher personal budget for evaluation', 500.000000, NULL, 'notify-and-proceed', NULL, NULL, '2026-05-10 16:41:21.029+00', '2026-05-10 16:41:21.029+00');
INSERT INTO public."QuotaOverride" (id, "targetType", "targetId", reason, "costLimitUsd", "tokenLimit", "enforcementMode", "periodType", "createdBy", "createdAt", "updatedAt") VALUES ('992be51b-3ba5-461e-bbb6-ca80d385fd79', 'user', 'nexus-user-viewer', 'Data scientist running large batch experiments this quarter', 1500.000000, NULL, NULL, NULL, NULL, '2026-05-10 16:41:21.269+00', '2026-05-10 16:41:21.269+00');
INSERT INTO public."QuotaOverride" (id, "targetType", "targetId", reason, "costLimitUsd", "tokenLimit", "enforcementMode", "periodType", "createdBy", "createdAt", "updatedAt") VALUES ('970cde7c-5537-40b2-a8da-86d890028810', 'project', 'bb4f98a4-eb70-47b8-98c0-1cefb8e720d6', 'Core internal tool — higher project budget', 15000.000000, NULL, 'downgrade', 'monthly', NULL, '2026-05-10 16:41:21.555+00', '2026-05-10 16:41:21.555+00');
INSERT INTO public."QuotaOverride" (id, "targetType", "targetId", reason, "costLimitUsd", "tokenLimit", "enforcementMode", "periodType", "createdBy", "createdAt", "updatedAt") VALUES ('fb129d3c-169a-4569-a65e-22426a05f172', 'organization', '10000000-0000-0000-0000-000000000003', 'Partner pilot program — strict budget control', 2000.000000, NULL, 'reject', 'monthly', NULL, '2026-05-10 16:41:21.794+00', '2026-05-10 16:41:21.794+00');


ALTER TABLE public."QuotaOverride" ENABLE TRIGGER ALL;

--
-- Data for Name: QuotaPolicy; Type: TABLE DATA; Schema: public; Owner: -
--

ALTER TABLE public."QuotaPolicy" DISABLE TRIGGER ALL;

INSERT INTO public."QuotaPolicy" (id, name, description, scope, "organizationId", "vkType", "periodType", "costLimitUsd", "tokenLimit", "enforcementMode", "alertThresholds", priority, enabled, "createdBy", "createdAt", "updatedAt") VALUES ('ec401078-8c1b-4eac-a504-7a301b109445', 'Technology User Monthly', 'Default monthly AI spend budget for Technology & Innovation staff', 'user', '10000000-0000-0000-0000-000000000002', NULL, 'monthly', 300.000000, NULL, 'reject', '[80, 90]', 10, true, NULL, '2026-05-10 16:41:19.248+00', '2026-05-10 16:41:19.248+00');
INSERT INTO public."QuotaPolicy" (id, name, description, scope, "organizationId", "vkType", "periodType", "costLimitUsd", "tokenLimit", "enforcementMode", "alertThresholds", priority, enabled, "createdBy", "createdAt", "updatedAt") VALUES ('1eab463a-80b4-497c-864f-81b29e97a086', 'AI/ML Platform User Monthly', 'Higher budget for AI/ML Platform team — intensive model experimentation expected', 'user', '10000000-0000-0000-0000-000000000002', NULL, 'monthly', 800.000000, NULL, 'notify-and-proceed', '[70, 90]', 10, true, NULL, '2026-05-10 16:41:19.49+00', '2026-05-10 16:41:19.49+00');
INSERT INTO public."QuotaPolicy" (id, name, description, scope, "organizationId", "vkType", "periodType", "costLimitUsd", "tokenLimit", "enforcementMode", "alertThresholds", priority, enabled, "createdBy", "createdAt", "updatedAt") VALUES ('dccff831-a99d-4b34-b0e8-23e3924be63b', 'Application VK Default', 'Default limit for all application virtual keys', 'virtual_key', NULL, 'application', 'monthly', 5000.000000, NULL, 'downgrade', '[80, 95]', 0, true, NULL, '2026-05-10 16:41:19.729+00', '2026-05-10 16:41:19.729+00');
INSERT INTO public."QuotaPolicy" (id, name, description, scope, "organizationId", "vkType", "periodType", "costLimitUsd", "tokenLimit", "enforcementMode", "alertThresholds", priority, enabled, "createdBy", "createdAt", "updatedAt") VALUES ('d4be988e-bfa5-4f35-a865-c9c02df31e29', 'Apex Financial Group Org Ceiling', 'Enterprise-wide hard spending ceiling for Apex Financial Group', 'organization', '10000000-0000-0000-0000-000000000001', NULL, 'monthly', 50000.000000, NULL, 'reject', '[80, 90]', 0, true, NULL, '2026-05-10 16:41:19.981+00', '2026-05-10 16:41:19.981+00');
INSERT INTO public."QuotaPolicy" (id, name, description, scope, "organizationId", "vkType", "periodType", "costLimitUsd", "tokenLimit", "enforcementMode", "alertThresholds", priority, enabled, "createdBy", "createdAt", "updatedAt") VALUES ('df1b0764-1380-4d87-ae71-348503f7a634', 'Risk & Compliance User Monthly', 'AI spend policy for Risk & Compliance staff — regulatory research and model risk scoring', 'user', '10000000-0000-0000-0000-000000000003', NULL, 'monthly', 500.000000, NULL, 'track-only', '[90]', 0, true, NULL, '2026-05-10 16:41:20.219+00', '2026-05-10 16:41:20.219+00');
INSERT INTO public."QuotaPolicy" (id, name, description, scope, "organizationId", "vkType", "periodType", "costLimitUsd", "tokenLimit", "enforcementMode", "alertThresholds", priority, enabled, "createdBy", "createdAt", "updatedAt") VALUES ('afd4aea8-e7a4-4f7a-b336-bd8750860fb2', 'Application VK Weekly Cap', 'Weekly cap for application virtual keys to control burst spending', 'virtual_key', NULL, 'application', 'weekly', 500.000000, NULL, 'reject', '[80]', 5, true, NULL, '2026-05-10 16:41:20.504+00', '2026-05-10 16:41:20.504+00');


ALTER TABLE public."QuotaPolicy" ENABLE TRIGGER ALL;

--
-- Data for Name: RoutingRule; Type: TABLE DATA; Schema: public; Owner: -
--

ALTER TABLE public."RoutingRule" DISABLE TRIGGER ALL;

INSERT INTO public."RoutingRule" (id, name, description, "strategyType", config, "matchConditions", priority, "pipelineStage", "fallbackChain", enabled, "createdAt", "updatedAt", "retryPolicy") VALUES ('18bb3a66-8ed1-4b9c-bbd2-7ad4003c9810', 'default-kmini-128k', 'Default route when no higher-priority rule matches (Moonshot Kimi 128K)', 'single', '{"type": "single", "modelId": "ca94f1a2-8a03-499b-b7b8-433621e8504a", "providerId": "64119a02-f3e4-4ff3-a023-e2289bc3135c"}', '{}', 0, 1, 'null', false, '2026-05-08 14:45:52.025+00', '2026-05-10 16:45:11.136+00', NULL);
INSERT INTO public."RoutingRule" (id, name, description, "strategyType", config, "matchConditions", priority, "pipelineStage", "fallbackChain", enabled, "createdAt", "updatedAt", "retryPolicy") VALUES ('ca8fb83a-9051-4ece-bee0-ed76a85d85f5', 'claude-sonnet-ha', 'Claude Sonnet 4.6 as primary; falls back to Haiku then Kimi on failure', 'single', '{"type": "single", "modelId": "862cd7ce-0927-4296-88a2-ebb0ff482e5c", "providerId": "dee77e2b-fbe8-4281-9d87-cd8886f90450"}', '{"models": ["862cd7ce-0927-4296-88a2-ebb0ff482e5c"]}', 10, 1, '[{"modelId": "e65623cf-60e8-489f-a91f-6e4869216d15", "providerId": "dee77e2b-fbe8-4281-9d87-cd8886f90450"}, {"modelId": "ca94f1a2-8a03-499b-b7b8-433621e8504a", "providerId": "64119a02-f3e4-4ff3-a023-e2289bc3135c"}]', false, '2026-05-08 14:45:52.289+00', '2026-05-10 16:45:25.098+00', NULL);
INSERT INTO public."RoutingRule" (id, name, description, "strategyType", config, "matchConditions", priority, "pipelineStage", "fallbackChain", enabled, "createdAt", "updatedAt", "retryPolicy") VALUES ('b04d8d18-59fb-42ed-a09e-5f597d650fbf', 'cost-aware-routing', 'Route Marketing project to cheaper model, others to GPT-4o', 'conditional', '{"type": "conditional", "default": {"type": "single", "modelId": "06056793-2ab1-4975-a0db-66896ca56134", "providerId": "6b6d307f-a80b-4dcb-801b-1ffa07e25cab"}, "conditions": [{"then": {"type": "single", "modelId": "3f45ca57-c842-4e40-a901-4d607f3fe064", "providerId": "6b6d307f-a80b-4dcb-801b-1ffa07e25cab"}, "when": {"virtualKey.projectId": {"$eq": "marketing-project"}}}]}', '{"models": ["06056793-2ab1-4975-a0db-66896ca56134", "3f45ca57-c842-4e40-a901-4d607f3fe064"]}', 20, 1, '[{"modelId": "ca94f1a2-8a03-499b-b7b8-433621e8504a", "providerId": "64119a02-f3e4-4ff3-a023-e2289bc3135c"}]', false, '2026-05-08 14:45:52.815+00', '2026-05-10 16:45:26.248+00', NULL);
INSERT INTO public."RoutingRule" (id, name, description, "strategyType", config, "matchConditions", priority, "pipelineStage", "fallbackChain", enabled, "createdAt", "updatedAt", "retryPolicy") VALUES ('091d160c-436d-430c-ac94-b78249210c78', 'load-balance-mini', 'Load-balance GPT-4o-mini: 70% OpenAI, 30% Google Gemini 2.0 Flash', 'loadbalance', '{"type": "loadbalance", "weightedTargets": [{"node": {"type": "single", "modelId": "3f45ca57-c842-4e40-a901-4d607f3fe064", "providerId": "6b6d307f-a80b-4dcb-801b-1ffa07e25cab"}, "weight": 70}, {"node": {"type": "single", "modelId": "2364e1e5-861c-45c2-be9e-62fe3c5fe8d8", "providerId": "c6e3b252-303a-45fd-b5dd-f9467eeba669"}, "weight": 30}]}', '{"models": ["3f45ca57-c842-4e40-a901-4d607f3fe064"]}', 5, 1, '[{"modelId": "06056793-2ab1-4975-a0db-66896ca56134", "providerId": "6b6d307f-a80b-4dcb-801b-1ffa07e25cab"}, {"modelId": "ca94f1a2-8a03-499b-b7b8-433621e8504a", "providerId": "64119a02-f3e4-4ff3-a023-e2289bc3135c"}]', false, '2026-05-08 14:45:52.551+00', '2026-05-10 16:45:20.49+00', NULL);
INSERT INTO public."RoutingRule" (id, name, description, "strategyType", config, "matchConditions", priority, "pipelineStage", "fallbackChain", enabled, "createdAt", "updatedAt", "retryPolicy") VALUES ('08272024-eea1-464e-bbb0-a828c64a1c1e', 'smart-auto-routing', 'AI router analyzes user prompt and selects the best model when model is "auto"', 'smart', '{"type": "smart", "maxTokens": 1024, "timeoutMs": 10000, "temperature": 0, "systemPrompt": "You are an AI model router for an enterprise gateway. Select the best model for the user''s request.\n\n## Available Models\n{modelCatalog}\n\n## Selection Rules\n1. Analyze the task: coding, analysis, creative writing, Q&A, translation, math, reasoning\n2. Match capabilities: images → vision, tools → function_calling, long text → large context\n3. Cost: simple tasks → cheapest capable model; complex tasks → most capable\n4. If uncertain, prefer the most capable model\n\nCRITICAL: keep the \"reason\" field under 30 words. Do not analyse the user''s request itself. Classify the task type only.\n\n## Output Format\nReturn ONLY valid JSON: {\"modelId\": \"<exact ID from list>\", \"reason\": \"<brief explanation>\"}", "routerModelId": "06056793-2ab1-4975-a0db-66896ca56134", "defaultModelId": "3f45ca57-c842-4e40-a901-4d607f3fe064", "routerProviderId": "6b6d307f-a80b-4dcb-801b-1ffa07e25cab", "defaultProviderId": "6b6d307f-a80b-4dcb-801b-1ffa07e25cab"}', '{"requestedModelLiterals": ["auto"]}', 25, 1, '[{"modelId": "3f45ca57-c842-4e40-a901-4d607f3fe064", "providerId": "6b6d307f-a80b-4dcb-801b-1ffa07e25cab"}, {"modelId": "ca94f1a2-8a03-499b-b7b8-433621e8504a", "providerId": "64119a02-f3e4-4ff3-a023-e2289bc3135c"}]', true, '2026-05-08 14:45:53.082+00', '2026-05-14 17:12:19.657+00', NULL);


ALTER TABLE public."RoutingRule" ENABLE TRIGGER ALL;

--
-- Data for Name: UserFederatedIdentity; Type: TABLE DATA; Schema: public; Owner: -
--

ALTER TABLE public."UserFederatedIdentity" DISABLE TRIGGER ALL;

INSERT INTO public."UserFederatedIdentity" (id, "userId", "idpId", "externalSubject", "externalEmail", "rawClaims", "linkedAt", "lastLoginAt") VALUES ('0a12e0ba-5fd5-4d67-aa68-a2357cf27126', 'nexus-user-super-admin', '00000000-0000-0000-0000-000000000001', 'nexus-user-super-admin', 'admin@nexus.ai', NULL, '2026-05-08 14:49:38.307+00', NULL);
INSERT INTO public."UserFederatedIdentity" (id, "userId", "idpId", "externalSubject", "externalEmail", "rawClaims", "linkedAt", "lastLoginAt") VALUES ('4d3b95ec-490d-4430-9b38-e639cb67c047', 'nexus-user-admin', '00000000-0000-0000-0000-000000000001', 'nexus-user-admin', 'alice@nexus.ai', NULL, '2026-05-08 14:49:38.667+00', NULL);
INSERT INTO public."UserFederatedIdentity" (id, "userId", "idpId", "externalSubject", "externalEmail", "rawClaims", "linkedAt", "lastLoginAt") VALUES ('8f247efd-70ab-428b-8599-b4d57110469f', 'nexus-user-provider-ops', '00000000-0000-0000-0000-000000000001', 'nexus-user-provider-ops', 'bob@nexus.ai', NULL, '2026-05-08 14:49:39.192+00', NULL);
INSERT INTO public."UserFederatedIdentity" (id, "userId", "idpId", "externalSubject", "externalEmail", "rawClaims", "linkedAt", "lastLoginAt") VALUES ('841ce102-a5b6-491a-9971-9244efc55122', 'nexus-user-compliance', '00000000-0000-0000-0000-000000000001', 'nexus-user-compliance', 'carol@nexus.ai', NULL, '2026-05-08 14:49:38.929+00', NULL);
INSERT INTO public."UserFederatedIdentity" (id, "userId", "idpId", "externalSubject", "externalEmail", "rawClaims", "linkedAt", "lastLoginAt") VALUES ('82e71923-bbd4-4418-b863-261c5e27f0cd', 'nexus-user-viewer', '00000000-0000-0000-0000-000000000001', 'nexus-user-viewer', 'diana@nexus.ai', NULL, '2026-05-08 14:49:39.456+00', NULL);


ALTER TABLE public."UserFederatedIdentity" ENABLE TRIGGER ALL;

--
-- Data for Name: VirtualKey; Type: TABLE DATA; Schema: public; Owner: -
--

ALTER TABLE public."VirtualKey" DISABLE TRIGGER ALL;

INSERT INTO public."VirtualKey" (id, name, "keyHash", "keyPrefix", "projectId", "sourceApp", enabled, "expiresAt", "rateLimitRpm", "allowedModels", "ownerId", "createdBy", "createdAt", "updatedAt", "vkType", "vkStatus", "approvedBy", "approvedAt", "rejectedBy", "rejectedAt", "rejectReason") VALUES ('a0000001-0000-4000-8000-000000000001', 'engineering-openai', 'a9b6c95c893b2d5f3f4f9d82a9e36990a23fa51ae634bd7184de392b34a6ddb6', 'nvk_b70db6db', 'bb4f98a4-eb70-47b8-98c0-1cefb8e720d6', 'copilot-proxy', true, NULL, 60, '[{"modelId": "06056793-2ab1-4975-a0db-66896ca56134", "providerId": "6b6d307f-a80b-4dcb-801b-1ffa07e25cab"}, {"modelId": "3f45ca57-c842-4e40-a901-4d607f3fe064", "providerId": "6b6d307f-a80b-4dcb-801b-1ffa07e25cab"}, {"modelId": "1d5f88f6-ff4c-4422-9623-4d1a0f5e127e", "providerId": "6b6d307f-a80b-4dcb-801b-1ffa07e25cab"}]', 'nexus-user-agent-jdoe', 'admin', '2026-05-10 16:41:10.073+00', '2026-05-10 16:44:20.05+00', 'application', 'active', NULL, NULL, NULL, NULL, NULL);
INSERT INTO public."VirtualKey" (id, name, "keyHash", "keyPrefix", "projectId", "sourceApp", enabled, "expiresAt", "rateLimitRpm", "allowedModels", "ownerId", "createdBy", "createdAt", "updatedAt", "vkType", "vkStatus", "approvedBy", "approvedAt", "rejectedBy", "rejectedAt", "rejectReason") VALUES ('a0000002-0000-4000-8000-000000000002', 'engineering-anthropic', 'c507ca93b654abe3629819e7968fc50ff4ead4dc6c6120375903fe147bdf1b77', 'nvk_ae214346', 'bb4f98a4-eb70-47b8-98c0-1cefb8e720d6', 'copilot-proxy', true, NULL, 40, '[{"modelId": "862cd7ce-0927-4296-88a2-ebb0ff482e5c", "providerId": "dee77e2b-fbe8-4281-9d87-cd8886f90450"}, {"modelId": "e65623cf-60e8-489f-a91f-6e4869216d15", "providerId": "dee77e2b-fbe8-4281-9d87-cd8886f90450"}]', 'nexus-user-agent-jdoe', 'admin', '2026-05-10 16:41:10.551+00', '2026-05-10 16:44:20.858+00', 'application', 'active', NULL, NULL, NULL, NULL, NULL);
INSERT INTO public."VirtualKey" (id, name, "keyHash", "keyPrefix", "projectId", "sourceApp", enabled, "expiresAt", "rateLimitRpm", "allowedModels", "ownerId", "createdBy", "createdAt", "updatedAt", "vkType", "vkStatus", "approvedBy", "approvedAt", "rejectedBy", "rejectedAt", "rejectReason") VALUES ('b2612d98-81e1-4486-8b05-d2f9cb57a45b', 'cache-test-1778304143', '18c7d1f8590ad3c5eb29bc88d6124c9db2bac370589aa2d94e14619214d40996', 'nvk_6c3bbf54', NULL, NULL, true, NULL, NULL, '[]', 'nexus-user-super-admin', NULL, '2026-05-09 05:22:23.859+00', '2026-05-09 05:22:23.859+00', 'personal', 'active', NULL, NULL, NULL, NULL, NULL);
INSERT INTO public."VirtualKey" (id, name, "keyHash", "keyPrefix", "projectId", "sourceApp", enabled, "expiresAt", "rateLimitRpm", "allowedModels", "ownerId", "createdBy", "createdAt", "updatedAt", "vkType", "vkStatus", "approvedBy", "approvedAt", "rejectedBy", "rejectedAt", "rejectReason") VALUES ('a0000003-0000-4000-8000-000000000003', 'data-science-openai', '853336cdf8aba38fff4ed88c4052d73851ad57bda01d84d6c8b6f761a994ef32', 'nvk_d66902fa', 'e993100f-dae6-44d6-bb91-5b76b4593d62', 'jupyter-gateway', true, NULL, 30, '[{"modelId": "06056793-2ab1-4975-a0db-66896ca56134", "providerId": "6b6d307f-a80b-4dcb-801b-1ffa07e25cab"}, {"modelId": "1d5f88f6-ff4c-4422-9623-4d1a0f5e127e", "providerId": "6b6d307f-a80b-4dcb-801b-1ffa07e25cab"}]', 'nexus-user-viewer', 'admin', '2026-05-10 16:41:11.068+00', '2026-05-10 16:44:21.622+00', 'application', 'active', NULL, NULL, NULL, NULL, NULL);
INSERT INTO public."VirtualKey" (id, name, "keyHash", "keyPrefix", "projectId", "sourceApp", enabled, "expiresAt", "rateLimitRpm", "allowedModels", "ownerId", "createdBy", "createdAt", "updatedAt", "vkType", "vkStatus", "approvedBy", "approvedAt", "rejectedBy", "rejectedAt", "rejectReason") VALUES ('a0000004-0000-4000-8000-000000000004', 'marketing-gpt4o-mini', 'f96c928eaa97b3605e1cfb1017492bc29458c9dc47a42cc25f4b3bd9f103678a', 'nvk_3f601ca4', 'b469b780-fc83-4bba-99fe-55901fe6b7f4', 'content-studio', true, NULL, 20, '[{"modelId": "3f45ca57-c842-4e40-a901-4d607f3fe064", "providerId": "6b6d307f-a80b-4dcb-801b-1ffa07e25cab"}]', 'nexus-user-suspended', 'admin', '2026-05-10 16:41:11.589+00', '2026-05-10 16:44:22.431+00', 'application', 'active', NULL, NULL, NULL, NULL, NULL);
INSERT INTO public."VirtualKey" (id, name, "keyHash", "keyPrefix", "projectId", "sourceApp", enabled, "expiresAt", "rateLimitRpm", "allowedModels", "ownerId", "createdBy", "createdAt", "updatedAt", "vkType", "vkStatus", "approvedBy", "approvedAt", "rejectedBy", "rejectedAt", "rejectReason") VALUES ('a0000006-0000-4000-8000-000000000006', 'external-partner-limited', 'f711e7a4e23f1cb5ab29c146c3d65cd037f2d930260be0e9db408aad58245a76', 'nvk_451a0bb0', '79391ad7-1288-4502-8a51-d0d1fd1d234a', 'partner-api', true, '2026-06-09 16:41:09.826+00', 10, '[{"modelId": "3f45ca57-c842-4e40-a901-4d607f3fe064", "providerId": "6b6d307f-a80b-4dcb-801b-1ffa07e25cab"}]', NULL, 'admin', '2026-05-10 16:41:12.637+00', '2026-05-10 16:41:12.637+00', 'application', 'active', NULL, NULL, NULL, NULL, NULL);
INSERT INTO public."VirtualKey" (id, name, "keyHash", "keyPrefix", "projectId", "sourceApp", enabled, "expiresAt", "rateLimitRpm", "allowedModels", "ownerId", "createdBy", "createdAt", "updatedAt", "vkType", "vkStatus", "approvedBy", "approvedAt", "rejectedBy", "rejectedAt", "rejectReason") VALUES ('0c101489-c080-4384-9b00-90ecedf6adc7', 'demo01', 'e4712a93ccf52b155a408282988a75228898f3682eb4edf4c3c643269af19541', 'nvk_4c44be2b', 'bb4f98a4-eb70-47b8-98c0-1cefb8e720d6', NULL, true, '2026-05-31 23:59:59+00', NULL, '[{"modelId": "e65623cf-60e8-489f-a91f-6e4869216d15", "providerId": "dee77e2b-fbe8-4281-9d87-cd8886f90450"}, {"modelId": "bff825a3-7f51-4a87-8b31-03ef745993a0", "providerId": "dee77e2b-fbe8-4281-9d87-cd8886f90450"}, {"modelId": "862cd7ce-0927-4296-88a2-ebb0ff482e5c", "providerId": "dee77e2b-fbe8-4281-9d87-cd8886f90450"}, {"modelId": "3f45ca57-c842-4e40-a901-4d607f3fe064", "providerId": "6b6d307f-a80b-4dcb-801b-1ffa07e25cab"}, {"modelId": "6bf24832-0b9a-4175-b5e3-e0de4c9ed387", "providerId": "6b6d307f-a80b-4dcb-801b-1ffa07e25cab"}, {"modelId": "b299b0f2-8e10-4deb-aed9-2def5b7ea2b7", "providerId": "6b6d307f-a80b-4dcb-801b-1ffa07e25cab"}]', 'nexus-user-super-admin', NULL, '2026-05-12 12:32:25.238+00', '2026-05-12 13:05:04.816+00', 'application', 'active', 'nexus-user-super-admin', '2026-05-12 13:05:04.816+00', NULL, NULL, NULL);
INSERT INTO public."VirtualKey" (id, name, "keyHash", "keyPrefix", "projectId", "sourceApp", enabled, "expiresAt", "rateLimitRpm", "allowedModels", "ownerId", "createdBy", "createdAt", "updatedAt", "vkType", "vkStatus", "approvedBy", "approvedAt", "rejectedBy", "rejectedAt", "rejectReason") VALUES ('8080c1a5-ae58-4220-b38c-5b7a8a55a2b6', 'e46-smoke-1778669746', '74ad06ed689685da3a05c7319bf6a5e6c2296de8595b418ec53bfffb4975e2e0', 'nvk_54e441b2', 'bb4f98a4-eb70-47b8-98c0-1cefb8e720d6', NULL, true, NULL, NULL, '[]', 'nexus-user-super-admin', NULL, '2026-05-13 10:55:47.521+00', '2026-05-13 10:55:47.521+00', 'application', 'active', NULL, NULL, NULL, NULL, NULL);
INSERT INTO public."VirtualKey" (id, name, "keyHash", "keyPrefix", "projectId", "sourceApp", enabled, "expiresAt", "rateLimitRpm", "allowedModels", "ownerId", "createdBy", "createdAt", "updatedAt", "vkType", "vkStatus", "approvedBy", "approvedAt", "rejectedBy", "rejectedAt", "rejectReason") VALUES ('09d6af78-459a-4d23-a79a-52ab5195f779', 'mcp-vk', 'a1401d47e2c817eafde5286eaffe353113119003918f65fa9d7f951d205472e0', 'nvk_1b7febe8', 'eb45d2f3-dcb9-4c9f-9c57-3b0e0133cd52', NULL, true, '2026-07-03 23:59:59+00', 10000, '[]', 'nexus-user-super-admin', NULL, '2026-05-15 13:40:16.395+00', '2026-05-15 13:44:15.237+00', 'application', 'active', 'nexus-user-super-admin', '2026-05-15 13:44:15.237+00', NULL, NULL, NULL);
INSERT INTO public."VirtualKey" (id, name, "keyHash", "keyPrefix", "projectId", "sourceApp", enabled, "expiresAt", "rateLimitRpm", "allowedModels", "ownerId", "createdBy", "createdAt", "updatedAt", "vkType", "vkStatus", "approvedBy", "approvedAt", "rejectedBy", "rejectedAt", "rejectReason") VALUES ('92a4cf4e-38c7-4d62-a588-1099eb941fb8', 'prod-smoke-test', '1f9928bca36484145da401c69c2fb2e49d2f35f1986f4957ad6a0ff0c8bada71', 'nvk_23f39a26', NULL, NULL, true, NULL, NULL, '[]', NULL, NULL, '2026-05-13 15:12:42.18+00', '2026-05-14 07:21:43.898+00', 'personal', 'active', NULL, NULL, NULL, NULL, NULL);
INSERT INTO public."VirtualKey" (id, name, "keyHash", "keyPrefix", "projectId", "sourceApp", enabled, "expiresAt", "rateLimitRpm", "allowedModels", "ownerId", "createdBy", "createdAt", "updatedAt", "vkType", "vkStatus", "approvedBy", "approvedAt", "rejectedBy", "rejectedAt", "rejectReason") VALUES ('a0000005-0000-4000-8000-000000000005', 'research-all-models', '621539108fd1a9fc594a801f572788cb6ec9496b5cd692c1e08ca1037c140491', 'nvk_8890c33e', '76131a0e-1ffd-458e-96a2-5ed3ad58a696', NULL, true, NULL, NULL, '[]', 'nexus-user-sso', 'admin', '2026-05-10 16:41:12.116+00', '2026-05-15 17:40:20.557+00', 'application', 'active', NULL, NULL, NULL, NULL, NULL);
INSERT INTO public."VirtualKey" (id, name, "keyHash", "keyPrefix", "projectId", "sourceApp", enabled, "expiresAt", "rateLimitRpm", "allowedModels", "ownerId", "createdBy", "createdAt", "updatedAt", "vkType", "vkStatus", "approvedBy", "approvedAt", "rejectedBy", "rejectedAt", "rejectReason") VALUES ('92a07c50-5219-4506-8e60-c4f9ca7cb4a1', 'e57-deploy-probe-1778900128', '5b69c829c08a890acd2c01b22d2e3e950ed67eec6f8ac178c0db7c03a7872dc6', 'nvk_8b5c48d8', NULL, 'prod-deploy', true, NULL, NULL, '[]', 'nexus-user-super-admin', NULL, '2026-05-16 02:55:31.9+00', '2026-05-16 02:55:31.9+00', 'personal', 'active', NULL, NULL, NULL, NULL, NULL);


ALTER TABLE public."VirtualKey" ENABLE TRIGGER ALL;

--
-- Data for Name: ai_guard_config; Type: TABLE DATA; Schema: public; Owner: -
--

ALTER TABLE public.ai_guard_config DISABLE TRIGGER ALL;

INSERT INTO public.ai_guard_config (id, backend_mode, provider_id, model_id, external_url, external_credential_id, custom_headers, prompt_template, timeout_ms, cache_ttl_seconds, backend_fingerprint, updated_at) VALUES ('singleton', 'configured_provider', '6b6d307f-a80b-4dcb-801b-1ffa07e25cab', '3f45ca57-c842-4e40-a901-4d607f3fe064', NULL, NULL, NULL, 'You are a security classifier for enterprise AI traffic. Analyze the
provided CONTENT for the detector type {{.DetectorType}}. Return ONLY
valid JSON matching this schema:

{"decision":"approve|reject_hard|reject_soft|modify",
 "confidence":<0.0-1.0>,
 "reason":"<short human-readable explanation>",
 "labels":["<tag>","<tag>"],
 "modified_content":<string or null>}

Guidelines:
- reject_hard: clear, high-confidence policy violation. Use sparingly.
- reject_soft: likely violation; the caller may warn instead of blocking.
- approve: content is acceptable for the detector type.
- modify: return a sanitized replacement in `modified_content`.

Context:
- Target provider: {{.TargetProvider}}
- Target model: {{.TargetModel}}
- Upstream tags: {{.TagsJoined}}

CONTENT:
<<<
{{.Content}}
>>>
', 5000, 600, '', '2026-05-08 14:46:09.555+00');


ALTER TABLE public.ai_guard_config ENABLE TRIGGER ALL;

--
-- Data for Name: cache_adapter_config; Type: TABLE DATA; Schema: public; Owner: -
--

ALTER TABLE public.cache_adapter_config DISABLE TRIGGER ALL;

INSERT INTO public.cache_adapter_config (adapter_type, config, updated_at, updated_by) VALUES ('openai', '{"rules": {"openai-field-order-normalize": {"enabled": true}}}', '2026-05-13 07:59:16.777+00', NULL);
INSERT INTO public.cache_adapter_config (adapter_type, config, updated_at, updated_by) VALUES ('azure-openai', '{"rules": {"azure-openai-field-order-normalize": {"enabled": true}}}', '2026-05-13 07:59:16.777+00', NULL);
INSERT INTO public.cache_adapter_config (adapter_type, config, updated_at, updated_by) VALUES ('deepseek', '{"rules": {"deepseek-field-order-normalize": {"enabled": true}}}', '2026-05-13 07:59:16.777+00', NULL);
INSERT INTO public.cache_adapter_config (adapter_type, config, updated_at, updated_by) VALUES ('glm', '{"rules": {"glm-field-order-normalize": {"enabled": true}}}', '2026-05-13 07:59:16.777+00', NULL);
INSERT INTO public.cache_adapter_config (adapter_type, config, updated_at, updated_by) VALUES ('moonshot', '{"rules": {"moonshot-field-order-normalize": {"enabled": true}}}', '2026-05-13 07:59:16.777+00', NULL);
INSERT INTO public.cache_adapter_config (adapter_type, config, updated_at, updated_by) VALUES ('gemini', '{"ttl_seconds": 3600, "cache_enabled": true, "min_system_chars": 4096, "circuit_breaker_open_secs": 300, "circuit_breaker_threshold": 5}', '2026-05-13 08:52:58.719+00', 'manual-restore-prod-20260513c');
INSERT INTO public.cache_adapter_config (adapter_type, config, updated_at, updated_by) VALUES ('vertex', '{"ttl_seconds": 3600, "cache_enabled": false, "min_system_chars": 4096, "circuit_breaker_open_secs": 300, "circuit_breaker_threshold": 5}', '2026-05-13 08:52:58.719+00', 'manual-restore-prod-20260513c');
INSERT INTO public.cache_adapter_config (adapter_type, config, updated_at, updated_by) VALUES ('anthropic', '{"rules": {"claude-code-cch-strip": {"enabled": false}}, "marker_inject_enabled": true, "marker_boundary3_enabled": true}', '2026-05-13 15:03:54.722+00', 'nexus-user-super-admin');
INSERT INTO public.cache_adapter_config (adapter_type, config, updated_at, updated_by) VALUES ('bedrock', '{"rules": {"bedrock-claude-cch-strip": {"enabled": false}}, "marker_inject_enabled": true, "marker_boundary3_enabled": true}', '2026-05-13 15:04:10.176+00', 'nexus-user-super-admin');


ALTER TABLE public.cache_adapter_config ENABLE TRIGGER ALL;

--
-- Data for Name: cache_global_config; Type: TABLE DATA; Schema: public; Owner: -
--

ALTER TABLE public.cache_global_config DISABLE TRIGGER ALL;

INSERT INTO public.cache_global_config (id, config, updated_at, updated_by) VALUES ('singleton', '{"normaliser_enabled": true, "cache_master_kill_switch": false}', '2026-05-13 08:53:31.763+00', 'nexus-user-super-admin');


ALTER TABLE public.cache_global_config ENABLE TRIGGER ALL;

--
-- Data for Name: cache_provider_config; Type: TABLE DATA; Schema: public; Owner: -
--

ALTER TABLE public.cache_provider_config DISABLE TRIGGER ALL;

INSERT INTO public.cache_provider_config (provider_id, config, updated_at, updated_by) VALUES ('dee77e2b-fbe8-4281-9d87-cd8886f90450', '{}', '2026-05-13 15:00:00.463+00', 'nexus-user-super-admin');


ALTER TABLE public.cache_provider_config ENABLE TRIGGER ALL;

--
-- Data for Name: exemption_request; Type: TABLE DATA; Schema: public; Owner: -
--

ALTER TABLE public.exemption_request DISABLE TRIGGER ALL;

INSERT INTO public.exemption_request (id, transaction_id, source_ip, target_host, reason, status, duration_minutes, reviewed_by, review_note, reviewed_at, "createdAt", requested_by) VALUES ('ee77407c-9940-4cb2-a57e-a4edc33e7009', 'seed-demo-tx-2', '10.0.0.5', 'api.anthropic.com', 'Need access to Anthropic API for critical production debugging', 'APPROVED', 480, 'nexus-user-compliance', 'Approved for 8-hour window — production incident P-2341', '2026-05-06 16:44:38.155+00', '2026-05-06 16:44:38.155+00', 'nexus-user-agent-jdoe');
INSERT INTO public.exemption_request (id, transaction_id, source_ip, target_host, reason, status, duration_minutes, reviewed_by, review_note, reviewed_at, "createdAt", requested_by) VALUES ('201f3dfb-111d-421b-8a2d-458fb4361d60', 'seed-demo-tx-3', '10.0.0.24', 'unknown.example.com', 'Internal service migration — new vendor domain not yet in allowlist', 'REJECTED', 240, 'nexus-user-compliance', 'Denied — unknown.example.com is not an approved AI vendor. Submit vendor review first.', '2026-05-07 16:44:38.155+00', '2026-05-07 16:44:38.155+00', 'nexus-user-agent-ssmith');
INSERT INTO public.exemption_request (id, transaction_id, source_ip, target_host, reason, status, duration_minutes, reviewed_by, review_note, reviewed_at, "createdAt", requested_by) VALUES ('d8eb2126-e010-4272-b282-74d1a8aea247', 'pending-exempt-tx-1', '10.0.1.15', 'api.mistral.ai', 'Evaluating Mistral models for code review pipeline PoC', 'APPROVED', 1440, 'nexus-user-super-admin', NULL, '2026-05-13 15:13:28.365+00', '2026-05-10 13:44:38.155+00', 'nexus-user-agent-jdoe');


ALTER TABLE public.exemption_request ENABLE TRIGGER ALL;

--
-- Data for Name: compliance_exemption_grant; Type: TABLE DATA; Schema: public; Owner: -
--

ALTER TABLE public.compliance_exemption_grant DISABLE TRIGGER ALL;

INSERT INTO public.compliance_exemption_grant (id, exemption_request_id, source_ip, target_host, reason, duration_minutes, effective_from, expires_at, requested_by, approved_by, inactive, activated_at, created_at, updated_at) VALUES ('85c38e3b-b23b-41c7-89b2-35f40a996e18', 'd8eb2126-e010-4272-b282-74d1a8aea247', '10.0.1.15', 'api.mistral.ai', 'Evaluating Mistral models for code review pipeline PoC', 1440, '2026-05-13 15:13:28.366+00', '2026-05-14 15:13:28.366+00', 'nexus-user-agent-jdoe', 'admin@nexus.ai', false, '2026-05-13 15:13:28.367+00', '2026-05-13 15:13:28.365+00', '2026-05-13 15:13:28.365+00');


ALTER TABLE public.compliance_exemption_grant ENABLE TRIGGER ALL;

--
-- Data for Name: device_group_membership_cache; Type: TABLE DATA; Schema: public; Owner: -
--

ALTER TABLE public.device_group_membership_cache DISABLE TRIGGER ALL;



ALTER TABLE public.device_group_membership_cache ENABLE TRIGGER ALL;

--
-- Data for Name: diag_silence; Type: TABLE DATA; Schema: public; Owner: -
--

ALTER TABLE public.diag_silence DISABLE TRIGGER ALL;

INSERT INTO public.diag_silence (id, message_hash, level, silenced_by, silenced_at, expires_at, reason) VALUES ('f730d4c9-d560-4312-ab92-962025abc84c', '5fe5e8d3d33f32916e2179ed8d7a701e', 'error', 'nexus-user-super-admin', '2026-05-13 16:50:36.029+00', '2026-05-14 16:50:36.029+00', 'snoozed-24h');


ALTER TABLE public.diag_silence ENABLE TRIGGER ALL;

--
-- Data for Name: dsar_request; Type: TABLE DATA; Schema: public; Owner: -
--

ALTER TABLE public.dsar_request DISABLE TRIGGER ALL;

INSERT INTO public.dsar_request (id, subject_id, contact, type, status, notes, completed_at, outcome, "createdAt", created_by, "updatedAt", updated_by) VALUES ('e5f6d57f-8dd7-4e80-a398-92b0e461f8e7', 'engineering-openai', 'jdoe@acme.example', 'ACCESS', 'COMPLETED', 'Employee requested copy of all AI interaction logs for personal review', '2026-05-05 16:44:36.602+00', '{"sizeBytes": 145200, "exportFormat": "CSV", "auditLogCount": 87, "matrixEventCount": 23}', '2026-04-30 16:44:36.602+00', 'nexus-user-compliance', '2026-05-10 16:44:36.882+00', 'nexus-user-compliance');
INSERT INTO public.dsar_request (id, subject_id, contact, type, status, notes, completed_at, outcome, "createdAt", created_by, "updatedAt", updated_by) VALUES ('52586797-2300-4e33-9af7-2623207164af', 'external-partner-limited', 'charlie@partner-xyz.example', 'ERASURE', 'COMPLETED', 'Partner contract terminated — GDPR Article 17 erasure request', '2026-05-08 16:44:36.602+00', '{"auditLogAnonymized": 34, "agentEventAnonymized": 0, "matrixEventAnonymized": 8}', '2026-05-03 16:44:36.602+00', 'nexus-user-compliance', '2026-05-10 16:44:37.12+00', 'nexus-user-compliance');
INSERT INTO public.dsar_request (id, subject_id, contact, type, status, notes, completed_at, outcome, "createdAt", created_by, "updatedAt", updated_by) VALUES ('05bf4ff6-08f8-441e-88af-e2983b5b5a39', 'marketing-gpt4o-mini', 'eve@acme.example', 'ACCESS', 'IN_PROGRESS', 'Marketing team lead requests audit export for quarterly compliance report', NULL, NULL, '2026-05-09 16:44:36.602+00', 'nexus-user-compliance', '2026-05-10 16:44:37.357+00', NULL);
INSERT INTO public.dsar_request (id, subject_id, contact, type, status, notes, completed_at, outcome, "createdAt", created_by, "updatedAt", updated_by) VALUES ('a9ef8bdd-2985-4a4d-88ab-96f925cdea7e', 'research-all-models', 'frank@acme.example', 'ERASURE', 'PENDING', 'Researcher leaving company — erasure pending compliance review', NULL, NULL, '2026-05-10 10:44:36.602+00', 'nexus-user-admin', '2026-05-10 16:44:37.64+00', NULL);
INSERT INTO public.dsar_request (id, subject_id, contact, type, status, notes, completed_at, outcome, "createdAt", created_by, "updatedAt", updated_by) VALUES ('af13663a-4154-47e7-b2f8-05be5c5e2efd', 'data-science-openai', 'diana@acme.example', 'ACCESS', 'REJECTED', 'Request rejected — insufficient identity verification provided', '2026-05-07 16:44:36.602+00', '{"rejectionReason": "Identity verification failed — requestor could not provide matching employee ID"}', '2026-05-02 16:44:36.602+00', 'nexus-user-admin', '2026-05-10 16:44:37.88+00', 'nexus-user-compliance');


ALTER TABLE public.dsar_request ENABLE TRIGGER ALL;

--
-- Data for Name: enrollment_token; Type: TABLE DATA; Schema: public; Owner: -
--

ALTER TABLE public.enrollment_token DISABLE TRIGGER ALL;

INSERT INTO public.enrollment_token (id, token_hash, thing_type, thing_id, label, status, expires_at, used_at, metadata, created_by, created_at) VALUES ('1dd70035-85c8-40ef-8ff5-07f592b149cc', 'ec2b1a106755ee0565658554173fd7023478fcb14040127485341cf1b1e0c5d4', 'agent', NULL, 'win-contractor.corp.local', 'expired', '2026-05-07 16:45:00.184+00', NULL, 'null', 'nexus-user-admin', '2026-05-05 16:45:00.184+00');
INSERT INTO public.enrollment_token (id, token_hash, thing_type, thing_id, label, status, expires_at, used_at, metadata, created_by, created_at) VALUES ('f887b57d-99d4-45ea-bb9c-288201db39e2', 'cc7575adfa51482568d23b3e7200329479a5b9678e5d4a82167cc20952ab402b', 'agent', 'agent-dev-enrolled-01', 'mac-finance-04.corp.local', 'used', '2026-05-17 16:45:00.184+00', '2026-05-09 16:45:00.184+00', 'null', 'nexus-user-admin', '2026-05-08 16:45:00.184+00');
INSERT INTO public.enrollment_token (id, token_hash, thing_type, thing_id, label, status, expires_at, used_at, metadata, created_by, created_at) VALUES ('65256b7d-af22-4d29-a87b-9740a65976e6', '11282c2a91ae0320bcdcacfb652dbf69b8b334597d5a8b0aed005593612f15a6', 'agent', NULL, 'mac-new-hire.corp.local', 'expired', '2026-05-11 16:45:00.184+00', NULL, 'null', 'nexus-user-admin', '2026-05-09 16:45:00.184+00');
INSERT INTO public.enrollment_token (id, token_hash, thing_type, thing_id, label, status, expires_at, used_at, metadata, created_by, created_at) VALUES ('24c43f3912f8fbb2cb5a79fdc5037316', 'd66e35614cc66d49d08448234614ebbb2600609707fb2ffd20612ce868ea7352', 'agent', 'agent-ae7ad926d0181931', 'agent', 'used', '2026-05-13 03:32:13.084+00', '2026-05-12 03:32:17.744+00', NULL, 'nexus-user-super-admin', '2026-05-12 03:32:13.084+00');
INSERT INTO public.enrollment_token (id, token_hash, thing_type, thing_id, label, status, expires_at, used_at, metadata, created_by, created_at) VALUES ('e2501cc26aad67b54b0af6d022cd3df9', '1b07c7bc403c22918edfad6acfccd984e8d0643ebbfede98b2cf1fec1f21e27c', 'agent', 'agent-cc009d193f03a9de', 'agent', 'used', '2026-05-13 05:15:37.716+00', '2026-05-12 05:15:50.406+00', NULL, 'nexus-user-super-admin', '2026-05-12 05:15:37.716+00');
INSERT INTO public.enrollment_token (id, token_hash, thing_type, thing_id, label, status, expires_at, used_at, metadata, created_by, created_at) VALUES ('29b75ef29d7ec4142eee666cf23d2b0b', 'd4e43a2805d5475afde2d70217c28a79b24adba58f70a5e3b80940c219694199', 'agent', 'agent-b953d52f900d5a98', 'agent', 'used', '2026-05-13 05:19:38.951+00', '2026-05-12 05:19:48.06+00', NULL, 'nexus-user-super-admin', '2026-05-12 05:19:38.951+00');
INSERT INTO public.enrollment_token (id, token_hash, thing_type, thing_id, label, status, expires_at, used_at, metadata, created_by, created_at) VALUES ('dc0f0c04662d1fa095c03c0937727cbe', 'd02129926cf3248444526f0211bc9177f7f564db5317c727cbebe41408b96f3d', 'agent', 'agent-d797b87fa56c3053', 'agent', 'used', '2026-05-13 05:27:31.884+00', '2026-05-12 05:31:47.23+00', NULL, 'nexus-user-super-admin', '2026-05-12 05:27:31.884+00');
INSERT INTO public.enrollment_token (id, token_hash, thing_type, thing_id, label, status, expires_at, used_at, metadata, created_by, created_at) VALUES ('d76e8fcf622642a98d792cc3f94d2f8b', 'fc5bc9127648cd1d9568d4d0aa1c9d8553b1bb098b33c562cb6a09e1b667ee75', 'agent', 'agent-1e5377e923c56679', 'agent', 'used', '2026-05-13 06:18:26.522+00', '2026-05-12 06:18:27.684+00', NULL, 'nexus-user-super-admin', '2026-05-12 06:18:26.523+00');
INSERT INTO public.enrollment_token (id, token_hash, thing_type, thing_id, label, status, expires_at, used_at, metadata, created_by, created_at) VALUES ('f61f69c6c59bd8110fa9aa80b13584fd', '43974818a77d244c45676e42e011eb1a75ee8249c2a4da44161b180da2b04f3e', 'agent', 'agent-1e2a6705304d82ae', 'agent-setup', 'used', '2026-05-14 05:49:52.103+00', '2026-05-13 05:49:59.027+00', NULL, '', '2026-05-13 05:49:52.103+00');
INSERT INTO public.enrollment_token (id, token_hash, thing_type, thing_id, label, status, expires_at, used_at, metadata, created_by, created_at) VALUES ('b6f73d1f6e90387610c232110bf9c6f2', '05cf957fe3c3e298e1c4a24fc163b263e29d7d35d541711acc777abd723b1b6a', 'agent', NULL, 'agent', 'expired', '2026-05-13 03:24:38.473+00', NULL, NULL, 'nexus-user-super-admin', '2026-05-12 03:24:38.474+00');
INSERT INTO public.enrollment_token (id, token_hash, thing_type, thing_id, label, status, expires_at, used_at, metadata, created_by, created_at) VALUES ('c67fa0c2a3cc8227c009063269ae550c', '06ab1532ea891bea56953a803e5302146c4f981b541d1752c08ed2c98d5aa163', 'agent', NULL, 'agent', 'expired', '2026-05-13 05:26:55.08+00', NULL, NULL, 'nexus-user-super-admin', '2026-05-12 05:26:55.08+00');


ALTER TABLE public.enrollment_token ENABLE TRIGGER ALL;

--
-- Data for Name: gateway_passthrough_config_adapter; Type: TABLE DATA; Schema: public; Owner: -
--

ALTER TABLE public.gateway_passthrough_config_adapter DISABLE TRIGGER ALL;



ALTER TABLE public.gateway_passthrough_config_adapter ENABLE TRIGGER ALL;

--
-- Data for Name: gateway_passthrough_config_global; Type: TABLE DATA; Schema: public; Owner: -
--

ALTER TABLE public.gateway_passthrough_config_global DISABLE TRIGGER ALL;

INSERT INTO public.gateway_passthrough_config_global (id, enabled, config, expires_at, enabled_by, reason, updated_at) VALUES ('singleton', false, '{"bypassCache": true, "bypassHooks": true, "bypassNormalize": true}', NULL, '', 'reconcile verify run — should be auto-flipped within 60s', '2026-05-13 16:14:25.934+00');


ALTER TABLE public.gateway_passthrough_config_global ENABLE TRIGGER ALL;

--
-- Data for Name: gateway_passthrough_config_provider; Type: TABLE DATA; Schema: public; Owner: -
--

ALTER TABLE public.gateway_passthrough_config_provider DISABLE TRIGGER ALL;



ALTER TABLE public.gateway_passthrough_config_provider ENABLE TRIGGER ALL;

--
-- Data for Name: interception_domain; Type: TABLE DATA; Schema: public; Owner: -
--

ALTER TABLE public.interception_domain DISABLE TRIGGER ALL;

INSERT INTO public.interception_domain (id, name, description, host_pattern, host_match_type, adapter_id, adapter_config, enabled, priority, default_path_action, on_adapter_error, network_zone, source, created_at, updated_at, created_by, streaming_mode, streaming_chunk_bytes, streaming_hook_timeout_ms, streaming_max_buffer_bytes, streaming_fail_behavior, capture_request_body, capture_response_body, raw_body_spill_enabled) VALUES ('f9704ff9-4dae-4bdd-9e93-c3eb912f30e3', 'claude-web-public', NULL, 'claude.ai', 'EXACT', 'claude-web', NULL, true, 0, 'PASSTHROUGH', 'FAIL_OPEN', 'PUBLIC', 'builtin', '2026-05-08 14:47:20.702+00', '2026-05-11 08:33:09.621+00', NULL, NULL, NULL, NULL, NULL, NULL, NULL, NULL, NULL);
INSERT INTO public.interception_domain (id, name, description, host_pattern, host_match_type, adapter_id, adapter_config, enabled, priority, default_path_action, on_adapter_error, network_zone, source, created_at, updated_at, created_by, streaming_mode, streaming_chunk_bytes, streaming_hook_timeout_ms, streaming_max_buffer_bytes, streaming_fail_behavior, capture_request_body, capture_response_body, raw_body_spill_enabled) VALUES ('4a276b15-cda6-401f-84e9-4674f306c83e', 'gemini-web-public', NULL, 'gemini.google.com', 'EXACT', 'gemini-web', NULL, true, 0, 'PASSTHROUGH', 'FAIL_OPEN', 'PUBLIC', 'builtin', '2026-05-08 14:47:22.501+00', '2026-05-11 09:13:36.404+00', NULL, NULL, NULL, NULL, NULL, NULL, NULL, NULL, NULL);
INSERT INTO public.interception_domain (id, name, description, host_pattern, host_match_type, adapter_id, adapter_config, enabled, priority, default_path_action, on_adapter_error, network_zone, source, created_at, updated_at, created_by, streaming_mode, streaming_chunk_bytes, streaming_hook_timeout_ms, streaming_max_buffer_bytes, streaming_fail_behavior, capture_request_body, capture_response_body, raw_body_spill_enabled) VALUES ('3c744923-3d89-4d42-8f10-5abf045f1685', 'openai-public', NULL, 'api.openai.com', 'EXACT', 'openai-compat', NULL, true, 0, 'PASSTHROUGH', 'FAIL_OPEN', 'PUBLIC', 'builtin', '2026-05-08 14:47:08.435+00', '2026-05-12 03:27:43.133+00', NULL, NULL, NULL, NULL, NULL, NULL, NULL, NULL, NULL);
INSERT INTO public.interception_domain (id, name, description, host_pattern, host_match_type, adapter_id, adapter_config, enabled, priority, default_path_action, on_adapter_error, network_zone, source, created_at, updated_at, created_by, streaming_mode, streaming_chunk_bytes, streaming_hook_timeout_ms, streaming_max_buffer_bytes, streaming_fail_behavior, capture_request_body, capture_response_body, raw_body_spill_enabled) VALUES ('ea3a6a0f-d936-46b4-ac57-8a4024d5c9fa', 'cursor-api2', NULL, 'api2.cursor.sh', 'EXACT', 'cursor', NULL, true, 0, 'PASSTHROUGH', 'FAIL_CLOSED', 'PUBLIC', 'builtin', '2026-05-08 14:47:37.928+00', '2026-05-11 17:23:17.682+00', NULL, NULL, NULL, NULL, NULL, NULL, NULL, NULL, NULL);
INSERT INTO public.interception_domain (id, name, description, host_pattern, host_match_type, adapter_id, adapter_config, enabled, priority, default_path_action, on_adapter_error, network_zone, source, created_at, updated_at, created_by, streaming_mode, streaming_chunk_bytes, streaming_hook_timeout_ms, streaming_max_buffer_bytes, streaming_fail_behavior, capture_request_body, capture_response_body, raw_body_spill_enabled) VALUES ('cdb64b0f-0784-4622-b2b9-07f8ee1ca9ba', 'anthropic-public', NULL, 'api.anthropic.com', 'EXACT', 'anthropic', NULL, true, 0, 'PASSTHROUGH', 'FAIL_OPEN', 'PUBLIC', 'builtin', '2026-05-08 14:47:09.741+00', '2026-05-12 03:27:44.042+00', NULL, NULL, NULL, NULL, NULL, NULL, NULL, NULL, NULL);
INSERT INTO public.interception_domain (id, name, description, host_pattern, host_match_type, adapter_id, adapter_config, enabled, priority, default_path_action, on_adapter_error, network_zone, source, created_at, updated_at, created_by, streaming_mode, streaming_chunk_bytes, streaming_hook_timeout_ms, streaming_max_buffer_bytes, streaming_fail_behavior, capture_request_body, capture_response_body, raw_body_spill_enabled) VALUES ('78db6610-f4a4-4939-bbd0-a141830a9332', 'google-gemini-public', NULL, 'generativelanguage.googleapis.com', 'EXACT', 'gemini', NULL, true, 0, 'PASSTHROUGH', 'FAIL_OPEN', 'PUBLIC', 'builtin', '2026-05-08 14:47:11.049+00', '2026-05-12 03:27:44.934+00', NULL, NULL, NULL, NULL, NULL, NULL, NULL, NULL, NULL);
INSERT INTO public.interception_domain (id, name, description, host_pattern, host_match_type, adapter_id, adapter_config, enabled, priority, default_path_action, on_adapter_error, network_zone, source, created_at, updated_at, created_by, streaming_mode, streaming_chunk_bytes, streaming_hook_timeout_ms, streaming_max_buffer_bytes, streaming_fail_behavior, capture_request_body, capture_response_body, raw_body_spill_enabled) VALUES ('77b314cd-ad23-4aca-a05e-2b27532296c3', 'mistral-public', NULL, 'api.mistral.ai', 'EXACT', 'mistral', NULL, true, 0, 'PASSTHROUGH', 'FAIL_OPEN', 'PUBLIC', 'builtin', '2026-05-08 14:47:12.752+00', '2026-05-12 03:27:45.901+00', NULL, NULL, NULL, NULL, NULL, NULL, NULL, NULL, NULL);
INSERT INTO public.interception_domain (id, name, description, host_pattern, host_match_type, adapter_id, adapter_config, enabled, priority, default_path_action, on_adapter_error, network_zone, source, created_at, updated_at, created_by, streaming_mode, streaming_chunk_bytes, streaming_hook_timeout_ms, streaming_max_buffer_bytes, streaming_fail_behavior, capture_request_body, capture_response_body, raw_body_spill_enabled) VALUES ('c3e4327b-449b-41ff-b425-f071f8651eaa', 'cohere-public', NULL, 'api.cohere.com', 'EXACT', 'cohere', NULL, true, 0, 'PASSTHROUGH', 'FAIL_OPEN', 'PUBLIC', 'builtin', '2026-05-08 14:47:15.017+00', '2026-05-12 03:27:46.799+00', NULL, NULL, NULL, NULL, NULL, NULL, NULL, NULL, NULL);
INSERT INTO public.interception_domain (id, name, description, host_pattern, host_match_type, adapter_id, adapter_config, enabled, priority, default_path_action, on_adapter_error, network_zone, source, created_at, updated_at, created_by, streaming_mode, streaming_chunk_bytes, streaming_hook_timeout_ms, streaming_max_buffer_bytes, streaming_fail_behavior, capture_request_body, capture_response_body, raw_body_spill_enabled) VALUES ('58f368a5-5970-4c26-908b-d7b443a75950', 'deepseek-public', NULL, 'api.deepseek.com', 'EXACT', 'deepseek', NULL, true, 0, 'PASSTHROUGH', 'FAIL_OPEN', 'PUBLIC', 'builtin', '2026-05-08 14:47:16.762+00', '2026-05-12 03:27:47.724+00', NULL, NULL, NULL, NULL, NULL, NULL, NULL, NULL, NULL);
INSERT INTO public.interception_domain (id, name, description, host_pattern, host_match_type, adapter_id, adapter_config, enabled, priority, default_path_action, on_adapter_error, network_zone, source, created_at, updated_at, created_by, streaming_mode, streaming_chunk_bytes, streaming_hook_timeout_ms, streaming_max_buffer_bytes, streaming_fail_behavior, capture_request_body, capture_response_body, raw_body_spill_enabled) VALUES ('9fb26009-1849-4b36-b045-49c8688fda67', 'copilot-ms-web-public', NULL, 'copilot.microsoft.com', 'EXACT', 'copilot-ms-web', NULL, true, 0, 'PASSTHROUGH', 'FAIL_OPEN', 'PUBLIC', 'builtin', '2026-05-08 14:47:24.723+00', '2026-05-12 03:27:48.611+00', NULL, NULL, NULL, NULL, NULL, NULL, NULL, NULL, NULL);
INSERT INTO public.interception_domain (id, name, description, host_pattern, host_match_type, adapter_id, adapter_config, enabled, priority, default_path_action, on_adapter_error, network_zone, source, created_at, updated_at, created_by, streaming_mode, streaming_chunk_bytes, streaming_hook_timeout_ms, streaming_max_buffer_bytes, streaming_fail_behavior, capture_request_body, capture_response_body, raw_body_spill_enabled) VALUES ('09785f75-4bf3-485f-a14d-93068f4f9ea3', 'azure-openai-public', NULL, '*.openai.azure.com', 'GLOB', 'azure-openai', NULL, true, 0, 'PASSTHROUGH', 'FAIL_OPEN', 'PUBLIC', 'builtin', '2026-05-08 14:47:27.549+00', '2026-05-12 03:27:49.557+00', NULL, NULL, NULL, NULL, NULL, NULL, NULL, NULL, NULL);
INSERT INTO public.interception_domain (id, name, description, host_pattern, host_match_type, adapter_id, adapter_config, enabled, priority, default_path_action, on_adapter_error, network_zone, source, created_at, updated_at, created_by, streaming_mode, streaming_chunk_bytes, streaming_hook_timeout_ms, streaming_max_buffer_bytes, streaming_fail_behavior, capture_request_body, capture_response_body, raw_body_spill_enabled) VALUES ('351ae735-5e12-4861-9f70-9e9ebd2f1535', 'aws-bedrock-runtime-public', NULL, 'bedrock-runtime.*.amazonaws.com', 'GLOB', 'bedrock', NULL, true, 0, 'PASSTHROUGH', 'FAIL_OPEN', 'PUBLIC', 'builtin', '2026-05-08 14:47:30.973+00', '2026-05-12 03:27:50.432+00', NULL, NULL, NULL, NULL, NULL, NULL, NULL, NULL, NULL);
INSERT INTO public.interception_domain (id, name, description, host_pattern, host_match_type, adapter_id, adapter_config, enabled, priority, default_path_action, on_adapter_error, network_zone, source, created_at, updated_at, created_by, streaming_mode, streaming_chunk_bytes, streaming_hook_timeout_ms, streaming_max_buffer_bytes, streaming_fail_behavior, capture_request_body, capture_response_body, raw_body_spill_enabled) VALUES ('579eace7-571c-40d1-a2b1-c46fd8fe664c', 'github-copilot-public', NULL, 'api.githubcopilot.com', 'EXACT', 'github-copilot', NULL, true, 0, 'PASSTHROUGH', 'FAIL_OPEN', 'PUBLIC', 'builtin', '2026-05-08 14:47:33.271+00', '2026-05-12 03:27:51.379+00', NULL, NULL, NULL, NULL, NULL, NULL, NULL, NULL, NULL);
INSERT INTO public.interception_domain (id, name, description, host_pattern, host_match_type, adapter_id, adapter_config, enabled, priority, default_path_action, on_adapter_error, network_zone, source, created_at, updated_at, created_by, streaming_mode, streaming_chunk_bytes, streaming_hook_timeout_ms, streaming_max_buffer_bytes, streaming_fail_behavior, capture_request_body, capture_response_body, raw_body_spill_enabled) VALUES ('201fb22d-f971-419c-819c-1a7ca0ac3fb5', 'github-copilot-legacy-proxy', NULL, 'copilot-proxy.githubusercontent.com', 'EXACT', 'github-copilot', NULL, true, 0, 'PASSTHROUGH', 'FAIL_OPEN', 'PUBLIC', 'builtin', '2026-05-08 14:47:35.837+00', '2026-05-12 03:27:52.274+00', NULL, NULL, NULL, NULL, NULL, NULL, NULL, NULL, NULL);
INSERT INTO public.interception_domain (id, name, description, host_pattern, host_match_type, adapter_id, adapter_config, enabled, priority, default_path_action, on_adapter_error, network_zone, source, created_at, updated_at, created_by, streaming_mode, streaming_chunk_bytes, streaming_hook_timeout_ms, streaming_max_buffer_bytes, streaming_fail_behavior, capture_request_body, capture_response_body, raw_body_spill_enabled) VALUES ('d24d996a-3acf-4df6-8d72-8edaa3f2b7a9', 'cursor-api3', NULL, 'api3.cursor.sh', 'EXACT', 'cursor', NULL, true, 0, 'PASSTHROUGH', 'FAIL_OPEN', 'PUBLIC', 'builtin', '2026-05-08 14:47:39.574+00', '2026-05-12 03:27:53.223+00', NULL, NULL, NULL, NULL, NULL, NULL, NULL, NULL, NULL);
INSERT INTO public.interception_domain (id, name, description, host_pattern, host_match_type, adapter_id, adapter_config, enabled, priority, default_path_action, on_adapter_error, network_zone, source, created_at, updated_at, created_by, streaming_mode, streaming_chunk_bytes, streaming_hook_timeout_ms, streaming_max_buffer_bytes, streaming_fail_behavior, capture_request_body, capture_response_body, raw_body_spill_enabled) VALUES ('776836c1-bc4e-4847-b611-9efeba51525c', 'cursor-com', NULL, 'cursor.com', 'EXACT', 'cursor', NULL, true, 0, 'PASSTHROUGH', 'FAIL_OPEN', 'PUBLIC', 'builtin', '2026-05-08 14:47:40.886+00', '2026-05-12 03:27:54.124+00', NULL, NULL, NULL, NULL, NULL, NULL, NULL, NULL, NULL);
INSERT INTO public.interception_domain (id, name, description, host_pattern, host_match_type, adapter_id, adapter_config, enabled, priority, default_path_action, on_adapter_error, network_zone, source, created_at, updated_at, created_by, streaming_mode, streaming_chunk_bytes, streaming_hook_timeout_ms, streaming_max_buffer_bytes, streaming_fail_behavior, capture_request_body, capture_response_body, raw_body_spill_enabled) VALUES ('5d905b9b-048b-4d3b-8e42-1bfe6b67f168', 'codeium-server', NULL, 'server.codeium.com', 'EXACT', 'codeium', NULL, true, 0, 'PASSTHROUGH', 'FAIL_OPEN', 'PUBLIC', 'builtin', '2026-05-08 14:47:42.668+00', '2026-05-12 03:27:55.04+00', NULL, NULL, NULL, NULL, NULL, NULL, NULL, NULL, NULL);
INSERT INTO public.interception_domain (id, name, description, host_pattern, host_match_type, adapter_id, adapter_config, enabled, priority, default_path_action, on_adapter_error, network_zone, source, created_at, updated_at, created_by, streaming_mode, streaming_chunk_bytes, streaming_hook_timeout_ms, streaming_max_buffer_bytes, streaming_fail_behavior, capture_request_body, capture_response_body, raw_body_spill_enabled) VALUES ('efff5771-f56a-4ff0-8aad-fbf34a5b7f03', 'codeium-inference', NULL, 'inference.codeium.com', 'EXACT', 'codeium', NULL, true, 0, 'PASSTHROUGH', 'FAIL_OPEN', 'PUBLIC', 'builtin', '2026-05-08 14:47:45.81+00', '2026-05-12 03:27:55.959+00', NULL, NULL, NULL, NULL, NULL, NULL, NULL, NULL, NULL);
INSERT INTO public.interception_domain (id, name, description, host_pattern, host_match_type, adapter_id, adapter_config, enabled, priority, default_path_action, on_adapter_error, network_zone, source, created_at, updated_at, created_by, streaming_mode, streaming_chunk_bytes, streaming_hook_timeout_ms, streaming_max_buffer_bytes, streaming_fail_behavior, capture_request_body, capture_response_body, raw_body_spill_enabled) VALUES ('e1f162fb-aa99-4de0-9e21-ff4fcca9196f', 'codeium-api', NULL, 'api.codeium.com', 'EXACT', 'codeium', NULL, true, 0, 'PASSTHROUGH', 'FAIL_OPEN', 'PUBLIC', 'builtin', '2026-05-08 14:47:47.114+00', '2026-05-12 03:27:56.9+00', NULL, NULL, NULL, NULL, NULL, NULL, NULL, NULL, NULL);
INSERT INTO public.interception_domain (id, name, description, host_pattern, host_match_type, adapter_id, adapter_config, enabled, priority, default_path_action, on_adapter_error, network_zone, source, created_at, updated_at, created_by, streaming_mode, streaming_chunk_bytes, streaming_hook_timeout_ms, streaming_max_buffer_bytes, streaming_fail_behavior, capture_request_body, capture_response_body, raw_body_spill_enabled) VALUES ('eed61a1b-78f3-4575-afed-f32a5f200859', 'google-vertex-regional', NULL, '*-aiplatform.googleapis.com', 'GLOB', 'vertex', NULL, true, 0, 'PASSTHROUGH', 'FAIL_OPEN', 'PUBLIC', 'builtin', '2026-05-08 14:47:48.417+00', '2026-05-12 03:27:57.796+00', NULL, NULL, NULL, NULL, NULL, NULL, NULL, NULL, NULL);
INSERT INTO public.interception_domain (id, name, description, host_pattern, host_match_type, adapter_id, adapter_config, enabled, priority, default_path_action, on_adapter_error, network_zone, source, created_at, updated_at, created_by, streaming_mode, streaming_chunk_bytes, streaming_hook_timeout_ms, streaming_max_buffer_bytes, streaming_fail_behavior, capture_request_body, capture_response_body, raw_body_spill_enabled) VALUES ('93603b7b-c863-4510-9937-bcd2728f3c2c', 'google-vertex-global', NULL, 'aiplatform.googleapis.com', 'EXACT', 'vertex', NULL, true, 0, 'PASSTHROUGH', 'FAIL_OPEN', 'PUBLIC', 'builtin', '2026-05-08 14:47:50.21+00', '2026-05-12 03:27:58.723+00', NULL, NULL, NULL, NULL, NULL, NULL, NULL, NULL, NULL);
INSERT INTO public.interception_domain (id, name, description, host_pattern, host_match_type, adapter_id, adapter_config, enabled, priority, default_path_action, on_adapter_error, network_zone, source, created_at, updated_at, created_by, streaming_mode, streaming_chunk_bytes, streaming_hook_timeout_ms, streaming_max_buffer_bytes, streaming_fail_behavior, capture_request_body, capture_response_body, raw_body_spill_enabled) VALUES ('13d3b3ab-2d54-4a03-b54e-964c16df5a4c', 'xai-public', NULL, 'api.x.ai', 'EXACT', 'xai', NULL, true, 0, 'PASSTHROUGH', 'FAIL_OPEN', 'PUBLIC', 'builtin', '2026-05-08 14:47:51.967+00', '2026-05-12 03:27:59.761+00', NULL, NULL, NULL, NULL, NULL, NULL, NULL, NULL, NULL);
INSERT INTO public.interception_domain (id, name, description, host_pattern, host_match_type, adapter_id, adapter_config, enabled, priority, default_path_action, on_adapter_error, network_zone, source, created_at, updated_at, created_by, streaming_mode, streaming_chunk_bytes, streaming_hook_timeout_ms, streaming_max_buffer_bytes, streaming_fail_behavior, capture_request_body, capture_response_body, raw_body_spill_enabled) VALUES ('29a934ec-f053-429e-a8de-0086f843aea7', 'perplexity-public', NULL, 'api.perplexity.ai', 'EXACT', 'perplexity', NULL, true, 0, 'PASSTHROUGH', 'FAIL_OPEN', 'PUBLIC', 'builtin', '2026-05-08 14:47:53.839+00', '2026-05-12 03:28:00.678+00', NULL, NULL, NULL, NULL, NULL, NULL, NULL, NULL, NULL);
INSERT INTO public.interception_domain (id, name, description, host_pattern, host_match_type, adapter_id, adapter_config, enabled, priority, default_path_action, on_adapter_error, network_zone, source, created_at, updated_at, created_by, streaming_mode, streaming_chunk_bytes, streaming_hook_timeout_ms, streaming_max_buffer_bytes, streaming_fail_behavior, capture_request_body, capture_response_body, raw_body_spill_enabled) VALUES ('fc6674bb-2071-4aa1-8a2a-bb01ca776c96', 'groq-public', NULL, 'api.groq.com', 'EXACT', 'groq', NULL, true, 0, 'PASSTHROUGH', 'FAIL_OPEN', 'PUBLIC', 'builtin', '2026-05-08 14:47:55.369+00', '2026-05-12 03:28:01.624+00', NULL, NULL, NULL, NULL, NULL, NULL, NULL, NULL, NULL);
INSERT INTO public.interception_domain (id, name, description, host_pattern, host_match_type, adapter_id, adapter_config, enabled, priority, default_path_action, on_adapter_error, network_zone, source, created_at, updated_at, created_by, streaming_mode, streaming_chunk_bytes, streaming_hook_timeout_ms, streaming_max_buffer_bytes, streaming_fail_behavior, capture_request_body, capture_response_body, raw_body_spill_enabled) VALUES ('a8100824-e768-46b9-bdaf-6e3a0a045ee8', 'grok-web-public', NULL, 'grok.com', 'EXACT', 'grok-web', NULL, true, 0, 'PASSTHROUGH', 'FAIL_OPEN', 'PUBLIC', 'builtin', '2026-05-08 14:47:57.348+00', '2026-05-12 03:28:02.537+00', NULL, NULL, NULL, NULL, NULL, NULL, NULL, NULL, NULL);
INSERT INTO public.interception_domain (id, name, description, host_pattern, host_match_type, adapter_id, adapter_config, enabled, priority, default_path_action, on_adapter_error, network_zone, source, created_at, updated_at, created_by, streaming_mode, streaming_chunk_bytes, streaming_hook_timeout_ms, streaming_max_buffer_bytes, streaming_fail_behavior, capture_request_body, capture_response_body, raw_body_spill_enabled) VALUES ('fa7e2fc9-26d6-4d26-a3e8-8b49686d7484', 'perplexity-web-public-apex', NULL, 'perplexity.ai', 'EXACT', 'perplexity-web', NULL, true, 0, 'PASSTHROUGH', 'FAIL_OPEN', 'PUBLIC', 'builtin', '2026-05-08 14:48:00.553+00', '2026-05-12 03:28:04.351+00', NULL, NULL, NULL, NULL, NULL, NULL, NULL, NULL, NULL);
INSERT INTO public.interception_domain (id, name, description, host_pattern, host_match_type, adapter_id, adapter_config, enabled, priority, default_path_action, on_adapter_error, network_zone, source, created_at, updated_at, created_by, streaming_mode, streaming_chunk_bytes, streaming_hook_timeout_ms, streaming_max_buffer_bytes, streaming_fail_behavior, capture_request_body, capture_response_body, raw_body_spill_enabled) VALUES ('150b4005-2746-4497-96e1-4abf022701a3', 'mistral-web-public', NULL, 'chat.mistral.ai', 'EXACT', 'mistral-web', NULL, true, 0, 'PASSTHROUGH', 'FAIL_OPEN', 'PUBLIC', 'builtin', '2026-05-08 14:48:02.152+00', '2026-05-12 03:28:05.283+00', NULL, NULL, NULL, NULL, NULL, NULL, NULL, NULL, NULL);
INSERT INTO public.interception_domain (id, name, description, host_pattern, host_match_type, adapter_id, adapter_config, enabled, priority, default_path_action, on_adapter_error, network_zone, source, created_at, updated_at, created_by, streaming_mode, streaming_chunk_bytes, streaming_hook_timeout_ms, streaming_max_buffer_bytes, streaming_fail_behavior, capture_request_body, capture_response_body, raw_body_spill_enabled) VALUES ('cf5942e9-476a-4290-a73a-2a9ca9116d28', 'openai-platform-web-public', NULL, 'platform.openai.com', 'EXACT', 'openai-platform-web', NULL, true, 0, 'PASSTHROUGH', 'FAIL_OPEN', 'PUBLIC', 'builtin', '2026-05-08 14:48:03.669+00', '2026-05-12 03:28:06.209+00', NULL, NULL, NULL, NULL, NULL, NULL, NULL, NULL, NULL);
INSERT INTO public.interception_domain (id, name, description, host_pattern, host_match_type, adapter_id, adapter_config, enabled, priority, default_path_action, on_adapter_error, network_zone, source, created_at, updated_at, created_by, streaming_mode, streaming_chunk_bytes, streaming_hook_timeout_ms, streaming_max_buffer_bytes, streaming_fail_behavior, capture_request_body, capture_response_body, raw_body_spill_enabled) VALUES ('e00ec4cb-2be2-41f8-8ec5-72598923599b', 'anthropic-console-web-public', NULL, 'console.anthropic.com', 'EXACT', 'anthropic-console-web', NULL, true, 0, 'PASSTHROUGH', 'FAIL_OPEN', 'PUBLIC', 'builtin', '2026-05-08 14:48:04.969+00', '2026-05-12 03:28:07.122+00', NULL, NULL, NULL, NULL, NULL, NULL, NULL, NULL, NULL);
INSERT INTO public.interception_domain (id, name, description, host_pattern, host_match_type, adapter_id, adapter_config, enabled, priority, default_path_action, on_adapter_error, network_zone, source, created_at, updated_at, created_by, streaming_mode, streaming_chunk_bytes, streaming_hook_timeout_ms, streaming_max_buffer_bytes, streaming_fail_behavior, capture_request_body, capture_response_body, raw_body_spill_enabled) VALUES ('987cfe62-5b07-412b-b48a-856afaf866f1', 'google-aistudio-web-public', NULL, 'aistudio.google.com', 'EXACT', 'google-aistudio-web', NULL, true, 0, 'PASSTHROUGH', 'FAIL_OPEN', 'PUBLIC', 'builtin', '2026-05-08 14:48:06.492+00', '2026-05-12 03:28:08.02+00', NULL, NULL, NULL, NULL, NULL, NULL, NULL, NULL, NULL);
INSERT INTO public.interception_domain (id, name, description, host_pattern, host_match_type, adapter_id, adapter_config, enabled, priority, default_path_action, on_adapter_error, network_zone, source, created_at, updated_at, created_by, streaming_mode, streaming_chunk_bytes, streaming_hook_timeout_ms, streaming_max_buffer_bytes, streaming_fail_behavior, capture_request_body, capture_response_body, raw_body_spill_enabled) VALUES ('90e065ce-4f3d-4f23-add9-7c308a5301cd', 'tabnine-public', NULL, 'api.tabnine.com', 'EXACT', 'tabnine', NULL, true, 0, 'PASSTHROUGH', 'FAIL_OPEN', 'PUBLIC', 'builtin', '2026-05-08 14:48:08.113+00', '2026-05-12 03:28:08.949+00', NULL, NULL, NULL, NULL, NULL, NULL, NULL, NULL, NULL);
INSERT INTO public.interception_domain (id, name, description, host_pattern, host_match_type, adapter_id, adapter_config, enabled, priority, default_path_action, on_adapter_error, network_zone, source, created_at, updated_at, created_by, streaming_mode, streaming_chunk_bytes, streaming_hook_timeout_ms, streaming_max_buffer_bytes, streaming_fail_behavior, capture_request_body, capture_response_body, raw_body_spill_enabled) VALUES ('1061f67d-8f9d-47f2-9e2d-5e77f256e968', 'm365-copilot-web-public', NULL, 'm365.cloud.microsoft', 'EXACT', 'm365-copilot-web', NULL, true, 0, 'PASSTHROUGH', 'FAIL_OPEN', 'PUBLIC', 'builtin', '2026-05-08 14:48:09.953+00', '2026-05-12 03:28:09.841+00', NULL, NULL, NULL, NULL, NULL, NULL, NULL, NULL, NULL);
INSERT INTO public.interception_domain (id, name, description, host_pattern, host_match_type, adapter_id, adapter_config, enabled, priority, default_path_action, on_adapter_error, network_zone, source, created_at, updated_at, created_by, streaming_mode, streaming_chunk_bytes, streaming_hook_timeout_ms, streaming_max_buffer_bytes, streaming_fail_behavior, capture_request_body, capture_response_body, raw_body_spill_enabled) VALUES ('136c3b51-6203-43ea-a1d2-4a83615db20b', 'together-public-xyz', NULL, 'api.together.xyz', 'EXACT', 'together', NULL, true, 0, 'PASSTHROUGH', 'FAIL_OPEN', 'PUBLIC', 'builtin', '2026-05-08 14:48:12.322+00', '2026-05-12 03:28:10.781+00', NULL, NULL, NULL, NULL, NULL, NULL, NULL, NULL, NULL);
INSERT INTO public.interception_domain (id, name, description, host_pattern, host_match_type, adapter_id, adapter_config, enabled, priority, default_path_action, on_adapter_error, network_zone, source, created_at, updated_at, created_by, streaming_mode, streaming_chunk_bytes, streaming_hook_timeout_ms, streaming_max_buffer_bytes, streaming_fail_behavior, capture_request_body, capture_response_body, raw_body_spill_enabled) VALUES ('bd90e13e-27be-44dd-8482-06fbbb8b776b', 'together-public-ai', NULL, 'api.together.ai', 'EXACT', 'together', NULL, true, 0, 'PASSTHROUGH', 'FAIL_OPEN', 'PUBLIC', 'builtin', '2026-05-08 14:48:14.447+00', '2026-05-12 03:28:11.687+00', NULL, NULL, NULL, NULL, NULL, NULL, NULL, NULL, NULL);
INSERT INTO public.interception_domain (id, name, description, host_pattern, host_match_type, adapter_id, adapter_config, enabled, priority, default_path_action, on_adapter_error, network_zone, source, created_at, updated_at, created_by, streaming_mode, streaming_chunk_bytes, streaming_hook_timeout_ms, streaming_max_buffer_bytes, streaming_fail_behavior, capture_request_body, capture_response_body, raw_body_spill_enabled) VALUES ('a8b18c41-b73e-45eb-a4bf-9d6d642538a8', 'fireworks-public', NULL, 'api.fireworks.ai', 'EXACT', 'fireworks', NULL, true, 0, 'PASSTHROUGH', 'FAIL_OPEN', 'PUBLIC', 'builtin', '2026-05-08 14:48:16.895+00', '2026-05-12 03:28:12.623+00', NULL, NULL, NULL, NULL, NULL, NULL, NULL, NULL, NULL);
INSERT INTO public.interception_domain (id, name, description, host_pattern, host_match_type, adapter_id, adapter_config, enabled, priority, default_path_action, on_adapter_error, network_zone, source, created_at, updated_at, created_by, streaming_mode, streaming_chunk_bytes, streaming_hook_timeout_ms, streaming_max_buffer_bytes, streaming_fail_behavior, capture_request_body, capture_response_body, raw_body_spill_enabled) VALUES ('602f12ce-5899-429c-91ce-0d8d68f7b927', 'deepseek-web-public', NULL, 'chat.deepseek.com', 'EXACT', 'deepseek-web', NULL, true, 0, 'PASSTHROUGH', 'FAIL_OPEN', 'PUBLIC', 'builtin', '2026-05-08 14:48:18.71+00', '2026-05-12 03:28:13.534+00', NULL, NULL, NULL, NULL, NULL, NULL, NULL, NULL, NULL);
INSERT INTO public.interception_domain (id, name, description, host_pattern, host_match_type, adapter_id, adapter_config, enabled, priority, default_path_action, on_adapter_error, network_zone, source, created_at, updated_at, created_by, streaming_mode, streaming_chunk_bytes, streaming_hook_timeout_ms, streaming_max_buffer_bytes, streaming_fail_behavior, capture_request_body, capture_response_body, raw_body_spill_enabled) VALUES ('e22e017b-e117-4871-bde9-6f5eb7bc6ccf', 'moonshot-public-cn', NULL, 'api.moonshot.cn', 'EXACT', 'moonshot', NULL, true, 0, 'PASSTHROUGH', 'FAIL_OPEN', 'PUBLIC', 'builtin', '2026-05-08 14:48:20.299+00', '2026-05-12 03:28:14.453+00', NULL, NULL, NULL, NULL, NULL, NULL, NULL, NULL, NULL);
INSERT INTO public.interception_domain (id, name, description, host_pattern, host_match_type, adapter_id, adapter_config, enabled, priority, default_path_action, on_adapter_error, network_zone, source, created_at, updated_at, created_by, streaming_mode, streaming_chunk_bytes, streaming_hook_timeout_ms, streaming_max_buffer_bytes, streaming_fail_behavior, capture_request_body, capture_response_body, raw_body_spill_enabled) VALUES ('b57da13b-ccba-40df-b0cb-ab521fbcf1b7', 'moonshot-public-international', NULL, 'api.moonshot.ai', 'EXACT', 'moonshot', NULL, true, 0, 'PASSTHROUGH', 'FAIL_OPEN', 'PUBLIC', 'builtin', '2026-05-08 14:48:22.575+00', '2026-05-12 03:28:15.376+00', NULL, NULL, NULL, NULL, NULL, NULL, NULL, NULL, NULL);
INSERT INTO public.interception_domain (id, name, description, host_pattern, host_match_type, adapter_id, adapter_config, enabled, priority, default_path_action, on_adapter_error, network_zone, source, created_at, updated_at, created_by, streaming_mode, streaming_chunk_bytes, streaming_hook_timeout_ms, streaming_max_buffer_bytes, streaming_fail_behavior, capture_request_body, capture_response_body, raw_body_spill_enabled) VALUES ('cd344e81-5f31-4222-be18-d0d648b3215a', 'kimi-web-public-com', NULL, 'kimi.com', 'EXACT', 'kimi-web', NULL, true, 0, 'PASSTHROUGH', 'FAIL_OPEN', 'PUBLIC', 'builtin', '2026-05-08 14:48:24.183+00', '2026-05-12 03:28:16.314+00', NULL, NULL, NULL, NULL, NULL, NULL, NULL, NULL, NULL);
INSERT INTO public.interception_domain (id, name, description, host_pattern, host_match_type, adapter_id, adapter_config, enabled, priority, default_path_action, on_adapter_error, network_zone, source, created_at, updated_at, created_by, streaming_mode, streaming_chunk_bytes, streaming_hook_timeout_ms, streaming_max_buffer_bytes, streaming_fail_behavior, capture_request_body, capture_response_body, raw_body_spill_enabled) VALUES ('aea55279-f9ed-4a52-ae7f-f6ef2e6f03da', 'kimi-web-public-moonshot', NULL, 'kimi.moonshot.cn', 'EXACT', 'kimi-web', NULL, true, 0, 'PASSTHROUGH', 'FAIL_OPEN', 'PUBLIC', 'builtin', '2026-05-08 14:48:26.126+00', '2026-05-12 03:28:17.204+00', NULL, NULL, NULL, NULL, NULL, NULL, NULL, NULL, NULL);
INSERT INTO public.interception_domain (id, name, description, host_pattern, host_match_type, adapter_id, adapter_config, enabled, priority, default_path_action, on_adapter_error, network_zone, source, created_at, updated_at, created_by, streaming_mode, streaming_chunk_bytes, streaming_hook_timeout_ms, streaming_max_buffer_bytes, streaming_fail_behavior, capture_request_body, capture_response_body, raw_body_spill_enabled) VALUES ('c9ea5add-c14c-4d5d-a443-bfbc1d81fe00', 'minimax-public-cn', NULL, 'api.minimax.chat', 'EXACT', 'minimax', NULL, true, 0, 'PASSTHROUGH', 'FAIL_OPEN', 'PUBLIC', 'builtin', '2026-05-08 14:48:28.236+00', '2026-05-12 03:28:18.115+00', NULL, NULL, NULL, NULL, NULL, NULL, NULL, NULL, NULL);
INSERT INTO public.interception_domain (id, name, description, host_pattern, host_match_type, adapter_id, adapter_config, enabled, priority, default_path_action, on_adapter_error, network_zone, source, created_at, updated_at, created_by, streaming_mode, streaming_chunk_bytes, streaming_hook_timeout_ms, streaming_max_buffer_bytes, streaming_fail_behavior, capture_request_body, capture_response_body, raw_body_spill_enabled) VALUES ('f6b45811-9b73-468e-9136-925cea956b1c', 'minimax-public-international', NULL, 'api.minimax.io', 'EXACT', 'minimax', NULL, true, 0, 'PASSTHROUGH', 'FAIL_OPEN', 'PUBLIC', 'builtin', '2026-05-08 14:48:30.382+00', '2026-05-12 03:28:19.208+00', NULL, NULL, NULL, NULL, NULL, NULL, NULL, NULL, NULL);
INSERT INTO public.interception_domain (id, name, description, host_pattern, host_match_type, adapter_id, adapter_config, enabled, priority, default_path_action, on_adapter_error, network_zone, source, created_at, updated_at, created_by, streaming_mode, streaming_chunk_bytes, streaming_hook_timeout_ms, streaming_max_buffer_bytes, streaming_fail_behavior, capture_request_body, capture_response_body, raw_body_spill_enabled) VALUES ('4c97da05-c183-4462-bb81-681b8d08e725', 'chatglm-web-public', NULL, 'chatglm.cn', 'EXACT', 'chatglm-web', NULL, true, 0, 'PASSTHROUGH', 'FAIL_OPEN', 'PUBLIC', 'builtin', '2026-05-08 14:48:31.981+00', '2026-05-12 03:28:20.102+00', NULL, NULL, NULL, NULL, NULL, NULL, NULL, NULL, NULL);
INSERT INTO public.interception_domain (id, name, description, host_pattern, host_match_type, adapter_id, adapter_config, enabled, priority, default_path_action, on_adapter_error, network_zone, source, created_at, updated_at, created_by, streaming_mode, streaming_chunk_bytes, streaming_hook_timeout_ms, streaming_max_buffer_bytes, streaming_fail_behavior, capture_request_body, capture_response_body, raw_body_spill_enabled) VALUES ('e16e014a-187a-420c-aee1-df609e91fc0f', 'huggingface-inference-public', NULL, 'api-inference.huggingface.co', 'EXACT', 'huggingface', NULL, true, 0, 'PASSTHROUGH', 'FAIL_OPEN', 'PUBLIC', 'builtin', '2026-05-08 14:48:33.285+00', '2026-05-12 03:28:21.012+00', NULL, NULL, NULL, NULL, NULL, NULL, NULL, NULL, NULL);
INSERT INTO public.interception_domain (id, name, description, host_pattern, host_match_type, adapter_id, adapter_config, enabled, priority, default_path_action, on_adapter_error, network_zone, source, created_at, updated_at, created_by, streaming_mode, streaming_chunk_bytes, streaming_hook_timeout_ms, streaming_max_buffer_bytes, streaming_fail_behavior, capture_request_body, capture_response_body, raw_body_spill_enabled) VALUES ('ca8aef35-fc6c-4206-8ebb-888b6b594569', 'huggingface-endpoints-public', NULL, '*.endpoints.huggingface.cloud', 'GLOB', 'huggingface', NULL, true, 0, 'PASSTHROUGH', 'FAIL_OPEN', 'PUBLIC', 'builtin', '2026-05-08 14:48:35.55+00', '2026-05-12 03:28:21.945+00', NULL, NULL, NULL, NULL, NULL, NULL, NULL, NULL, NULL);
INSERT INTO public.interception_domain (id, name, description, host_pattern, host_match_type, adapter_id, adapter_config, enabled, priority, default_path_action, on_adapter_error, network_zone, source, created_at, updated_at, created_by, streaming_mode, streaming_chunk_bytes, streaming_hook_timeout_ms, streaming_max_buffer_bytes, streaming_fail_behavior, capture_request_body, capture_response_body, raw_body_spill_enabled) VALUES ('9555f433-357c-46c5-94ef-01cad31bb9c3', 'huggingchat-web-public', NULL, 'huggingface.co', 'EXACT', 'huggingchat-web', NULL, true, 0, 'PASSTHROUGH', 'FAIL_OPEN', 'PUBLIC', 'builtin', '2026-05-08 14:48:51.63+00', '2026-05-08 14:48:51.63+00', NULL, NULL, NULL, NULL, NULL, NULL, NULL, NULL, NULL);
INSERT INTO public.interception_domain (id, name, description, host_pattern, host_match_type, adapter_id, adapter_config, enabled, priority, default_path_action, on_adapter_error, network_zone, source, created_at, updated_at, created_by, streaming_mode, streaming_chunk_bytes, streaming_hook_timeout_ms, streaming_max_buffer_bytes, streaming_fail_behavior, capture_request_body, capture_response_body, raw_body_spill_enabled) VALUES ('aaa9f35d-2dcd-4620-9feb-7dc5488b5577', 'replit-ai-public-com', NULL, 'replit.com', 'EXACT', 'replit-ai', NULL, true, 0, 'PASSTHROUGH', 'FAIL_OPEN', 'PUBLIC', 'builtin', '2026-05-08 14:48:53.892+00', '2026-05-08 14:48:53.892+00', NULL, NULL, NULL, NULL, NULL, NULL, NULL, NULL, NULL);
INSERT INTO public.interception_domain (id, name, description, host_pattern, host_match_type, adapter_id, adapter_config, enabled, priority, default_path_action, on_adapter_error, network_zone, source, created_at, updated_at, created_by, streaming_mode, streaming_chunk_bytes, streaming_hook_timeout_ms, streaming_max_buffer_bytes, streaming_fail_behavior, capture_request_body, capture_response_body, raw_body_spill_enabled) VALUES ('8fdc57b4-932f-483d-a223-fc4f9d3c3ad8', 'replit-ai-public-dev', NULL, '*.replit.dev', 'GLOB', 'replit-ai', NULL, true, 0, 'PASSTHROUGH', 'FAIL_OPEN', 'PUBLIC', 'builtin', '2026-05-08 14:48:55.419+00', '2026-05-08 14:48:55.419+00', NULL, NULL, NULL, NULL, NULL, NULL, NULL, NULL, NULL);
INSERT INTO public.interception_domain (id, name, description, host_pattern, host_match_type, adapter_id, adapter_config, enabled, priority, default_path_action, on_adapter_error, network_zone, source, created_at, updated_at, created_by, streaming_mode, streaming_chunk_bytes, streaming_hook_timeout_ms, streaming_max_buffer_bytes, streaming_fail_behavior, capture_request_body, capture_response_body, raw_body_spill_enabled) VALUES ('2e3e7e73-1b12-4e1c-9c42-2a91599f18a5', 'github-copilot-web-public', NULL, 'github.com', 'EXACT', 'github-copilot-web', NULL, true, 0, 'PASSTHROUGH', 'FAIL_OPEN', 'PUBLIC', 'builtin', '2026-05-08 14:49:03.322+00', '2026-05-08 14:49:03.322+00', NULL, NULL, NULL, NULL, NULL, NULL, NULL, NULL, NULL);
INSERT INTO public.interception_domain (id, name, description, host_pattern, host_match_type, adapter_id, adapter_config, enabled, priority, default_path_action, on_adapter_error, network_zone, source, created_at, updated_at, created_by, streaming_mode, streaming_chunk_bytes, streaming_hook_timeout_ms, streaming_max_buffer_bytes, streaming_fail_behavior, capture_request_body, capture_response_body, raw_body_spill_enabled) VALUES ('5e53b5e8-e95b-44a5-9ca6-2d1bc2c482cf', 'chatgpt-web-public', NULL, 'chatgpt.com', 'EXACT', 'chatgpt-web', NULL, true, 0, 'PASSTHROUGH', 'FAIL_OPEN', 'PUBLIC', 'builtin', '2026-05-08 14:47:18.704+00', '2026-05-11 06:49:36.654+00', NULL, NULL, NULL, NULL, NULL, NULL, NULL, NULL, NULL);
INSERT INTO public.interception_domain (id, name, description, host_pattern, host_match_type, adapter_id, adapter_config, enabled, priority, default_path_action, on_adapter_error, network_zone, source, created_at, updated_at, created_by, streaming_mode, streaming_chunk_bytes, streaming_hook_timeout_ms, streaming_max_buffer_bytes, streaming_fail_behavior, capture_request_body, capture_response_body, raw_body_spill_enabled) VALUES ('1e59bd6e-6b37-433f-ac7e-6f5e3ca55469', 'perplexity-web-public-www', NULL, 'www.perplexity.ai', 'EXACT', 'perplexity-web', NULL, true, 0, 'PASSTHROUGH', 'FAIL_OPEN', 'PUBLIC', 'builtin', '2026-05-08 14:47:59.249+00', '2026-05-12 03:28:03.436+00', NULL, NULL, NULL, NULL, NULL, NULL, NULL, NULL, NULL);
INSERT INTO public.interception_domain (id, name, description, host_pattern, host_match_type, adapter_id, adapter_config, enabled, priority, default_path_action, on_adapter_error, network_zone, source, created_at, updated_at, created_by, streaming_mode, streaming_chunk_bytes, streaming_hook_timeout_ms, streaming_max_buffer_bytes, streaming_fail_behavior, capture_request_body, capture_response_body, raw_body_spill_enabled) VALUES ('eb958b9b-846f-4259-8b43-e7ac955646d0', 'continue-dev-hub-public', NULL, '*.continue.dev', 'GLOB', 'continue-dev', NULL, true, 0, 'PASSTHROUGH', 'FAIL_OPEN', 'PUBLIC', 'builtin', '2026-05-08 14:48:37.093+00', '2026-05-12 03:28:22.869+00', NULL, NULL, NULL, NULL, NULL, NULL, NULL, NULL, NULL);
INSERT INTO public.interception_domain (id, name, description, host_pattern, host_match_type, adapter_id, adapter_config, enabled, priority, default_path_action, on_adapter_error, network_zone, source, created_at, updated_at, created_by, streaming_mode, streaming_chunk_bytes, streaming_hook_timeout_ms, streaming_max_buffer_bytes, streaming_fail_behavior, capture_request_body, capture_response_body, raw_body_spill_enabled) VALUES ('3040c754-713a-4765-9b74-8b4f683e55d0', 'v0-web-public', NULL, 'v0.dev', 'EXACT', 'v0-web', NULL, true, 0, 'PASSTHROUGH', 'FAIL_OPEN', 'PUBLIC', 'builtin', '2026-05-08 14:48:39.227+00', '2026-05-12 03:28:23.776+00', NULL, NULL, NULL, NULL, NULL, NULL, NULL, NULL, NULL);
INSERT INTO public.interception_domain (id, name, description, host_pattern, host_match_type, adapter_id, adapter_config, enabled, priority, default_path_action, on_adapter_error, network_zone, source, created_at, updated_at, created_by, streaming_mode, streaming_chunk_bytes, streaming_hook_timeout_ms, streaming_max_buffer_bytes, streaming_fail_behavior, capture_request_body, capture_response_body, raw_body_spill_enabled) VALUES ('e7e53805-b566-4e9d-af6f-cbc7d2efb3bd', 'bolt-web-public', NULL, 'bolt.new', 'EXACT', 'bolt-web', NULL, true, 0, 'PASSTHROUGH', 'FAIL_OPEN', 'PUBLIC', 'builtin', '2026-05-08 14:48:40.746+00', '2026-05-12 03:28:24.677+00', NULL, NULL, NULL, NULL, NULL, NULL, NULL, NULL, NULL);
INSERT INTO public.interception_domain (id, name, description, host_pattern, host_match_type, adapter_id, adapter_config, enabled, priority, default_path_action, on_adapter_error, network_zone, source, created_at, updated_at, created_by, streaming_mode, streaming_chunk_bytes, streaming_hook_timeout_ms, streaming_max_buffer_bytes, streaming_fail_behavior, capture_request_body, capture_response_body, raw_body_spill_enabled) VALUES ('4c62f4c7-2905-4b7a-bf72-236027f473ed', 'bolt-stackblitz-public', NULL, '*.stackblitz.com', 'GLOB', 'bolt-web', NULL, true, 0, 'PASSTHROUGH', 'FAIL_OPEN', 'PUBLIC', 'builtin', '2026-05-08 14:48:42.513+00', '2026-05-12 03:28:25.562+00', NULL, NULL, NULL, NULL, NULL, NULL, NULL, NULL, NULL);
INSERT INTO public.interception_domain (id, name, description, host_pattern, host_match_type, adapter_id, adapter_config, enabled, priority, default_path_action, on_adapter_error, network_zone, source, created_at, updated_at, created_by, streaming_mode, streaming_chunk_bytes, streaming_hook_timeout_ms, streaming_max_buffer_bytes, streaming_fail_behavior, capture_request_body, capture_response_body, raw_body_spill_enabled) VALUES ('58a1f609-ccd2-4ba3-b927-98c847de0b22', 'replicate-public', NULL, 'api.replicate.com', 'EXACT', 'replicate', NULL, true, 0, 'PASSTHROUGH', 'FAIL_OPEN', 'PUBLIC', 'builtin', '2026-05-08 14:48:44.615+00', '2026-05-12 03:28:26.504+00', NULL, NULL, NULL, NULL, NULL, NULL, NULL, NULL, NULL);
INSERT INTO public.interception_domain (id, name, description, host_pattern, host_match_type, adapter_id, adapter_config, enabled, priority, default_path_action, on_adapter_error, network_zone, source, created_at, updated_at, created_by, streaming_mode, streaming_chunk_bytes, streaming_hook_timeout_ms, streaming_max_buffer_bytes, streaming_fail_behavior, capture_request_body, capture_response_body, raw_body_spill_enabled) VALUES ('acff18fb-26af-4d24-ba79-7f61ee1de1f2', 'character-web-public-ai', NULL, 'character.ai', 'EXACT', 'character-web', NULL, true, 0, 'PASSTHROUGH', 'FAIL_OPEN', 'PUBLIC', 'builtin', '2026-05-08 14:48:46.397+00', '2026-05-12 03:28:27.399+00', NULL, NULL, NULL, NULL, NULL, NULL, NULL, NULL, NULL);
INSERT INTO public.interception_domain (id, name, description, host_pattern, host_match_type, adapter_id, adapter_config, enabled, priority, default_path_action, on_adapter_error, network_zone, source, created_at, updated_at, created_by, streaming_mode, streaming_chunk_bytes, streaming_hook_timeout_ms, streaming_max_buffer_bytes, streaming_fail_behavior, capture_request_body, capture_response_body, raw_body_spill_enabled) VALUES ('7afaece7-39af-4507-b778-8cf97250ccf9', 'character-web-public-c', NULL, 'c.ai', 'EXACT', 'character-web', NULL, true, 0, 'PASSTHROUGH', 'FAIL_OPEN', 'PUBLIC', 'builtin', '2026-05-08 14:48:47.714+00', '2026-05-12 03:28:28.351+00', NULL, NULL, NULL, NULL, NULL, NULL, NULL, NULL, NULL);
INSERT INTO public.interception_domain (id, name, description, host_pattern, host_match_type, adapter_id, adapter_config, enabled, priority, default_path_action, on_adapter_error, network_zone, source, created_at, updated_at, created_by, streaming_mode, streaming_chunk_bytes, streaming_hook_timeout_ms, streaming_max_buffer_bytes, streaming_fail_behavior, capture_request_body, capture_response_body, raw_body_spill_enabled) VALUES ('90c2dd87-ebb0-4a9f-85d7-70206cbe984f', 'you-web-public', NULL, 'you.com', 'EXACT', 'you-web', NULL, true, 0, 'PASSTHROUGH', 'FAIL_OPEN', 'PUBLIC', 'builtin', '2026-05-08 14:48:49.019+00', '2026-05-12 03:28:29.251+00', NULL, NULL, NULL, NULL, NULL, NULL, NULL, NULL, NULL);
INSERT INTO public.interception_domain (id, name, description, host_pattern, host_match_type, adapter_id, adapter_config, enabled, priority, default_path_action, on_adapter_error, network_zone, source, created_at, updated_at, created_by, streaming_mode, streaming_chunk_bytes, streaming_hook_timeout_ms, streaming_max_buffer_bytes, streaming_fail_behavior, capture_request_body, capture_response_body, raw_body_spill_enabled) VALUES ('022547a9-3cbc-4ef1-baef-18904e8929fa', 'you-web-public-chat', NULL, 'chat.you.com', 'EXACT', 'you-web', NULL, true, 0, 'PASSTHROUGH', 'FAIL_OPEN', 'PUBLIC', 'builtin', '2026-05-08 14:48:50.323+00', '2026-05-12 03:28:30.178+00', NULL, NULL, NULL, NULL, NULL, NULL, NULL, NULL, NULL);
INSERT INTO public.interception_domain (id, name, description, host_pattern, host_match_type, adapter_id, adapter_config, enabled, priority, default_path_action, on_adapter_error, network_zone, source, created_at, updated_at, created_by, streaming_mode, streaming_chunk_bytes, streaming_hook_timeout_ms, streaming_max_buffer_bytes, streaming_fail_behavior, capture_request_body, capture_response_body, raw_body_spill_enabled) VALUES ('dca6f5dd-e1ce-4dc4-ac0e-25041a831148', 'devin-web-public-app', NULL, 'app.devin.ai', 'EXACT', 'devin-web', NULL, true, 0, 'PASSTHROUGH', 'FAIL_OPEN', 'PUBLIC', 'builtin', '2026-05-08 14:48:57.397+00', '2026-05-12 03:28:31.09+00', NULL, NULL, NULL, NULL, NULL, NULL, NULL, NULL, NULL);
INSERT INTO public.interception_domain (id, name, description, host_pattern, host_match_type, adapter_id, adapter_config, enabled, priority, default_path_action, on_adapter_error, network_zone, source, created_at, updated_at, created_by, streaming_mode, streaming_chunk_bytes, streaming_hook_timeout_ms, streaming_max_buffer_bytes, streaming_fail_behavior, capture_request_body, capture_response_body, raw_body_spill_enabled) VALUES ('e47329f3-b61d-44a9-9582-ee822005b5e3', 'devin-web-public-ai', NULL, 'devin.ai', 'EXACT', 'devin-web', NULL, true, 0, 'PASSTHROUGH', 'FAIL_OPEN', 'PUBLIC', 'builtin', '2026-05-08 14:48:58.922+00', '2026-05-12 03:28:32.021+00', NULL, NULL, NULL, NULL, NULL, NULL, NULL, NULL, NULL);
INSERT INTO public.interception_domain (id, name, description, host_pattern, host_match_type, adapter_id, adapter_config, enabled, priority, default_path_action, on_adapter_error, network_zone, source, created_at, updated_at, created_by, streaming_mode, streaming_chunk_bytes, streaming_hook_timeout_ms, streaming_max_buffer_bytes, streaming_fail_behavior, capture_request_body, capture_response_body, raw_body_spill_enabled) VALUES ('31d3784b-cf1a-4566-ae44-e2bf71926c77', 'devin-web-public-cognition', NULL, 'cognition.ai', 'EXACT', 'devin-web', NULL, true, 0, 'PASSTHROUGH', 'FAIL_OPEN', 'PUBLIC', 'builtin', '2026-05-08 14:49:00.695+00', '2026-05-12 03:28:32.914+00', NULL, NULL, NULL, NULL, NULL, NULL, NULL, NULL, NULL);
INSERT INTO public.interception_domain (id, name, description, host_pattern, host_match_type, adapter_id, adapter_config, enabled, priority, default_path_action, on_adapter_error, network_zone, source, created_at, updated_at, created_by, streaming_mode, streaming_chunk_bytes, streaming_hook_timeout_ms, streaming_max_buffer_bytes, streaming_fail_behavior, capture_request_body, capture_response_body, raw_body_spill_enabled) VALUES ('9645c61b-b491-480b-9f19-06a350824704', 'poe-web-public', NULL, 'poe.com', 'EXACT', 'poe-web', NULL, true, 0, 'PASSTHROUGH', 'FAIL_OPEN', 'PUBLIC', 'builtin', '2026-05-08 14:49:01.999+00', '2026-05-12 03:28:33.857+00', NULL, NULL, NULL, NULL, NULL, NULL, NULL, NULL, NULL);


ALTER TABLE public.interception_domain ENABLE TRIGGER ALL;

--
-- Data for Name: interception_path; Type: TABLE DATA; Schema: public; Owner: -
--

ALTER TABLE public.interception_path DISABLE TRIGGER ALL;

INSERT INTO public.interception_path (id, domain_id, path_pattern, match_type, action, priority, description, enabled, created_at, updated_at) VALUES ('876aa574-6a01-494b-9938-d43177d29572', '3c744923-3d89-4d42-8f10-5abf045f1685', '{/v1/chat/completions}', 'EXACT', 'PROCESS', 10, 'Chat completions — full compliance pipeline', true, '2026-05-10 16:45:02.284+00', '2026-05-10 16:45:02.284+00');
INSERT INTO public.interception_path (id, domain_id, path_pattern, match_type, action, priority, description, enabled, created_at, updated_at) VALUES ('cb266b5e-bb5e-489e-a379-1d4f8b740483', '3c744923-3d89-4d42-8f10-5abf045f1685', '{/v1/embeddings}', 'EXACT', 'PROCESS', 20, 'Embeddings — inspect for data leakage', true, '2026-05-10 16:45:02.523+00', '2026-05-10 16:45:02.523+00');
INSERT INTO public.interception_path (id, domain_id, path_pattern, match_type, action, priority, description, enabled, created_at, updated_at) VALUES ('29177808-247d-4b64-b109-b28a84546d08', '3c744923-3d89-4d42-8f10-5abf045f1685', '{/v1/images/}', 'PREFIX', 'PROCESS', 30, 'Image generation — audit only', true, '2026-05-10 16:45:02.806+00', '2026-05-10 16:45:02.806+00');
INSERT INTO public.interception_path (id, domain_id, path_pattern, match_type, action, priority, description, enabled, created_at, updated_at) VALUES ('cefe3930-e72b-4ad9-a3d0-efd3e2a6a5d4', '3c744923-3d89-4d42-8f10-5abf045f1685', '{/v1/models}', 'EXACT', 'PASSTHROUGH', 100, 'Model listing — no sensitive data, pass through', true, '2026-05-10 16:45:03.101+00', '2026-05-10 16:45:03.101+00');
INSERT INTO public.interception_path (id, domain_id, path_pattern, match_type, action, priority, description, enabled, created_at, updated_at) VALUES ('33ff8b42-ee7a-482a-b494-02243bf00801', '3c744923-3d89-4d42-8f10-5abf045f1685', '{/v1/files,/v1/fine-tuning}', 'PREFIX', 'BLOCK', 5, 'File upload + fine-tuning — blocked by policy', false, '2026-05-10 16:45:03.342+00', '2026-05-10 16:45:03.342+00');
INSERT INTO public.interception_path (id, domain_id, path_pattern, match_type, action, priority, description, enabled, created_at, updated_at) VALUES ('48be9249-e208-423a-9760-d99d596fec54', 'cdb64b0f-0784-4622-b2b9-07f8ee1ca9ba', '{/v1/messages}', 'EXACT', 'PROCESS', 10, 'Messages API — full compliance pipeline', true, '2026-05-10 16:45:03.581+00', '2026-05-10 16:45:03.581+00');
INSERT INTO public.interception_path (id, domain_id, path_pattern, match_type, action, priority, description, enabled, created_at, updated_at) VALUES ('0cbe8312-47ff-4555-b323-358a90987696', 'cdb64b0f-0784-4622-b2b9-07f8ee1ca9ba', '{/v1/complete}', 'EXACT', 'PROCESS', 20, 'Legacy completions — compliance pipeline', true, '2026-05-10 16:45:03.855+00', '2026-05-10 16:45:03.855+00');
INSERT INTO public.interception_path (id, domain_id, path_pattern, match_type, action, priority, description, enabled, created_at, updated_at) VALUES ('dba17ba6-a8bf-4ba1-8200-5ecaa571c10c', '78db6610-f4a4-4939-bbd0-a141830a9332', '{/v1beta/models/*/generateContent}', 'GLOB', 'PROCESS', 10, 'Gemini generateContent — full pipeline', true, '2026-05-10 16:45:04.123+00', '2026-05-10 16:45:04.123+00');
INSERT INTO public.interception_path (id, domain_id, path_pattern, match_type, action, priority, description, enabled, created_at, updated_at) VALUES ('3c02204b-d591-460c-900f-29f927bf43d7', '78db6610-f4a4-4939-bbd0-a141830a9332', '{/v1beta/models/*/embedContent}', 'GLOB', 'PROCESS', 20, 'Gemini embeddings — inspect', true, '2026-05-10 16:45:04.377+00', '2026-05-10 16:45:04.377+00');
INSERT INTO public.interception_path (id, domain_id, path_pattern, match_type, action, priority, description, enabled, created_at, updated_at) VALUES ('b0f6d911-df32-4681-832c-2787f19f96fb', '78db6610-f4a4-4939-bbd0-a141830a9332', '{/v1beta/models}', 'EXACT', 'PASSTHROUGH', 100, 'Model listing — pass through', true, '2026-05-10 16:45:04.615+00', '2026-05-10 16:45:04.615+00');
INSERT INTO public.interception_path (id, domain_id, path_pattern, match_type, action, priority, description, enabled, created_at, updated_at) VALUES ('7b64170d-30c2-411d-8ec0-da2ad19539b4', '9555f433-357c-46c5-94ef-01cad31bb9c3', '{/chat/}', 'PREFIX', 'PROCESS', 10, 'HuggingChat conversation paths — full pipeline', true, '2026-05-10 16:45:05.139+00', '2026-05-10 16:45:05.139+00');
INSERT INTO public.interception_path (id, domain_id, path_pattern, match_type, action, priority, description, enabled, created_at, updated_at) VALUES ('4f167a9a-28a2-49ad-ad03-22db6e347c21', 'aaa9f35d-2dcd-4620-9feb-7dc5488b5577', '{/agent/,/api/agent/,/api/ai/}', 'PREFIX', 'PROCESS', 10, 'Replit AI agent paths — full pipeline', true, '2026-05-10 16:45:05.665+00', '2026-05-10 16:45:05.665+00');
INSERT INTO public.interception_path (id, domain_id, path_pattern, match_type, action, priority, description, enabled, created_at, updated_at) VALUES ('7f6bc75c-9bc0-4633-b043-e7bb98de2c6b', '2e3e7e73-1b12-4e1c-9c42-2a91599f18a5', '{/copilot/}', 'PREFIX', 'PROCESS', 10, 'GitHub Copilot Chat web — full pipeline', true, '2026-05-10 16:45:06.272+00', '2026-05-10 16:45:06.272+00');
INSERT INTO public.interception_path (id, domain_id, path_pattern, match_type, action, priority, description, enabled, created_at, updated_at) VALUES ('11fc97cf-0604-4afc-a647-e19f578e71c1', 'f9704ff9-4dae-4bdd-9e93-c3eb912f30e3', '{^/api/organizations/[^/]+/chat_conversations}', 'REGEX', 'PROCESS', 10, NULL, true, '2026-05-11 08:33:09.621+00', '2026-05-11 08:33:09.621+00');
INSERT INTO public.interception_path (id, domain_id, path_pattern, match_type, action, priority, description, enabled, created_at, updated_at) VALUES ('c376adec-cf84-49ef-9b3e-252837d8d17d', 'f9704ff9-4dae-4bdd-9e93-c3eb912f30e3', '{^/api/organizations/[^/]+/memory}', 'REGEX', 'PROCESS', 20, NULL, true, '2026-05-11 08:33:09.621+00', '2026-05-11 08:33:09.621+00');
INSERT INTO public.interception_path (id, domain_id, path_pattern, match_type, action, priority, description, enabled, created_at, updated_at) VALUES ('c80e6918-5ce1-46bb-888c-fecc766930b2', '58f368a5-5970-4c26-908b-d7b443a75950', '{/v1/chat/completions}', 'EXACT', 'PROCESS', 10, 'Chat completions — full compliance pipeline', true, '2026-05-11 14:40:17.026+00', '2026-05-11 14:40:17.026+00');
INSERT INTO public.interception_path (id, domain_id, path_pattern, match_type, action, priority, description, enabled, created_at, updated_at) VALUES ('69718364-b63c-45d1-bf48-478d4237dbb4', '58f368a5-5970-4c26-908b-d7b443a75950', '{/v1/models}', 'EXACT', 'PASSTHROUGH', 100, 'Model listing — pass through', true, '2026-05-11 14:40:17.925+00', '2026-05-11 14:40:17.925+00');
INSERT INTO public.interception_path (id, domain_id, path_pattern, match_type, action, priority, description, enabled, created_at, updated_at) VALUES ('431cc856-7e0e-41b0-a8a6-541a89b8c358', '5e53b5e8-e95b-44a5-9ca6-2d1bc2c482cf', '{/backend-api/conversation}', 'PREFIX', 'PROCESS', 20, NULL, true, '2026-05-11 08:28:21.963+00', '2026-05-11 08:28:21.963+00');
INSERT INTO public.interception_path (id, domain_id, path_pattern, match_type, action, priority, description, enabled, created_at, updated_at) VALUES ('467fb830-f736-4116-a693-3c1d71139cd8', '5e53b5e8-e95b-44a5-9ca6-2d1bc2c482cf', '{/backend-api/memories}', 'EXACT', 'PROCESS', 40, NULL, true, '2026-05-11 08:28:21.963+00', '2026-05-11 08:28:21.963+00');
INSERT INTO public.interception_path (id, domain_id, path_pattern, match_type, action, priority, description, enabled, created_at, updated_at) VALUES ('74b0dc46-9884-4f03-a3b7-428e91dc1b5b', 'f9704ff9-4dae-4bdd-9e93-c3eb912f30e3', '{^/api/organizations/[^/]+/artifacts/}', 'REGEX', 'PROCESS', 30, NULL, true, '2026-05-11 08:33:09.621+00', '2026-05-11 08:33:09.621+00');
INSERT INTO public.interception_path (id, domain_id, path_pattern, match_type, action, priority, description, enabled, created_at, updated_at) VALUES ('a35ccaac-aec6-4d69-bf6a-1480c6edf3bd', '5e53b5e8-e95b-44a5-9ca6-2d1bc2c482cf', '{/backend-api/f/conversation}', 'EXACT', 'PROCESS', 10, NULL, true, '2026-05-11 08:41:57.433+00', '2026-05-11 08:45:58.983+00');
INSERT INTO public.interception_path (id, domain_id, path_pattern, match_type, action, priority, description, enabled, created_at, updated_at) VALUES ('cc56cd4b-a1d9-4fc9-948f-f005a6a3d8c8', '5e53b5e8-e95b-44a5-9ca6-2d1bc2c482cf', '{/backend-api/conversation/implicit_message_feedback}', 'EXACT', 'PASSTHROUGH', 15, NULL, true, '2026-05-11 08:46:19.839+00', '2026-05-11 08:46:19.839+00');
INSERT INTO public.interception_path (id, domain_id, path_pattern, match_type, action, priority, description, enabled, created_at, updated_at) VALUES ('f736c8be-f88f-4d9a-ba12-c4b6647c3e48', '4a276b15-cda6-401f-84e9-4674f306c83e', '{/_/BardChatUi/data/assistant.lamda.BardFrontendService/StreamGenerate}', 'EXACT', 'PROCESS', 0, 'Gemini chat - AI streaming response only', true, '2026-05-11 09:43:20.753+00', '2026-05-11 09:43:20.753+00');
INSERT INTO public.interception_path (id, domain_id, path_pattern, match_type, action, priority, description, enabled, created_at, updated_at) VALUES ('2ae50c4e-293e-4edb-ab3e-79fd4c475569', '77b314cd-ad23-4aca-a05e-2b27532296c3', '{/v1/chat/completions}', 'EXACT', 'PROCESS', 10, 'Chat completions — full compliance pipeline', true, '2026-05-11 14:38:21.569+00', '2026-05-11 14:38:21.569+00');
INSERT INTO public.interception_path (id, domain_id, path_pattern, match_type, action, priority, description, enabled, created_at, updated_at) VALUES ('9f570c82-ef5a-40e0-a040-bc33b123b127', '77b314cd-ad23-4aca-a05e-2b27532296c3', '{/v1/fim/completions}', 'EXACT', 'PROCESS', 15, 'Code fill-in-middle — AI output, capture', true, '2026-05-11 14:38:22.407+00', '2026-05-11 14:38:22.407+00');
INSERT INTO public.interception_path (id, domain_id, path_pattern, match_type, action, priority, description, enabled, created_at, updated_at) VALUES ('2dadf262-5fd4-4032-ac7f-22c57f756915', '77b314cd-ad23-4aca-a05e-2b27532296c3', '{/v1/models}', 'EXACT', 'PASSTHROUGH', 100, 'Model listing — no chat content, pass through', true, '2026-05-11 14:38:23.168+00', '2026-05-11 14:38:23.168+00');
INSERT INTO public.interception_path (id, domain_id, path_pattern, match_type, action, priority, description, enabled, created_at, updated_at) VALUES ('d14c24f7-d9be-4506-8e2e-2a46b0d20215', 'c3e4327b-449b-41ff-b425-f071f8651eaa', '{/v1/chat}', 'EXACT', 'PROCESS', 10, 'Cohere v1 chat — full compliance pipeline', true, '2026-05-11 14:38:54.307+00', '2026-05-11 14:38:54.307+00');
INSERT INTO public.interception_path (id, domain_id, path_pattern, match_type, action, priority, description, enabled, created_at, updated_at) VALUES ('fcfa5c4f-0a3e-4d9c-902e-1bcc3ba85af5', 'c3e4327b-449b-41ff-b425-f071f8651eaa', '{/v2/chat}', 'EXACT', 'PROCESS', 12, 'Cohere v2 chat — streaming supported', true, '2026-05-11 14:38:55.173+00', '2026-05-11 14:38:55.173+00');
INSERT INTO public.interception_path (id, domain_id, path_pattern, match_type, action, priority, description, enabled, created_at, updated_at) VALUES ('d2c1034b-d9a2-4c14-9ded-7ed8af38aacb', 'c3e4327b-449b-41ff-b425-f071f8651eaa', '{/v1/generate}', 'EXACT', 'PROCESS', 20, 'Cohere text generation — capture AI output', true, '2026-05-11 14:38:56.144+00', '2026-05-11 14:38:56.144+00');
INSERT INTO public.interception_path (id, domain_id, path_pattern, match_type, action, priority, description, enabled, created_at, updated_at) VALUES ('3e0750dc-5cde-4f88-a471-e28f5674511f', 'c3e4327b-449b-41ff-b425-f071f8651eaa', '{/v1/models}', 'PREFIX', 'PASSTHROUGH', 100, 'Model listing — no chat content, pass through', true, '2026-05-11 14:38:56.992+00', '2026-05-11 14:38:56.992+00');
INSERT INTO public.interception_path (id, domain_id, path_pattern, match_type, action, priority, description, enabled, created_at, updated_at) VALUES ('bf6b34ed-aa55-4ca4-9cce-250019692848', '13d3b3ab-2d54-4a03-b54e-964c16df5a4c', '{/v1/chat/completions}', 'EXACT', 'PROCESS', 10, 'Chat completions — full compliance pipeline', true, '2026-05-11 14:40:19.324+00', '2026-05-11 14:40:19.324+00');
INSERT INTO public.interception_path (id, domain_id, path_pattern, match_type, action, priority, description, enabled, created_at, updated_at) VALUES ('ab2a3b4f-bfe8-4493-8be9-2d97ad0c77d6', '13d3b3ab-2d54-4a03-b54e-964c16df5a4c', '{/v1/models}', 'EXACT', 'PASSTHROUGH', 100, 'Model listing — pass through', true, '2026-05-11 14:40:20.28+00', '2026-05-11 14:40:20.28+00');
INSERT INTO public.interception_path (id, domain_id, path_pattern, match_type, action, priority, description, enabled, created_at, updated_at) VALUES ('2b4fc070-3489-495b-bb8c-3598ef4b6f1c', '29a934ec-f053-429e-a8de-0086f843aea7', '{/chat/completions}', 'EXACT', 'PROCESS', 10, 'Chat completions — no /v1 prefix on Perplexity', true, '2026-05-11 14:40:21.177+00', '2026-05-11 14:40:21.177+00');
INSERT INTO public.interception_path (id, domain_id, path_pattern, match_type, action, priority, description, enabled, created_at, updated_at) VALUES ('f7352ff7-4b6b-4437-8c6c-18e1e11f8225', 'fc6674bb-2071-4aa1-8a2a-bb01ca776c96', '{/openai/v1/chat/completions}', 'EXACT', 'PROCESS', 10, 'Chat completions — Groq uses /openai/v1/ prefix', true, '2026-05-11 14:40:22.119+00', '2026-05-11 14:40:22.119+00');
INSERT INTO public.interception_path (id, domain_id, path_pattern, match_type, action, priority, description, enabled, created_at, updated_at) VALUES ('0d321700-b8a3-4ea1-978b-00d4af77093f', 'fc6674bb-2071-4aa1-8a2a-bb01ca776c96', '{/openai/v1/models}', 'EXACT', 'PASSTHROUGH', 100, 'Model listing — pass through', true, '2026-05-11 14:40:23.006+00', '2026-05-11 14:40:23.006+00');
INSERT INTO public.interception_path (id, domain_id, path_pattern, match_type, action, priority, description, enabled, created_at, updated_at) VALUES ('3fded315-e0da-4c5a-95bf-cf63823529ef', '136c3b51-6203-43ea-a1d2-4a83615db20b', '{/v1/chat/completions}', 'EXACT', 'PROCESS', 10, 'Chat completions — full compliance pipeline', true, '2026-05-11 14:40:23.944+00', '2026-05-11 14:40:23.944+00');
INSERT INTO public.interception_path (id, domain_id, path_pattern, match_type, action, priority, description, enabled, created_at, updated_at) VALUES ('ca98b8d9-14e6-4ab8-8721-ba622de60bf2', '136c3b51-6203-43ea-a1d2-4a83615db20b', '{/v1/completions}', 'EXACT', 'PROCESS', 15, 'Text completions — capture AI output', true, '2026-05-11 14:40:24.787+00', '2026-05-11 14:40:24.787+00');
INSERT INTO public.interception_path (id, domain_id, path_pattern, match_type, action, priority, description, enabled, created_at, updated_at) VALUES ('5d16a580-ee1c-4c95-9920-3323dd88e657', '136c3b51-6203-43ea-a1d2-4a83615db20b', '{/v1/models}', 'EXACT', 'PASSTHROUGH', 100, 'Model listing — pass through', true, '2026-05-11 14:40:26.575+00', '2026-05-11 14:40:26.575+00');
INSERT INTO public.interception_path (id, domain_id, path_pattern, match_type, action, priority, description, enabled, created_at, updated_at) VALUES ('080461b0-f2dc-45c1-956b-2351602bdb16', 'bd90e13e-27be-44dd-8482-06fbbb8b776b', '{/v1/chat/completions}', 'EXACT', 'PROCESS', 10, 'Chat completions — full compliance pipeline', true, '2026-05-11 14:40:27.468+00', '2026-05-11 14:40:27.468+00');
INSERT INTO public.interception_path (id, domain_id, path_pattern, match_type, action, priority, description, enabled, created_at, updated_at) VALUES ('975d4a26-cbe9-43c7-a48f-6e9ceaad5f4d', 'bd90e13e-27be-44dd-8482-06fbbb8b776b', '{/v1/completions}', 'EXACT', 'PROCESS', 15, 'Text completions — capture AI output', true, '2026-05-11 14:40:28.412+00', '2026-05-11 14:40:28.412+00');
INSERT INTO public.interception_path (id, domain_id, path_pattern, match_type, action, priority, description, enabled, created_at, updated_at) VALUES ('2ff445bf-f173-40e5-a6fc-c14a5b31e409', 'bd90e13e-27be-44dd-8482-06fbbb8b776b', '{/v1/models}', 'EXACT', 'PASSTHROUGH', 100, 'Model listing — pass through', true, '2026-05-11 14:40:29.605+00', '2026-05-11 14:40:29.605+00');
INSERT INTO public.interception_path (id, domain_id, path_pattern, match_type, action, priority, description, enabled, created_at, updated_at) VALUES ('2fb31281-d9f0-496a-9f95-59651ce91898', 'a8b18c41-b73e-45eb-a4bf-9d6d642538a8', '{/inference/v1/chat/completions}', 'EXACT', 'PROCESS', 10, 'Chat completions via /inference/v1 base', true, '2026-05-11 14:40:31.073+00', '2026-05-11 14:40:31.073+00');
INSERT INTO public.interception_path (id, domain_id, path_pattern, match_type, action, priority, description, enabled, created_at, updated_at) VALUES ('730d089d-61fb-4d5a-a2cc-e139be5599e0', 'a8b18c41-b73e-45eb-a4bf-9d6d642538a8', '{/inference/v1/models}', 'EXACT', 'PASSTHROUGH', 100, 'Model listing — pass through', true, '2026-05-11 14:40:32.945+00', '2026-05-11 14:40:32.945+00');
INSERT INTO public.interception_path (id, domain_id, path_pattern, match_type, action, priority, description, enabled, created_at, updated_at) VALUES ('b5f8b8a6-7fdb-4762-930e-eae4c6e7b6a7', 'e22e017b-e117-4871-bde9-6f5eb7bc6ccf', '{/v1/chat/completions}', 'EXACT', 'PROCESS', 10, 'Chat completions — full compliance pipeline', true, '2026-05-11 14:40:33.8+00', '2026-05-11 14:40:33.8+00');
INSERT INTO public.interception_path (id, domain_id, path_pattern, match_type, action, priority, description, enabled, created_at, updated_at) VALUES ('6324b3d9-009a-4c96-8266-674602a68f4c', 'e22e017b-e117-4871-bde9-6f5eb7bc6ccf', '{/v1/models}', 'EXACT', 'PASSTHROUGH', 100, 'Model listing — pass through', true, '2026-05-11 14:40:35.025+00', '2026-05-11 14:40:35.025+00');
INSERT INTO public.interception_path (id, domain_id, path_pattern, match_type, action, priority, description, enabled, created_at, updated_at) VALUES ('d3ef4b40-1c3b-44d7-a1c7-5d9466135662', 'b57da13b-ccba-40df-b0cb-ab521fbcf1b7', '{/v1/chat/completions}', 'EXACT', 'PROCESS', 10, 'Chat completions — full compliance pipeline', true, '2026-05-11 14:40:36.277+00', '2026-05-11 14:40:36.277+00');
INSERT INTO public.interception_path (id, domain_id, path_pattern, match_type, action, priority, description, enabled, created_at, updated_at) VALUES ('c07f0469-033f-4227-a22f-3e734d74318b', 'b57da13b-ccba-40df-b0cb-ab521fbcf1b7', '{/v1/models}', 'EXACT', 'PASSTHROUGH', 100, 'Model listing — pass through', true, '2026-05-11 14:40:37.468+00', '2026-05-11 14:40:37.468+00');
INSERT INTO public.interception_path (id, domain_id, path_pattern, match_type, action, priority, description, enabled, created_at, updated_at) VALUES ('4524d4c2-3da9-4a0a-a73a-a7cd7be2b101', 'c9ea5add-c14c-4d5d-a443-bfbc1d81fe00', '{/v1/text/chatcompletion_v2}', 'EXACT', 'PROCESS', 10, 'MiniMax chat v2 — primary chat endpoint', true, '2026-05-11 14:42:09.439+00', '2026-05-11 14:42:09.439+00');
INSERT INTO public.interception_path (id, domain_id, path_pattern, match_type, action, priority, description, enabled, created_at, updated_at) VALUES ('d592162e-6c11-4ce3-9c10-885e567573fc', 'c9ea5add-c14c-4d5d-a443-bfbc1d81fe00', '{/v1/text/chatcompletion}', 'EXACT', 'PROCESS', 15, 'MiniMax chat v1 — legacy chat endpoint', true, '2026-05-11 14:42:10.372+00', '2026-05-11 14:42:10.372+00');
INSERT INTO public.interception_path (id, domain_id, path_pattern, match_type, action, priority, description, enabled, created_at, updated_at) VALUES ('929dea90-e329-4e11-86cc-29a35316fb55', 'c9ea5add-c14c-4d5d-a443-bfbc1d81fe00', '{/v1/chat/completions}', 'EXACT', 'PROCESS', 12, 'MiniMax OpenAI-compat chat completions', true, '2026-05-11 14:42:11.269+00', '2026-05-11 14:42:11.269+00');
INSERT INTO public.interception_path (id, domain_id, path_pattern, match_type, action, priority, description, enabled, created_at, updated_at) VALUES ('efc50a15-9b53-406e-9144-35e9c3464f05', 'f6b45811-9b73-468e-9136-925cea956b1c', '{/v1/text/chatcompletion_v2}', 'EXACT', 'PROCESS', 10, 'MiniMax chat v2 — primary chat endpoint', true, '2026-05-11 14:42:12.253+00', '2026-05-11 14:42:12.253+00');
INSERT INTO public.interception_path (id, domain_id, path_pattern, match_type, action, priority, description, enabled, created_at, updated_at) VALUES ('f7837861-9317-4e61-bc4d-bba9c7c439e5', 'f6b45811-9b73-468e-9136-925cea956b1c', '{/v1/text/chatcompletion}', 'EXACT', 'PROCESS', 15, 'MiniMax chat v1 — legacy', true, '2026-05-11 14:42:13.111+00', '2026-05-11 14:42:13.111+00');
INSERT INTO public.interception_path (id, domain_id, path_pattern, match_type, action, priority, description, enabled, created_at, updated_at) VALUES ('6a5ae00b-a1eb-4a4c-a6a7-b6af81577bd4', 'f6b45811-9b73-468e-9136-925cea956b1c', '{/v1/chat/completions}', 'EXACT', 'PROCESS', 12, 'MiniMax OpenAI-compat chat completions', true, '2026-05-11 14:42:14.054+00', '2026-05-11 14:42:14.054+00');
INSERT INTO public.interception_path (id, domain_id, path_pattern, match_type, action, priority, description, enabled, created_at, updated_at) VALUES ('afaa885e-44f6-49d6-add8-2e1e8749f6df', 'e16e014a-187a-420c-aee1-df609e91fc0f', '{/v1/chat/completions}', 'EXACT', 'PROCESS', 10, 'OpenAI-compat chat completions (new serverless inference)', true, '2026-05-11 14:42:14.945+00', '2026-05-11 14:42:14.945+00');
INSERT INTO public.interception_path (id, domain_id, path_pattern, match_type, action, priority, description, enabled, created_at, updated_at) VALUES ('ec461294-0498-402a-bb83-7b77ce76313f', 'e16e014a-187a-420c-aee1-df609e91fc0f', '{/models/}', 'PREFIX', 'PROCESS', 20, 'Model inference — legacy /models/{model_id} path', true, '2026-05-11 14:42:15.899+00', '2026-05-11 14:42:15.899+00');
INSERT INTO public.interception_path (id, domain_id, path_pattern, match_type, action, priority, description, enabled, created_at, updated_at) VALUES ('187ad8d4-23c1-46f8-809a-4e8003c0aa65', 'ca8aef35-fc6c-4206-8ebb-888b6b594569', '{/v1/chat/completions}', 'EXACT', 'PROCESS', 10, 'OpenAI-compat chat — dedicated endpoint', true, '2026-05-11 14:42:17.22+00', '2026-05-11 14:42:17.22+00');
INSERT INTO public.interception_path (id, domain_id, path_pattern, match_type, action, priority, description, enabled, created_at, updated_at) VALUES ('b5633a66-1ace-45ab-abb6-871a061c2a5b', 'ca8aef35-fc6c-4206-8ebb-888b6b594569', '{/}', 'EXACT', 'PROCESS', 20, 'Root inference endpoint for dedicated HF endpoints', true, '2026-05-11 14:42:18.064+00', '2026-05-11 14:42:18.064+00');
INSERT INTO public.interception_path (id, domain_id, path_pattern, match_type, action, priority, description, enabled, created_at, updated_at) VALUES ('3d8ff647-5856-4c0d-b3a0-06f5751e4b9a', '09785f75-4bf3-485f-a14d-93068f4f9ea3', '{/openai/deployments/*/chat/completions}', 'GLOB', 'PROCESS', 10, 'Azure deployment chat completions — primary path', true, '2026-05-11 14:42:19.036+00', '2026-05-11 14:42:19.036+00');
INSERT INTO public.interception_path (id, domain_id, path_pattern, match_type, action, priority, description, enabled, created_at, updated_at) VALUES ('3fc1985a-f81e-4f8c-a192-c8426b932414', '09785f75-4bf3-485f-a14d-93068f4f9ea3', '{/openai/deployments/*/completions}', 'GLOB', 'PROCESS', 15, 'Azure deployment text completions (legacy)', true, '2026-05-11 14:42:19.986+00', '2026-05-11 14:42:19.986+00');
INSERT INTO public.interception_path (id, domain_id, path_pattern, match_type, action, priority, description, enabled, created_at, updated_at) VALUES ('06831b8a-e9d4-4763-b0a8-dc0c8405f85d', '09785f75-4bf3-485f-a14d-93068f4f9ea3', '{/openai/v1/chat/completions}', 'EXACT', 'PROCESS', 8, 'Azure OpenAI v1 unified endpoint (2024+)', true, '2026-05-11 14:42:21.426+00', '2026-05-11 14:42:21.426+00');
INSERT INTO public.interception_path (id, domain_id, path_pattern, match_type, action, priority, description, enabled, created_at, updated_at) VALUES ('1a01e00b-98ed-4ede-9001-c5f64977c1e9', '09785f75-4bf3-485f-a14d-93068f4f9ea3', '{/openai/models}', 'EXACT', 'PASSTHROUGH', 100, 'Model listing — pass through', true, '2026-05-11 14:42:22.296+00', '2026-05-11 14:42:22.296+00');
INSERT INTO public.interception_path (id, domain_id, path_pattern, match_type, action, priority, description, enabled, created_at, updated_at) VALUES ('5e730024-7eb8-45ad-a08b-bf00640593b8', '351ae735-5e12-4861-9f70-9e9ebd2f1535', '{/model/}', 'PREFIX', 'PROCESS', 10, 'All Bedrock model invocations — invoke/converse/stream', true, '2026-05-11 14:42:23.32+00', '2026-05-11 14:42:23.32+00');
INSERT INTO public.interception_path (id, domain_id, path_pattern, match_type, action, priority, description, enabled, created_at, updated_at) VALUES ('4ff3014d-d6c5-4c71-877d-766e235ff370', 'eed61a1b-78f3-4575-afed-f32a5f200859', '{/v1/projects/*/locations/*/publishers/google/models/*:generateContent}', 'GLOB', 'PROCESS', 10, 'Vertex generateContent — sync', true, '2026-05-11 14:42:24.398+00', '2026-05-11 14:42:24.398+00');
INSERT INTO public.interception_path (id, domain_id, path_pattern, match_type, action, priority, description, enabled, created_at, updated_at) VALUES ('0d5dad0e-8e1e-4200-88a2-16a18277b83c', 'eed61a1b-78f3-4575-afed-f32a5f200859', '{/v1/projects/*/locations/*/publishers/google/models/*:streamGenerateContent}', 'GLOB', 'PROCESS', 12, 'Vertex streamGenerateContent — streaming', true, '2026-05-11 14:42:25.336+00', '2026-05-11 14:42:25.336+00');
INSERT INTO public.interception_path (id, domain_id, path_pattern, match_type, action, priority, description, enabled, created_at, updated_at) VALUES ('4cf2847c-ae14-476a-9061-7db39abc40be', 'eed61a1b-78f3-4575-afed-f32a5f200859', '{/v1/projects/*/locations/*/endpoints/*/chat/completions}', 'GLOB', 'PROCESS', 15, 'Vertex OpenAI-compat chat endpoint', true, '2026-05-11 14:42:27.181+00', '2026-05-11 14:42:27.181+00');
INSERT INTO public.interception_path (id, domain_id, path_pattern, match_type, action, priority, description, enabled, created_at, updated_at) VALUES ('2e3552a0-6bed-45ca-99ba-18e862c1cf64', '93603b7b-c863-4510-9937-bcd2728f3c2c', '{/v1/projects/*/locations/*/publishers/google/models/*:generateContent}', 'GLOB', 'PROCESS', 10, 'Vertex generateContent — sync', true, '2026-05-11 14:42:28.028+00', '2026-05-11 14:42:28.028+00');
INSERT INTO public.interception_path (id, domain_id, path_pattern, match_type, action, priority, description, enabled, created_at, updated_at) VALUES ('b55f4ced-90b2-4892-b2fc-014d0d32fe3b', '93603b7b-c863-4510-9937-bcd2728f3c2c', '{/v1/projects/*/locations/*/publishers/google/models/*:streamGenerateContent}', 'GLOB', 'PROCESS', 12, 'Vertex streamGenerateContent — streaming', true, '2026-05-11 14:42:29.001+00', '2026-05-11 14:42:29.001+00');
INSERT INTO public.interception_path (id, domain_id, path_pattern, match_type, action, priority, description, enabled, created_at, updated_at) VALUES ('3e6a2c29-9d8e-4cb5-adce-70c43f17c473', '579eace7-571c-40d1-a2b1-c46fd8fe664c', '{/chat/completions}', 'EXACT', 'PROCESS', 10, 'Copilot chat completions (no /v1 prefix)', true, '2026-05-11 14:44:11.542+00', '2026-05-11 14:44:11.542+00');
INSERT INTO public.interception_path (id, domain_id, path_pattern, match_type, action, priority, description, enabled, created_at, updated_at) VALUES ('a7491e92-ecfe-4188-8191-e929bb67dac4', '579eace7-571c-40d1-a2b1-c46fd8fe664c', '{/v1/chat/completions}', 'EXACT', 'PROCESS', 11, 'Copilot chat completions v1 variant', true, '2026-05-11 14:44:13.443+00', '2026-05-11 14:44:13.443+00');
INSERT INTO public.interception_path (id, domain_id, path_pattern, match_type, action, priority, description, enabled, created_at, updated_at) VALUES ('4c55077e-abd2-405f-8707-7f36d02218f2', '579eace7-571c-40d1-a2b1-c46fd8fe664c', '{/github/chat/}', 'PREFIX', 'PROCESS', 20, 'Copilot chat thread management', true, '2026-05-11 14:44:14.391+00', '2026-05-11 14:44:14.391+00');
INSERT INTO public.interception_path (id, domain_id, path_pattern, match_type, action, priority, description, enabled, created_at, updated_at) VALUES ('b7edd78b-90c5-4b23-b978-a45e16a4c193', '201fb22d-f971-419c-819c-1a7ca0ac3fb5', '{/chat/completions}', 'EXACT', 'PROCESS', 10, 'Copilot chat completions — legacy proxy host', true, '2026-05-11 14:44:15.27+00', '2026-05-11 14:44:15.27+00');
INSERT INTO public.interception_path (id, domain_id, path_pattern, match_type, action, priority, description, enabled, created_at, updated_at) VALUES ('f4b02c38-1870-45ee-8f02-6faf6c9db7fb', '201fb22d-f971-419c-819c-1a7ca0ac3fb5', '{/v1/chat/completions}', 'EXACT', 'PROCESS', 11, 'Copilot chat v1 — legacy proxy host', true, '2026-05-11 14:44:16.208+00', '2026-05-11 14:44:16.208+00');
INSERT INTO public.interception_path (id, domain_id, path_pattern, match_type, action, priority, description, enabled, created_at, updated_at) VALUES ('c382f57b-9ceb-481d-9ff4-6f20785463a8', 'd24d996a-3acf-4df6-8d72-8edaa3f2b7a9', '{/aiserver.v1.AiService/}', 'PREFIX', 'PROCESS', 10, 'Cursor AI service gRPC methods', true, '2026-05-11 14:44:18.947+00', '2026-05-11 14:44:18.947+00');
INSERT INTO public.interception_path (id, domain_id, path_pattern, match_type, action, priority, description, enabled, created_at, updated_at) VALUES ('78514974-5693-45a4-a0bb-04c6a10ee2d2', 'd24d996a-3acf-4df6-8d72-8edaa3f2b7a9', '{/aiserver.v1.ChatService/}', 'PREFIX', 'PROCESS', 12, 'Cursor chat service gRPC methods', true, '2026-05-11 14:44:19.899+00', '2026-05-11 14:44:19.899+00');
INSERT INTO public.interception_path (id, domain_id, path_pattern, match_type, action, priority, description, enabled, created_at, updated_at) VALUES ('7c3ceb9d-01d6-4d2e-90a3-f4b35ac5df64', '776836c1-bc4e-4847-b611-9efeba51525c', '{/api/}', 'PREFIX', 'PROCESS', 10, 'Cursor.com API calls — capture chat if any', true, '2026-05-11 14:44:20.77+00', '2026-05-11 14:44:20.77+00');
INSERT INTO public.interception_path (id, domain_id, path_pattern, match_type, action, priority, description, enabled, created_at, updated_at) VALUES ('65822167-1c6d-4db0-b4e9-b85472798058', '776836c1-bc4e-4847-b611-9efeba51525c', '{/_next/,/_static/,/assets/,/fonts/,/images/}', 'PREFIX', 'PASSTHROUGH', 100, 'Static assets — pass through', true, '2026-05-11 14:44:21.728+00', '2026-05-11 14:44:21.728+00');
INSERT INTO public.interception_path (id, domain_id, path_pattern, match_type, action, priority, description, enabled, created_at, updated_at) VALUES ('ba2bd794-fefb-44a1-a841-1a709e342e3a', '5d905b9b-048b-4d3b-8e42-1bfe6b67f168', '{/exa.}', 'PREFIX', 'PROCESS', 10, 'Codeium gRPC-style service calls (GetCompletions, etc.)', true, '2026-05-11 14:44:22.59+00', '2026-05-11 14:44:22.59+00');
INSERT INTO public.interception_path (id, domain_id, path_pattern, match_type, action, priority, description, enabled, created_at, updated_at) VALUES ('01e0dc25-7270-47d1-a2d2-3b304683b95b', 'efff5771-f56a-4ff0-8aad-fbf34a5b7f03', '{/exa.}', 'PREFIX', 'PROCESS', 10, 'Codeium inference gRPC-style service calls', true, '2026-05-11 14:44:23.557+00', '2026-05-11 14:44:23.557+00');
INSERT INTO public.interception_path (id, domain_id, path_pattern, match_type, action, priority, description, enabled, created_at, updated_at) VALUES ('4ea70adc-9ccb-4b00-8533-f3df83efa7fa', 'efff5771-f56a-4ff0-8aad-fbf34a5b7f03', '{/v1/chat/completions}', 'EXACT', 'PROCESS', 12, 'Codeium OpenAI-compat chat if supported', true, '2026-05-11 14:44:24.446+00', '2026-05-11 14:44:24.446+00');
INSERT INTO public.interception_path (id, domain_id, path_pattern, match_type, action, priority, description, enabled, created_at, updated_at) VALUES ('764244b9-4cf3-4974-a2a5-45dbfb6976b4', 'e1f162fb-aa99-4de0-9e21-ff4fcca9196f', '{/v1/}', 'PREFIX', 'PROCESS', 10, 'Codeium REST API v1 endpoints', true, '2026-05-11 14:44:25.392+00', '2026-05-11 14:44:25.392+00');
INSERT INTO public.interception_path (id, domain_id, path_pattern, match_type, action, priority, description, enabled, created_at, updated_at) VALUES ('2fb3254a-fc34-4fed-8cc4-206d9c07a262', '90e065ce-4f3d-4f23-add9-7c308a5301cd', '{/v2/complete}', 'EXACT', 'PROCESS', 10, 'Tabnine code completion endpoint', true, '2026-05-11 14:44:26.438+00', '2026-05-11 14:44:26.438+00');
INSERT INTO public.interception_path (id, domain_id, path_pattern, match_type, action, priority, description, enabled, created_at, updated_at) VALUES ('cf09a4eb-34c1-4473-95aa-2a71db58f6a3', '90e065ce-4f3d-4f23-add9-7c308a5301cd', '{/v1/complete}', 'EXACT', 'PROCESS', 12, 'Tabnine code completion v1', true, '2026-05-11 14:44:27.723+00', '2026-05-11 14:44:27.723+00');
INSERT INTO public.interception_path (id, domain_id, path_pattern, match_type, action, priority, description, enabled, created_at, updated_at) VALUES ('f7f0c8e3-49bd-48d2-b3e1-66affc6c36cc', '90e065ce-4f3d-4f23-add9-7c308a5301cd', '{/v1/chat/completions}', 'EXACT', 'PROCESS', 8, 'Tabnine chat completions (OpenAI-compat)', true, '2026-05-11 14:44:29.621+00', '2026-05-11 14:44:29.621+00');
INSERT INTO public.interception_path (id, domain_id, path_pattern, match_type, action, priority, description, enabled, created_at, updated_at) VALUES ('fedfd3a2-d155-46f9-9350-211c9e71f900', 'eb958b9b-846f-4259-8b43-e7ac955646d0', '{/v1/chat/completions}', 'EXACT', 'PROCESS', 10, 'Continue.dev proxied chat completions', true, '2026-05-11 14:44:30.638+00', '2026-05-11 14:44:30.638+00');
INSERT INTO public.interception_path (id, domain_id, path_pattern, match_type, action, priority, description, enabled, created_at, updated_at) VALUES ('61812731-6a08-4089-a7a0-f7b03cc5f000', 'eb958b9b-846f-4259-8b43-e7ac955646d0', '{/v1/completions}', 'EXACT', 'PROCESS', 15, 'Continue.dev proxied text completions', true, '2026-05-11 14:44:31.859+00', '2026-05-11 14:44:31.859+00');
INSERT INTO public.interception_path (id, domain_id, path_pattern, match_type, action, priority, description, enabled, created_at, updated_at) VALUES ('5e6627dc-277f-4bc9-a227-847347e4fcc5', '9fb26009-1849-4b36-b045-49c8688fda67', '{/chat}', 'PREFIX', 'PROCESS', 10, 'Copilot.microsoft.com chat UI — capture conversation traffic', true, '2026-05-11 14:47:25.039+00', '2026-05-11 14:47:25.039+00');
INSERT INTO public.interception_path (id, domain_id, path_pattern, match_type, action, priority, description, enabled, created_at, updated_at) VALUES ('62647bcb-c86b-41ea-879b-cd35fd46272c', '9fb26009-1849-4b36-b045-49c8688fda67', '{/sydney/,/turing/}', 'PREFIX', 'PROCESS', 15, 'Copilot Sydney/Turing internal service paths', true, '2026-05-11 14:47:26.004+00', '2026-05-11 14:47:26.004+00');
INSERT INTO public.interception_path (id, domain_id, path_pattern, match_type, action, priority, description, enabled, created_at, updated_at) VALUES ('beae498d-692a-4dce-bd7e-db26b3b82c56', '9fb26009-1849-4b36-b045-49c8688fda67', '{/_next/,/_static/,/static/,/assets/,/fonts/,/images/,/icons/,/favicon}', 'PREFIX', 'PASSTHROUGH', 200, 'Static assets — pass through', true, '2026-05-11 14:47:26.881+00', '2026-05-11 14:47:26.881+00');
INSERT INTO public.interception_path (id, domain_id, path_pattern, match_type, action, priority, description, enabled, created_at, updated_at) VALUES ('17aa1196-a081-4589-9a70-0c21b92d2ed4', 'a8100824-e768-46b9-bdaf-6e3a0a045ee8', '{/rest/app-chat/}', 'PREFIX', 'PROCESS', 10, 'Grok web chat — conversations/new and conversation responses', true, '2026-05-11 14:47:27.843+00', '2026-05-11 14:47:27.843+00');
INSERT INTO public.interception_path (id, domain_id, path_pattern, match_type, action, priority, description, enabled, created_at, updated_at) VALUES ('3dc714dc-5cb3-43b9-880c-971724def954', 'a8100824-e768-46b9-bdaf-6e3a0a045ee8', '{/api/}', 'PREFIX', 'PROCESS', 15, 'Grok API paths — capture chat data', true, '2026-05-11 14:47:28.739+00', '2026-05-11 14:47:28.739+00');
INSERT INTO public.interception_path (id, domain_id, path_pattern, match_type, action, priority, description, enabled, created_at, updated_at) VALUES ('16636094-b8ae-40c5-8cc0-54e102d9f5d1', 'a8100824-e768-46b9-bdaf-6e3a0a045ee8', '{/_next/,/_static/,/static/,/assets/,/fonts/,/images/,/icons/,/favicon}', 'PREFIX', 'PASSTHROUGH', 200, 'Static assets — pass through', true, '2026-05-11 14:47:30.619+00', '2026-05-11 14:47:30.619+00');
INSERT INTO public.interception_path (id, domain_id, path_pattern, match_type, action, priority, description, enabled, created_at, updated_at) VALUES ('2578be47-4c79-478a-9562-9ea5a72ba320', '1e59bd6e-6b37-433f-ac7e-6f5e3ca55469', '{/api/}', 'PREFIX', 'PROCESS', 10, 'Perplexity web API — captures chat traffic', true, '2026-05-11 14:47:33.736+00', '2026-05-11 14:47:33.736+00');
INSERT INTO public.interception_path (id, domain_id, path_pattern, match_type, action, priority, description, enabled, created_at, updated_at) VALUES ('29cd1b3b-40c7-4a22-8e47-abe9c43b0e8b', '1e59bd6e-6b37-433f-ac7e-6f5e3ca55469', '{/socket.io/}', 'PREFIX', 'PROCESS', 15, 'Perplexity realtime socket (if used)', true, '2026-05-11 14:47:34.761+00', '2026-05-11 14:47:34.761+00');
INSERT INTO public.interception_path (id, domain_id, path_pattern, match_type, action, priority, description, enabled, created_at, updated_at) VALUES ('cfb550ab-d747-4f37-a63c-0722bbe87acc', '1e59bd6e-6b37-433f-ac7e-6f5e3ca55469', '{/_next/,/_static/,/static/,/assets/,/fonts/,/images/,/icons/,/favicon}', 'PREFIX', 'PASSTHROUGH', 200, 'Static assets — pass through', true, '2026-05-11 14:47:35.952+00', '2026-05-11 14:47:35.952+00');
INSERT INTO public.interception_path (id, domain_id, path_pattern, match_type, action, priority, description, enabled, created_at, updated_at) VALUES ('495bba1f-d249-4a27-b42c-bc8e9dac1d64', 'fa7e2fc9-26d6-4d26-a3e8-8b49686d7484', '{/api/}', 'PREFIX', 'PROCESS', 10, 'Perplexity web API — captures chat traffic', true, '2026-05-11 14:47:36.837+00', '2026-05-11 14:47:36.837+00');
INSERT INTO public.interception_path (id, domain_id, path_pattern, match_type, action, priority, description, enabled, created_at, updated_at) VALUES ('782562d5-165b-4c70-aadd-85cb3e81eba9', 'fa7e2fc9-26d6-4d26-a3e8-8b49686d7484', '{/socket.io/}', 'PREFIX', 'PROCESS', 15, 'Perplexity realtime socket (if used)', true, '2026-05-11 14:47:37.811+00', '2026-05-11 14:47:37.811+00');
INSERT INTO public.interception_path (id, domain_id, path_pattern, match_type, action, priority, description, enabled, created_at, updated_at) VALUES ('d08b29cf-7616-4cc1-ad13-c88888d5da24', 'fa7e2fc9-26d6-4d26-a3e8-8b49686d7484', '{/_next/,/_static/,/static/,/assets/,/fonts/,/images/,/icons/,/favicon}', 'PREFIX', 'PASSTHROUGH', 200, 'Static assets — pass through', true, '2026-05-11 14:47:39.275+00', '2026-05-11 14:47:39.275+00');
INSERT INTO public.interception_path (id, domain_id, path_pattern, match_type, action, priority, description, enabled, created_at, updated_at) VALUES ('f3e038ba-b7dd-4476-a16a-c4578287b957', '150b4005-2746-4497-96e1-4abf022701a3', '{/api/}', 'PREFIX', 'PROCESS', 10, 'Le Chat internal API — captures chat traffic', true, '2026-05-11 14:47:40.14+00', '2026-05-11 14:47:40.14+00');
INSERT INTO public.interception_path (id, domain_id, path_pattern, match_type, action, priority, description, enabled, created_at, updated_at) VALUES ('333f4433-fc30-41a8-892e-baa9957f4ac3', '150b4005-2746-4497-96e1-4abf022701a3', '{/_next/,/_static/,/static/,/assets/,/fonts/,/images/,/icons/,/favicon}', 'PREFIX', 'PASSTHROUGH', 200, 'Static assets — pass through', true, '2026-05-11 14:47:41.012+00', '2026-05-11 14:47:41.012+00');
INSERT INTO public.interception_path (id, domain_id, path_pattern, match_type, action, priority, description, enabled, created_at, updated_at) VALUES ('c80bbaa5-5f59-4130-b4c5-6d25413e9c72', 'cf5942e9-476a-4290-a73a-2a9ca9116d28', '{/backend-api/}', 'PREFIX', 'PROCESS', 10, 'OpenAI platform playground backend API', true, '2026-05-11 14:47:42+00', '2026-05-11 14:47:42+00');
INSERT INTO public.interception_path (id, domain_id, path_pattern, match_type, action, priority, description, enabled, created_at, updated_at) VALUES ('a554c978-7136-4e0f-aa21-bda1b7a46069', 'cf5942e9-476a-4290-a73a-2a9ca9116d28', '{/api/}', 'PREFIX', 'PROCESS', 12, 'OpenAI platform API paths', true, '2026-05-11 14:47:43.345+00', '2026-05-11 14:47:43.345+00');
INSERT INTO public.interception_path (id, domain_id, path_pattern, match_type, action, priority, description, enabled, created_at, updated_at) VALUES ('795a7211-6396-431a-9995-ff06157b2234', 'cf5942e9-476a-4290-a73a-2a9ca9116d28', '{/_next/,/_static/,/static/,/assets/,/fonts/,/images/,/icons/,/favicon}', 'PREFIX', 'PASSTHROUGH', 200, 'Static assets — pass through', true, '2026-05-11 14:47:46.185+00', '2026-05-11 14:47:46.185+00');
INSERT INTO public.interception_path (id, domain_id, path_pattern, match_type, action, priority, description, enabled, created_at, updated_at) VALUES ('b979b3b1-1e5e-4810-9b0a-da33b3e40a3e', 'e00ec4cb-2be2-41f8-8ec5-72598923599b', '{/api/}', 'PREFIX', 'PROCESS', 10, 'Anthropic console internal API — workbench chat', true, '2026-05-11 14:47:47.34+00', '2026-05-11 14:47:47.34+00');
INSERT INTO public.interception_path (id, domain_id, path_pattern, match_type, action, priority, description, enabled, created_at, updated_at) VALUES ('910dbc1c-d39a-4569-94cd-99a90e2938b9', 'e00ec4cb-2be2-41f8-8ec5-72598923599b', '{/_next/,/_static/,/static/,/assets/,/fonts/,/images/,/icons/,/favicon}', 'PREFIX', 'PASSTHROUGH', 200, 'Static assets — pass through', true, '2026-05-11 14:47:48.289+00', '2026-05-11 14:47:48.289+00');
INSERT INTO public.interception_path (id, domain_id, path_pattern, match_type, action, priority, description, enabled, created_at, updated_at) VALUES ('d2c2c3b4-cf23-482f-8054-7ed30afd2f1a', '987cfe62-5b07-412b-b48a-856afaf866f1', '{/api/}', 'PREFIX', 'PROCESS', 10, 'AI Studio internal API — captures prompt/chat traffic', true, '2026-05-11 14:47:49.212+00', '2026-05-11 14:47:49.212+00');
INSERT INTO public.interception_path (id, domain_id, path_pattern, match_type, action, priority, description, enabled, created_at, updated_at) VALUES ('8bd12188-8ba1-447c-8c3f-21de3844e083', '987cfe62-5b07-412b-b48a-856afaf866f1', '{/_next/,/_static/,/static/,/assets/,/fonts/,/images/,/icons/,/favicon}', 'PREFIX', 'PASSTHROUGH', 200, 'Static assets — pass through', true, '2026-05-11 14:47:50.125+00', '2026-05-11 14:47:50.125+00');
INSERT INTO public.interception_path (id, domain_id, path_pattern, match_type, action, priority, description, enabled, created_at, updated_at) VALUES ('51e62bc3-1a94-4a5d-8cfd-d537a9ce9206', '602f12ce-5899-429c-91ce-0d8d68f7b927', '{/api/}', 'PREFIX', 'PROCESS', 10, 'DeepSeek chat web API — captures chat traffic', true, '2026-05-11 14:47:50.989+00', '2026-05-11 14:47:50.989+00');
INSERT INTO public.interception_path (id, domain_id, path_pattern, match_type, action, priority, description, enabled, created_at, updated_at) VALUES ('e127103c-e82c-417b-ba9c-c6ed1557b7dc', '602f12ce-5899-429c-91ce-0d8d68f7b927', '{/_next/,/_static/,/static/,/assets/,/fonts/,/images/,/icons/,/favicon}', 'PREFIX', 'PASSTHROUGH', 200, 'Static assets — pass through', true, '2026-05-11 14:47:51.961+00', '2026-05-11 14:47:51.961+00');
INSERT INTO public.interception_path (id, domain_id, path_pattern, match_type, action, priority, description, enabled, created_at, updated_at) VALUES ('eaa65bb4-6bda-422b-83b2-0370e5dc2d83', 'cd344e81-5f31-4222-be18-d0d648b3215a', '{/api/}', 'PREFIX', 'PROCESS', 10, 'Kimi web API — captures chat traffic', true, '2026-05-11 14:47:52.828+00', '2026-05-11 14:47:52.828+00');
INSERT INTO public.interception_path (id, domain_id, path_pattern, match_type, action, priority, description, enabled, created_at, updated_at) VALUES ('5ac41ee5-d411-4e12-81b4-20ee1f3b5ef8', 'cd344e81-5f31-4222-be18-d0d648b3215a', '{/_next/,/_static/,/static/,/assets/,/fonts/,/images/,/icons/,/favicon}', 'PREFIX', 'PASSTHROUGH', 200, 'Static assets — pass through', true, '2026-05-11 14:47:53.818+00', '2026-05-11 14:47:53.818+00');
INSERT INTO public.interception_path (id, domain_id, path_pattern, match_type, action, priority, description, enabled, created_at, updated_at) VALUES ('ff6663c0-a9ab-448d-8794-e1f806fc06a9', 'aea55279-f9ed-4a52-ae7f-f6ef2e6f03da', '{/api/}', 'PREFIX', 'PROCESS', 10, 'Kimi web API — captures chat traffic', true, '2026-05-11 14:47:54.658+00', '2026-05-11 14:47:54.658+00');
INSERT INTO public.interception_path (id, domain_id, path_pattern, match_type, action, priority, description, enabled, created_at, updated_at) VALUES ('c3296039-596d-4d4a-b25c-8981717300b8', 'aea55279-f9ed-4a52-ae7f-f6ef2e6f03da', '{/_next/,/_static/,/static/,/assets/,/fonts/,/images/,/icons/,/favicon}', 'PREFIX', 'PASSTHROUGH', 200, 'Static assets — pass through', true, '2026-05-11 14:47:55.636+00', '2026-05-11 14:47:55.636+00');
INSERT INTO public.interception_path (id, domain_id, path_pattern, match_type, action, priority, description, enabled, created_at, updated_at) VALUES ('5014425f-ad76-46ca-8622-76f29f0b3d01', '4c97da05-c183-4462-bb81-681b8d08e725', '{/api/}', 'PREFIX', 'PROCESS', 10, 'ChatGLM web API — captures chat traffic', true, '2026-05-11 14:47:56.479+00', '2026-05-11 14:47:56.479+00');
INSERT INTO public.interception_path (id, domain_id, path_pattern, match_type, action, priority, description, enabled, created_at, updated_at) VALUES ('227ead2b-da83-45e3-985c-c3e4a0d46b47', '4c97da05-c183-4462-bb81-681b8d08e725', '{/_next/,/_static/,/static/,/assets/,/fonts/,/images/,/icons/,/favicon}', 'PREFIX', 'PASSTHROUGH', 200, 'Static assets — pass through', true, '2026-05-11 14:47:57.315+00', '2026-05-11 14:47:57.315+00');
INSERT INTO public.interception_path (id, domain_id, path_pattern, match_type, action, priority, description, enabled, created_at, updated_at) VALUES ('8611f051-1c15-42e2-9bad-720cb2cf44a3', '3040c754-713a-4765-9b74-8b4f683e55d0', '{/api/}', 'PREFIX', 'PROCESS', 10, 'v0.dev AI generation API — captures prompts and generated code', true, '2026-05-11 14:47:58.251+00', '2026-05-11 14:47:58.251+00');
INSERT INTO public.interception_path (id, domain_id, path_pattern, match_type, action, priority, description, enabled, created_at, updated_at) VALUES ('47baf41e-b0d4-4edf-b8b5-da7fa3d93a87', '3040c754-713a-4765-9b74-8b4f683e55d0', '{/_next/,/_static/,/static/,/assets/,/fonts/,/images/,/icons/,/favicon}', 'PREFIX', 'PASSTHROUGH', 200, 'Static assets — pass through', true, '2026-05-11 14:47:59.133+00', '2026-05-11 14:47:59.133+00');
INSERT INTO public.interception_path (id, domain_id, path_pattern, match_type, action, priority, description, enabled, created_at, updated_at) VALUES ('35604f14-e045-4385-9cf8-5e0ad8cbb52e', 'e7e53805-b566-4e9d-af6f-cbc7d2efb3bd', '{/api/}', 'PREFIX', 'PROCESS', 10, 'Bolt.new AI generation API — captures prompts and generated code', true, '2026-05-11 14:48:00.355+00', '2026-05-11 14:48:00.355+00');
INSERT INTO public.interception_path (id, domain_id, path_pattern, match_type, action, priority, description, enabled, created_at, updated_at) VALUES ('0645da2a-921d-411b-aa5b-cb8f28b94d32', 'e7e53805-b566-4e9d-af6f-cbc7d2efb3bd', '{/_next/,/_static/,/static/,/assets/,/fonts/,/images/,/icons/,/favicon}', 'PREFIX', 'PASSTHROUGH', 200, 'Static assets — pass through', true, '2026-05-11 14:48:01.294+00', '2026-05-11 14:48:01.294+00');
INSERT INTO public.interception_path (id, domain_id, path_pattern, match_type, action, priority, description, enabled, created_at, updated_at) VALUES ('7e394006-760d-4f25-8b3c-2a1d3adff3ee', '1061f67d-8f9d-47f2-9e2d-5e77f256e968', '{/chat}', 'PREFIX', 'PROCESS', 10, 'M365 Copilot chat UI — captures conversation traffic', true, '2026-05-11 14:48:02.218+00', '2026-05-11 14:48:02.218+00');
INSERT INTO public.interception_path (id, domain_id, path_pattern, match_type, action, priority, description, enabled, created_at, updated_at) VALUES ('d9c3057c-ef59-47a2-9fad-5115f4770b10', '1061f67d-8f9d-47f2-9e2d-5e77f256e968', '{/api/}', 'PREFIX', 'PROCESS', 12, 'M365 Copilot internal API paths', true, '2026-05-11 14:48:03.329+00', '2026-05-11 14:48:03.329+00');
INSERT INTO public.interception_path (id, domain_id, path_pattern, match_type, action, priority, description, enabled, created_at, updated_at) VALUES ('b0a75a30-47b9-4c0f-b028-d50eea3c7969', '1061f67d-8f9d-47f2-9e2d-5e77f256e968', '{/_next/,/_static/,/static/,/assets/,/fonts/,/images/,/icons/,/favicon}', 'PREFIX', 'PASSTHROUGH', 200, 'Static assets — pass through', true, '2026-05-11 14:48:04.254+00', '2026-05-11 14:48:04.254+00');
INSERT INTO public.interception_path (id, domain_id, path_pattern, match_type, action, priority, description, enabled, created_at, updated_at) VALUES ('17f0aab5-52a9-4090-b4d8-632b7cffe18f', 'ea3a6a0f-d936-46b4-ac57-8a4024d5c9fa', '{/aiserver}', 'PREFIX', 'PROCESS', 0, NULL, true, '2026-05-11 15:25:28.356+00', '2026-05-11 15:25:28.356+00');


ALTER TABLE public.interception_path ENABLE TRIGGER ALL;

--
-- Data for Name: job; Type: TABLE DATA; Schema: public; Owner: -
--

ALTER TABLE public.job DISABLE TRIGGER ALL;

INSERT INTO public.job (id, name, description, "intervalSec", enabled, "createdAt", "updatedAt") VALUES ('enrollment-cleanup', 'Enrollment Token Cleanup', 'Marks expired pending agent enrollment tokens as expired.', 3600, true, '2026-05-08 14:46:38.166+00', '2026-05-16 02:48:53.143+00');
INSERT INTO public.job (id, name, description, "intervalSec", enabled, "createdAt", "updatedAt") VALUES ('thing-offline-alerts', 'Thing Offline Alerts', 'Raises thing.offline alerts for Things whose last_seen_at has exceeded the rule''s offlineAfterSec threshold; auto-resolves firing alerts for Things that have come back fresh or have been deleted.', 60, true, '2026-05-08 14:46:38.164+00', '2026-05-16 02:48:53.114+00');
INSERT INTO public.job (id, name, description, "intervalSec", enabled, "createdAt", "updatedAt") VALUES ('ops-rollup-1mo', 'Ops Metrics Rollup (1 month)', 'Aggregates metric_ops_rollup_1d into metric_ops_rollup_1mo once per day, using calendar-month bucket boundaries (28-31 days). The current (unsealed) month is always excluded.', 86400, true, '2026-05-08 14:46:38.179+00', '2026-05-16 02:48:53.12+00');
INSERT INTO public.job (id, name, description, "intervalSec", enabled, "createdAt", "updatedAt") VALUES ('ops-retention', 'Ops Metrics & Diag Retention Purge', 'Purges aged metric_ops_rollup_5m/1h/1d/1mo and thing_diag_event rows. Per-class retention is read live from metric_ops_retention_config (one row per layer: runtime_5m, business_5m, runtime_1h, business_1h, runtime_1d, business_1d, runtime_1mo, business_1mo, diag_info, diag_warn, diag_error, diag_fatal). Deletes run in chunks of 10k rows so transactions stay short. The metric_ops_raw table is NOT purged here — it is partition-dropped by the ops-raw-partition job.', 86400, true, '2026-05-08 14:46:38.18+00', '2026-05-16 02:48:53.101+00');
INSERT INTO public.job (id, name, description, "intervalSec", enabled, "createdAt", "updatedAt") VALUES ('audit-chain-verify', 'Audit Chain Verify', 'Walks the AdminAuditLog hash chain and reports tamper detection.', 3600, true, '2026-05-08 14:46:38.169+00', '2026-05-16 02:48:53.103+00');
INSERT INTO public.job (id, name, description, "intervalSec", enabled, "createdAt", "updatedAt") VALUES ('data-retention', 'Data Retention Purge', 'Deletes audit and rollup rows older than the configured retention period each day.', 86400, true, '2026-05-08 14:46:38.185+00', '2026-05-16 02:48:53.118+00');
INSERT INTO public.job (id, name, description, "intervalSec", enabled, "createdAt", "updatedAt") VALUES ('job-retention', 'Job Run History Retention', 'Prunes job_run rows, keeping the N most recent runs per job.', 86400, true, '2026-05-08 14:46:38.19+00', '2026-05-16 02:48:53.105+00');
INSERT INTO public.job (id, name, description, "intervalSec", enabled, "createdAt", "updatedAt") VALUES ('agent-cert-expiration-alerts', 'Agent Cert Expiration Alerts', 'Polls thing_agent.cert_expires_at for desktop-agent Things and raises agent.cert_expiration_imminent alerts as the expiry approaches each warn-day threshold (default 30 / 14 / 7 / 1 days). Auto-resolves when the cert is renewed.', 3600, true, '2026-05-08 14:46:38.193+00', '2026-05-16 02:48:53.121+00');
INSERT INTO public.job (id, name, description, "intervalSec", enabled, "createdAt", "updatedAt") VALUES ('merge-1mo', 'Rollup Merge (1 day → 1 month)', 'Merges metric_rollup_1d into metric_rollup_1mo once per day, using calendar-month bucket boundaries.', 86400, true, '2026-05-08 14:46:38.188+00', '2026-05-16 02:48:53.139+00');
INSERT INTO public.job (id, name, description, "intervalSec", enabled, "createdAt", "updatedAt") VALUES ('auth-cleanup', 'Auth Token Cleanup', 'Deletes expired refresh and revoked token rows every hour.', 3600, true, '2026-05-08 14:46:38.165+00', '2026-05-16 02:48:53.117+00');
INSERT INTO public.job (id, name, description, "intervalSec", enabled, "createdAt", "updatedAt") VALUES ('vk-expiry', 'Virtual Key Expiry', 'Expires virtual keys past their expiry date and raises quota.vk_expiring alerts for keys expiring within the warn window; auto-resolves once a key has been renewed or is no longer within the window.', 3600, true, '2026-05-08 14:46:38.181+00', '2026-05-16 02:48:53.102+00');
INSERT INTO public.job (id, name, description, "intervalSec", enabled, "createdAt", "updatedAt") VALUES ('provider-unavailable-alerts', 'Provider Unavailable Alerts', 'Raises provider.unavailable alerts for Providers whose ProviderHealth status is ''unavailable''; auto-resolves firing alerts when the provider recovers to healthy, recovering, or degraded.', 60, true, '2026-05-08 14:46:38.182+00', '2026-05-16 02:48:53.137+00');
INSERT INTO public.job (id, name, description, "intervalSec", enabled, "createdAt", "updatedAt") VALUES ('rollup-5m', 'Traffic Rollup (5 minute)', 'Aggregates traffic_event rows into metric_rollup_5m every minute, catching up from the last committed bucket to the most recent sealed 5-minute bucket.', 60, true, '2026-05-08 14:46:38.187+00', '2026-05-16 02:48:53.145+00');
INSERT INTO public.job (id, name, description, "intervalSec", enabled, "createdAt", "updatedAt") VALUES ('config-drift-check', 'Config Drift Detection', 'Detects Things whose reported config version differs from desired and triggers repair.', 60, true, '2026-05-08 14:46:38.162+00', '2026-05-16 02:48:53.109+00');
INSERT INTO public.job (id, name, description, "intervalSec", enabled, "createdAt", "updatedAt") VALUES ('rollup-retention', 'Rollup Retention Purge', 'Purges aged rows from metric_rollup_5m/1h/1d/1mo tables based on per-tier retention days.', 86400, true, '2026-05-08 14:46:38.17+00', '2026-05-16 02:48:53.13+00');
INSERT INTO public.job (id, name, description, "intervalSec", enabled, "createdAt", "updatedAt") VALUES ('cache-quality-monitor', 'Cache Quality Monitor', 'Detects elevated error rates in normaliser-modified requests over the past 30 minutes and auto-reverts all active rules to dry_run_always when the error rate exceeds 3× baseline, preventing normaliser-induced quality regressions.', 300, true, '2026-05-08 14:46:38.168+00', '2026-05-16 02:48:53.124+00');
INSERT INTO public.job (id, name, description, "intervalSec", enabled, "createdAt", "updatedAt") VALUES ('diag-mode-expiry', 'Diagnostic Mode Expiry', 'Clears the diagModeUntil flag from thing.metadata once the corresponding thing_diag_mode_window has ended. Runs every minute; mutations are atomic per thing (no batch transaction).', 60, true, '2026-05-08 14:46:38.163+00', '2026-05-16 02:48:53.135+00');
INSERT INTO public.job (id, name, description, "intervalSec", enabled, "createdAt", "updatedAt") VALUES ('user-identity-enrichment', 'User Identity Enrichment', 'Backfills user identity fields into recent traffic_event rows using IAM lookups.', 300, true, '2026-05-08 14:46:38.177+00', '2026-05-16 02:48:53.11+00');
INSERT INTO public.job (id, name, description, "intervalSec", enabled, "createdAt", "updatedAt") VALUES ('alerteval-engine', 'Alert Evaluator (Streaming)', 'Subscribes to MQ traffic + audit events under consumer group hub-alerting, maintains in-memory ring buffers per registered Aggregator, and evaluates threshold rules every tick (default 5s).', 10, true, '2026-05-08 14:46:38.175+00', '2026-05-16 02:48:53.128+00');
INSERT INTO public.job (id, name, description, "intervalSec", enabled, "createdAt", "updatedAt") VALUES ('stale-thing-sweep', 'Stale Thing Sweep', 'Marks Things offline when their last_seen_at exceeds the per-category threshold.', 30, true, '2026-05-08 14:46:38.184+00', '2026-05-16 02:48:53.104+00');
INSERT INTO public.job (id, name, description, "intervalSec", enabled, "createdAt", "updatedAt") VALUES ('rollup-correction', 'Rollup Correction', 'Recomputes rollups for T-1 (yesterday) to absorb late-arriving events. Re-runs every 5-minute bucket, then re-merges the 1h, 1d, and (on month boundary) 1mo layers.', 86400, true, '2026-05-08 14:46:38.172+00', '2026-05-16 02:48:53.119+00');
INSERT INTO public.job (id, name, description, "intervalSec", enabled, "createdAt", "updatedAt") VALUES ('ops-rollup-1d', 'Ops Metrics Rollup (1 day)', 'Aggregates metric_ops_rollup_1h into metric_ops_rollup_1d every hour. Sample-count-weighted averages; histograms merge element-wise. The fleet vs per-thing distinction (thing_id NULL vs not) is preserved from the 1h layer.', 3600, true, '2026-05-08 14:46:38.176+00', '2026-05-16 02:48:53.134+00');
INSERT INTO public.job (id, name, description, "intervalSec", enabled, "createdAt", "updatedAt") VALUES ('merge-1d', 'Rollup Merge (1 hour → 1 day)', 'Merges metric_rollup_1h into metric_rollup_1d every hour, catching up from the persisted watermark to the most recent sealed 1-day bucket.', 3600, true, '2026-05-08 14:46:38.167+00', '2026-05-16 02:48:53.138+00');
INSERT INTO public.job (id, name, description, "intervalSec", enabled, "createdAt", "updatedAt") VALUES ('metrics-rollup', 'Device Metrics Rollup', 'Aggregates device fleet status/OS and agent action volume into metric_rollup_1h every hour.', 3600, true, '2026-05-08 14:46:38.186+00', '2026-05-16 02:48:53.144+00');
INSERT INTO public.job (id, name, description, "intervalSec", enabled, "createdAt", "updatedAt") VALUES ('merge-1h', 'Rollup Merge (5 minute → 1 hour)', 'Merges metric_rollup_5m into metric_rollup_1h every 5 minutes, catching up from the persisted watermark to the most recent sealed 1-hour bucket.', 300, true, '2026-05-08 14:46:38.171+00', '2026-05-16 02:48:53.111+00');
INSERT INTO public.job (id, name, description, "intervalSec", enabled, "createdAt", "updatedAt") VALUES ('exemption-gc', 'Active Exemption Garbage Collection', 'Fires a Cat B invalidate signal when compliance exemption grants have recently expired so compliance-proxy refreshes its in-memory view without waiting for the next admin mutation.', 300, true, '2026-05-08 14:46:38.191+00', '2026-05-16 02:48:53.106+00');
INSERT INTO public.job (id, name, description, "intervalSec", enabled, "createdAt", "updatedAt") VALUES ('override-expiry', 'Override Expiry', 'Clears thing_config_override rows past their expires_at.', 60, true, '2026-05-08 14:46:38.189+00', '2026-05-16 02:48:53.142+00');
INSERT INTO public.job (id, name, description, "intervalSec", enabled, "createdAt", "updatedAt") VALUES ('quota-alert-check', 'Quota Alert Check', 'Evaluates current-month cost usage against QuotaOverride and QuotaPolicy cost limits every minute and raises quota.threshold alerts when usage crosses configured thresholds; auto-resolves with 2pp hysteresis once usage falls back.', 60, true, '2026-05-08 14:46:38.192+00', '2026-05-16 02:48:53.126+00');
INSERT INTO public.job (id, name, description, "intervalSec", enabled, "createdAt", "updatedAt") VALUES ('provider-health-rollup', 'Provider Health Rollup', 'Recomputes ProviderHealth (error rate, avg latency, sample count, status) from traffic_event over a 30-minute rolling window. Replaces the AI Gateway in-process HealthTracker DB flush.', 300, true, '2026-05-08 14:46:38.174+00', '2026-05-16 02:48:53.108+00');
INSERT INTO public.job (id, name, description, "intervalSec", enabled, "createdAt", "updatedAt") VALUES ('ops-rollup-1h', 'Ops Metrics Rollup (1 hour)', 'Aggregates metric_ops_rollup_5m into metric_ops_rollup_1h every 5 minutes. Sample-count-weighted averages; histograms merge element-wise. The fleet vs per-thing distinction (thing_id NULL vs not) is preserved from the 5m layer.', 300, true, '2026-05-08 14:46:38.173+00', '2026-05-16 02:48:53.133+00');
INSERT INTO public.job (id, name, description, "intervalSec", enabled, "createdAt", "updatedAt") VALUES ('ops-rollup-5m', 'Ops Metrics Rollup (5 minute)', 'Aggregates metric_ops_raw into metric_ops_rollup_5m every minute. Services keep per-instance rows; agents keep per-instance rows only when in diagnostic mode for the bucket and otherwise collapse into a single fleet-aggregate row (thing_id IS NULL) per metric+dimension. The 1h/1d/1mo tiers cascade from this 5m layer.', 60, true, '2026-05-08 14:46:38.173+00', '2026-05-16 02:48:53.133+00');
INSERT INTO public.job (id, name, description, "intervalSec", enabled, "createdAt", "updatedAt") VALUES ('ops-raw-partition', 'Ops Raw Partition Maintenance', 'Maintains the daily RANGE partitions of metric_ops_raw: pre-creates upcoming day partitions and DROPs partitions older than the configured retention horizon (NEXUS_HUB_SCHEDULER_OPS_RAW_DAYS, default 30 days). Replaces the chunked row-by-row DELETE for raw ops-metric samples — dropping a whole-day partition is an O(1) metadata operation.', 21600, true, '2026-05-08 14:46:38.173+00', '2026-05-16 02:48:53.133+00');
INSERT INTO public.job (id, name, description, "intervalSec", enabled, "createdAt", "updatedAt") VALUES ('thing-merge-1mo', 'Per-Thing Rollup Merge (1 day → 1 month)', 'Merges thing_metric_rollup_1d into thing_metric_rollup_1mo daily with calendar-month bucket boundaries.', 86400, true, '2026-05-13 10:54:32.703+00', '2026-05-16 02:48:53.125+00');
INSERT INTO public.job (id, name, description, "intervalSec", enabled, "createdAt", "updatedAt") VALUES ('passthrough.expiry', 'Passthrough Expiry Auto-Revert', 'Flips enabled=false on emergency-passthrough rows whose expires_at has passed across global/adapter/provider tiers.', 60, true, '2026-05-13 14:37:36.569+00', '2026-05-16 02:48:53.127+00');
INSERT INTO public.job (id, name, description, "intervalSec", enabled, "createdAt", "updatedAt") VALUES ('audit-freshness-check', 'Audit Pipeline Freshness Check', 'Alerts when traffic_event hasn''t seen new rows within the configured threshold.', 60, true, '2026-05-14 10:36:46.952+00', '2026-05-16 02:48:53.129+00');
INSERT INTO public.job (id, name, description, "intervalSec", enabled, "createdAt", "updatedAt") VALUES ('thing-rollup-5m', 'Per-Thing Traffic Rollup (5 minute)', 'Aggregates traffic_event rows with thing_id into thing_metric_rollup_5m every minute, mirroring rollup-5m but keyed by (thing_id, metric, dim, sub-dim).', 60, true, '2026-05-13 10:54:32.7+00', '2026-05-16 02:48:53.098+00');
INSERT INTO public.job (id, name, description, "intervalSec", enabled, "createdAt", "updatedAt") VALUES ('thing-merge-1h', 'Per-Thing Rollup Merge (5 minute → 1 hour)', 'Merges thing_metric_rollup_5m into thing_metric_rollup_1h every 5 minutes, mirroring merge-1h.', 300, true, '2026-05-13 10:54:32.727+00', '2026-05-16 02:48:53.099+00');
INSERT INTO public.job (id, name, description, "intervalSec", enabled, "createdAt", "updatedAt") VALUES ('credential-stale-alerts', 'Credential Stale Last-Success Alerts', 'Polls Credential.lastSuccessAt for enabled credentials and raises credential.stale_last_success alerts when no successful use in params.staleAfterDays. Auto-resolves once a credential is used successfully again.', 3600, true, '2026-05-08 14:46:38.179+00', '2026-05-16 02:48:53.107+00');
INSERT INTO public.job (id, name, description, "intervalSec", enabled, "createdAt", "updatedAt") VALUES ('thing-merge-1d', 'Per-Thing Rollup Merge (1 hour → 1 day)', 'Merges thing_metric_rollup_1h into thing_metric_rollup_1d every hour, mirroring merge-1d.', 3600, true, '2026-05-13 10:54:32.701+00', '2026-05-16 02:48:53.113+00');
INSERT INTO public.job (id, name, description, "intervalSec", enabled, "createdAt", "updatedAt") VALUES ('smart-group-recompute', 'Smart Group Membership Recompute', 'E52-S2: re-evaluates every smart DeviceGroup''s membership_query against the current device fleet and replaces the device_group_membership_cache rows. Runs every 60s as a safety net; heartbeat-driven recomputes handle the steady-state.', 60, true, '2026-05-14 10:36:46.978+00', '2026-05-16 02:48:53.131+00');
INSERT INTO public.job (id, name, description, "intervalSec", enabled, "createdAt", "updatedAt") VALUES ('credential-expiry', 'Credential Expiry Check', 'Advances rotationState to ''pending_rotation'' and raises credential.expiring alerts for credentials approaching their expiresAt. Raises CRITICAL alerts for overdue credentials (no auto-disable). Auto-resolves once a credential is no longer in the expiring set.', 3600, true, '2026-05-10 16:08:54.305+00', '2026-05-16 02:48:53.136+00');
INSERT INTO public.job (id, name, description, "intervalSec", enabled, "createdAt", "updatedAt") VALUES ('credential-circuit-flush', 'Credential Circuit Flush', 'Drains cred:circuit:dirty into Credential.circuit* columns. Uses an in-flight working set for at-least-once delivery. Rehydrates Redis from DB on first run after restart. See docs/developers/architecture/control-plane/credentials-architecture.md.', 30, true, '2026-05-13 04:21:03.036+00', '2026-05-16 02:48:53.14+00');
INSERT INTO public.job (id, name, description, "intervalSec", enabled, "createdAt", "updatedAt") VALUES ('siem-bridge', 'SIEM Bridge', 'Polls traffic_event and AdminAuditLog for new rows, classifies them, and forwards them to the configured SIEM sink. Checkpoints are persisted in system_metadata.', 30, true, '2026-05-13 04:21:03.056+00', '2026-05-16 02:48:53.141+00');
INSERT INTO public.job (id, name, description, "intervalSec", enabled, "createdAt", "updatedAt") VALUES ('credential-stats-flush', 'Credential Stats Flush', 'Drains per-credential usage counters and timestamps from Redis into the Credential table. Runs frequently to keep lastUsedAt, lastSuccessAt, lastFailureAt, and totalUsageCount up to date without high-frequency concurrent DB writes.', 60, true, '2026-05-11 06:30:58.606+00', '2026-05-16 02:48:53.115+00');
INSERT INTO public.job (id, name, description, "intervalSec", enabled, "createdAt", "updatedAt") VALUES ('credential-reliability-alerts', 'Credential Reliability Alerts', 'Raises credential.circuit_open, credential.health_unavailable, and credential.health_degraded_sustained alerts from the persisted reliability state on the Credential table. See docs/developers/architecture/control-plane/credentials-architecture.md.', 60, true, '2026-05-13 04:21:03.037+00', '2026-05-16 02:48:53.116+00');
INSERT INTO public.job (id, name, description, "intervalSec", enabled, "createdAt", "updatedAt") VALUES ('credential-health-rollup', 'Credential Health Rollup', 'Computes per-credential health (healthy / degraded / unavailable / collecting / unknown), dominantError, and trend (improving / stable / degrading) from traffic_event over a short (5 min) and long (1 h) window. Persists to Credential.health* columns; only rows whose status changed update healthStatusChangedAt. See docs/developers/architecture/control-plane/credentials-architecture.md.', 300, true, '2026-05-13 04:21:03.062+00', '2026-05-16 02:48:53.122+00');
INSERT INTO public.job (id, name, description, "intervalSec", enabled, "createdAt", "updatedAt") VALUES ('credential-retire', 'Credential Retire', 'Advances credentials from retiring → retired (after drain window) and hard-deletes retired credentials past their retireAt date.', 3600, true, '2026-05-11 06:30:58.589+00', '2026-05-16 02:48:53.123+00');


ALTER TABLE public.job ENABLE TRIGGER ALL;

--
-- Data for Name: metric_ops_retention_config; Type: TABLE DATA; Schema: public; Owner: -
--

ALTER TABLE public.metric_ops_retention_config DISABLE TRIGGER ALL;

INSERT INTO public.metric_ops_retention_config (layer, retention_days, updated_at, updated_by) VALUES ('runtime_5m', 7, '2026-05-08 14:43:46.854983+00', NULL);
INSERT INTO public.metric_ops_retention_config (layer, retention_days, updated_at, updated_by) VALUES ('business_5m', 7, '2026-05-08 14:43:46.854983+00', NULL);
INSERT INTO public.metric_ops_retention_config (layer, retention_days, updated_at, updated_by) VALUES ('runtime_1h', 90, '2026-05-08 14:43:46.854983+00', NULL);
INSERT INTO public.metric_ops_retention_config (layer, retention_days, updated_at, updated_by) VALUES ('business_1h', 90, '2026-05-08 14:43:46.854983+00', NULL);
INSERT INTO public.metric_ops_retention_config (layer, retention_days, updated_at, updated_by) VALUES ('runtime_1d', 365, '2026-05-08 14:43:46.854983+00', NULL);
INSERT INTO public.metric_ops_retention_config (layer, retention_days, updated_at, updated_by) VALUES ('business_1d', 365, '2026-05-08 14:43:46.854983+00', NULL);
INSERT INTO public.metric_ops_retention_config (layer, retention_days, updated_at, updated_by) VALUES ('runtime_1mo', 1825, '2026-05-08 14:43:46.854983+00', NULL);
INSERT INTO public.metric_ops_retention_config (layer, retention_days, updated_at, updated_by) VALUES ('business_1mo', 1825, '2026-05-08 14:43:46.854983+00', NULL);
INSERT INTO public.metric_ops_retention_config (layer, retention_days, updated_at, updated_by) VALUES ('diag_warn', 30, '2026-05-08 14:43:46.854983+00', NULL);
INSERT INTO public.metric_ops_retention_config (layer, retention_days, updated_at, updated_by) VALUES ('diag_error', 180, '2026-05-08 14:43:46.854983+00', NULL);
INSERT INTO public.metric_ops_retention_config (layer, retention_days, updated_at, updated_by) VALUES ('diag_fatal', 365, '2026-05-08 14:43:46.854983+00', NULL);
INSERT INTO public.metric_ops_retention_config (layer, retention_days, updated_at, updated_by) VALUES ('diag_info', 14, '2026-05-13 16:22:46.811401+00', NULL);


ALTER TABLE public.metric_ops_retention_config ENABLE TRIGGER ALL;





--
-- Data for Name: rule_pack; Type: TABLE DATA; Schema: public; Owner: -
--

ALTER TABLE public.rule_pack DISABLE TRIGGER ALL;

INSERT INTO public.rule_pack (id, name, version, maintainer, description, signature, "createdAt") VALUES ('75cf6ec8-0035-4a44-9109-6d89b1dab920', 'nexus/content-safety', 'v1.0.0', 'nexus', 'Content-safety patterns across 5 restricted categories: violence, hate_speech, self_harm, sexual, illegal. Each rule emits `detector:content-safety`, `category:<name>`, and `severity:restricted` labels. Patterns are intentionally contextual (verb + target / how-to framing) to keep idiomatic business text — "kill the process", "attack the problem", "human trafficking survivor", "the book covers the Holocaust" — out of the match set. Severity defaults to `soft`; the P-E content-safety hook escalates via AI Guard when configured.', NULL, '2026-05-08 14:46:10.705+00');
INSERT INTO public.rule_pack (id, name, version, maintainer, description, signature, "createdAt") VALUES ('4c1db5f1-cb03-4150-ac50-e4be221f6005', 'nexus/jailbreak', 'v1.0.0', 'nexus', 'Known jailbreak families — DAN variants, developer-mode, grandma/research pretexts. Shares pattern substrings with nexus/prompt-injection but is shipped as a distinct pack so admins can enable/disable independently.', NULL, '2026-05-08 14:46:13.841+00');
INSERT INTO public.rule_pack (id, name, version, maintainer, description, signature, "createdAt") VALUES ('e63b835a-3b39-42be-8e7d-2d258d26f3f3', 'nexus/prompt-injection', 'v1.0.0', 'nexus', 'Nexus-curated prompt-injection patterns. Covers instruction override, role-play escapes, system-prompt leakage, delimiter confusion, and encoded-payload variants. Day-1 scope is conservative; tune FP after production telemetry.', NULL, '2026-05-08 14:46:16.212+00');
INSERT INTO public.rule_pack (id, name, version, maintainer, description, signature, "createdAt") VALUES ('d4143067-6079-486e-aca2-c61fd0d34335', 'nexus/secret-leak', 'v1.0.0', 'nexus', 'API key and credential patterns for common providers. Day-1 list covers AWS / GCP / Azure / OpenAI / Anthropic / GitHub / Stripe / Slack / SSH / JWT + an optional entropy-gated generic bearer pattern. All rules emit severity:restricted so the pipeline-level severity picker escalates.', NULL, '2026-05-08 14:46:17.793+00');
INSERT INTO public.rule_pack (id, name, version, maintainer, description, signature, "createdAt") VALUES ('34f93bac-06fa-4a46-860e-2bb18c5d5c8e', 'nexus/tool-call-safety', 'v1.0.0', 'nexus', 'Tool-call safety patterns for agent / function-calling traffic. Day-1 rules cover shell destructive ops, filesystem sensitive paths, SSRF (cloud metadata + RFC1918 + k8s service names), SQL injection heuristics, code-evaluation primitives, dangerous deserialization, destructive DB DDL, Kubernetes destructive verbs, and credential env-var exfiltration. All rules emit `detector:tool-call-safety` plus a finer `risk:` label so downstream policies can filter by risk class.', NULL, '2026-05-08 14:46:20.432+00');


ALTER TABLE public.rule_pack ENABLE TRIGGER ALL;

--
-- Data for Name: rule; Type: TABLE DATA; Schema: public; Owner: -
--

ALTER TABLE public.rule DISABLE TRIGGER ALL;

INSERT INTO public.rule (id, "packId", "ruleId", category, severity, pattern, flags, description, labels) VALUES ('10b3d614-e439-4a2c-87e6-e7bbb48f0cc4', '75cf6ec8-0035-4a44-9109-6d89b1dab920', 'cs-v-001', 'content_safety.violence', 'soft', '(?i)\b(?:how\s+(?:to|do\s+i)|best\s+way\s+to)\s+(?:murder|assassinate|kill)\s+(?:a\s+person|someone|him|her|them)\b', NULL, 'How-to framing targeting a human (excludes "kill the process" idiom).', '{detector:content-safety,category:violence,severity:restricted}');
INSERT INTO public.rule (id, "packId", "ruleId", category, severity, pattern, flags, description, labels) VALUES ('6842cb99-ddfa-4f13-b972-f1cc724069fd', '75cf6ec8-0035-4a44-9109-6d89b1dab920', 'cs-v-002', 'content_safety.violence', 'soft', '(?i)\b(?:bomb|explosive|ied|pipe\s+bomb)\s+(?:making|construction|build(?:ing)?|recipe|instructions?)\b', NULL, 'Weapon / explosive construction how-to.', '{detector:content-safety,category:violence,severity:restricted}');
INSERT INTO public.rule (id, "packId", "ruleId", category, severity, pattern, flags, description, labels) VALUES ('97efee7a-c743-43b0-910d-60099e3b0be3', '75cf6ec8-0035-4a44-9109-6d89b1dab920', 'cs-v-003', 'content_safety.violence', 'soft', '(?i)\b(?:shoot|stab|strangle|poison|behead)\s+(?:them|him|her|the\s+(?:victim|target|family|children))\b', NULL, 'Physical-harm verb directed at a human target.', '{detector:content-safety,category:violence,severity:restricted}');
INSERT INTO public.rule (id, "packId", "ruleId", category, severity, pattern, flags, description, labels) VALUES ('cc03d78a-5428-4964-b55a-f3ee6b9e30be', '75cf6ec8-0035-4a44-9109-6d89b1dab920', 'cs-v-004', 'content_safety.violence', 'soft', '(?i)\b(?:carry\s+out|plan|organize|execute)\s+(?:a\s+)?(?:massacre|genocide|ethnic\s+cleansing|mass\s+shooting)\b', NULL, 'Mass / group violence planning.', '{detector:content-safety,category:violence,severity:restricted}');
INSERT INTO public.rule (id, "packId", "ruleId", category, severity, pattern, flags, description, labels) VALUES ('e339d732-99ee-4468-b5b7-ea94b1e1b32a', '75cf6ec8-0035-4a44-9109-6d89b1dab920', 'cs-v-005', 'content_safety.violence', 'warn', '(?i)\b(?:torture|maim|mutilate|dismember)\s+(?:them|him|her|the\s+(?:victim|prisoner|hostage))\b', NULL, 'Torture / mutilation directed at a human target.', '{detector:content-safety,category:violence,severity:restricted}');
INSERT INTO public.rule (id, "packId", "ruleId", category, severity, pattern, flags, description, labels) VALUES ('8e5dd18a-2eef-4e1c-8d82-d8a115900ffb', '75cf6ec8-0035-4a44-9109-6d89b1dab920', 'cs-h-001', 'content_safety.hate_speech', 'soft', '(?i)\b(?:tell\s+me|give\s+me|list)\s+(?:a\s+)?(?:racial|ethnic|homophobic|transphobic)\s+slurs?\b', NULL, 'Direct request for slur enumeration.', '{detector:content-safety,category:hate_speech,severity:restricted}');
INSERT INTO public.rule (id, "packId", "ruleId", category, severity, pattern, flags, description, labels) VALUES ('6434e93d-a0d3-4083-abcf-0dcc453a1719', '75cf6ec8-0035-4a44-9109-6d89b1dab920', 'cs-h-002', 'content_safety.hate_speech', 'soft', '(?i)\b(?:[a-z]+s?)\s+(?:are|is)\s+(?:an?\s+)?inferior\s+(?:race|ethnicity|species|people|group)\b', NULL, 'Dehumanization framed as biological / inherent inferiority.', '{detector:content-safety,category:hate_speech,severity:restricted}');
INSERT INTO public.rule (id, "packId", "ruleId", category, severity, pattern, flags, description, labels) VALUES ('0677f2f1-5769-45d4-9a35-cb0f14e0cc65', '75cf6ec8-0035-4a44-9109-6d89b1dab920', 'cs-h-003', 'content_safety.hate_speech', 'warn', '(?i)\b(?:white\s+power|white\s+supremac(?:y|ist)|14\s*words|sieg\s+heil|blood\s+and\s+soil)\b', NULL, 'Supremacist / neo-nazi slogan markers.', '{detector:content-safety,category:hate_speech,severity:restricted}');
INSERT INTO public.rule (id, "packId", "ruleId", category, severity, pattern, flags, description, labels) VALUES ('5c971fc9-750e-455b-9504-8b72b0572669', '75cf6ec8-0035-4a44-9109-6d89b1dab920', 'cs-h-004', 'content_safety.hate_speech', 'soft', '(?i)\b(?:deport|expel|remove|exterminate)\s+(?:all\s+)?(?:the\s+)?(?:jews|muslims|blacks|gays|immigrants|migrants)\b', NULL, 'Group expulsion / extermination rhetoric.', '{detector:content-safety,category:hate_speech,severity:restricted}');
INSERT INTO public.rule (id, "packId", "ruleId", category, severity, pattern, flags, description, labels) VALUES ('6aca553d-622a-406a-b845-d8cc9347895a', '75cf6ec8-0035-4a44-9109-6d89b1dab920', 'cs-h-005', 'content_safety.hate_speech', 'soft', '(?i)\b(?:the\s+)?holocaust\s+(?:didn''?t\s+happen|never\s+happened|is\s+(?:a\s+)?(?:lie|hoax|myth|fake|fabrication)|was\s+(?:faked|fabricated|made\s+up))\b', NULL, 'Holocaust-denial assertion (does NOT match neutral references like "the book discusses the Holocaust").', '{detector:content-safety,category:hate_speech,severity:restricted}');
INSERT INTO public.rule (id, "packId", "ruleId", category, severity, pattern, flags, description, labels) VALUES ('32a5d063-bc98-478b-8a21-a605eea679c4', '75cf6ec8-0035-4a44-9109-6d89b1dab920', 'cs-sh-001', 'content_safety.self_harm', 'soft', '(?i)\b(?:how\s+(?:to|do\s+i)|best\s+way\s+to|easiest\s+way\s+to)\s+(?:commit\s+suicide|kill\s+myself|end\s+my\s+(?:life|existence))\b', NULL, 'Direct suicide how-to request.', '{detector:content-safety,category:self_harm,severity:restricted}');
INSERT INTO public.rule (id, "packId", "ruleId", category, severity, pattern, flags, description, labels) VALUES ('d4fc866a-2642-4f6c-96c6-b953a941d057', '75cf6ec8-0035-4a44-9109-6d89b1dab920', 'cs-sh-002', 'content_safety.self_harm', 'soft', '(?i)\b(?:instructions?|guide|tutorial|methods?)\s+for\s+self[-\s]?harm(?:ing)?\b', NULL, 'Self-harm instruction request.', '{detector:content-safety,category:self_harm,severity:restricted}');
INSERT INTO public.rule (id, "packId", "ruleId", category, severity, pattern, flags, description, labels) VALUES ('b60be980-e8e0-4c92-a9d4-4377c1cb8b32', '75cf6ec8-0035-4a44-9109-6d89b1dab920', 'cs-sh-003', 'content_safety.self_harm', 'soft', '(?i)\boverdose\s+(?:on\s+\w+\s+(?:to|so\s+i)\s+die|and\s+(?:die|end\s+it))\b', NULL, 'Overdose-to-die request (does NOT match "the overdose epidemic").', '{detector:content-safety,category:self_harm,severity:restricted}');
INSERT INTO public.rule (id, "packId", "ruleId", category, severity, pattern, flags, description, labels) VALUES ('21e0f3af-ac61-416c-8a16-4bfcb6b73a15', '75cf6ec8-0035-4a44-9109-6d89b1dab920', 'cs-sh-004', 'content_safety.self_harm', 'warn', '(?i)\b(?:pro[-\s]?ana|pro[-\s]?mia|thinspo|meanspo|bonespo)\b', NULL, 'Pro-anorexia / pro-bulimia community markers.', '{detector:content-safety,category:self_harm,severity:restricted}');
INSERT INTO public.rule (id, "packId", "ruleId", category, severity, pattern, flags, description, labels) VALUES ('54ce5378-b5b0-4b6f-8c5d-8ed8c47066e5', '75cf6ec8-0035-4a44-9109-6d89b1dab920', 'cs-sh-005', 'content_safety.self_harm', 'soft', '(?i)\b(?:cut|burn|hurt)\s+myself\s+(?:to|so\s+(?:i|that))\s+(?:die|bleed\s+out|feel\s+(?:something|alive))\b', NULL, 'First-person self-injury intent statement.', '{detector:content-safety,category:self_harm,severity:restricted}');
INSERT INTO public.rule (id, "packId", "ruleId", category, severity, pattern, flags, description, labels) VALUES ('19ee7896-5123-444c-a94e-3caafa866120', '75cf6ec8-0035-4a44-9109-6d89b1dab920', 'cs-sh-006', 'content_safety.self_harm', 'warn', '(?i)\b(?:lethal|fatal|effective)\s+(?:dose|dosage|amount)\s+of\s+(?:tylenol|acetaminophen|paracetamol|aspirin|insulin|fentanyl|opioids?)\s+(?:to|for)\s+(?:die|kill\s+(?:myself|me)|suicide|overdose)\b', NULL, 'Lethal-dose query for known overdose vectors.', '{detector:content-safety,category:self_harm,severity:restricted}');
INSERT INTO public.rule (id, "packId", "ruleId", category, severity, pattern, flags, description, labels) VALUES ('a7e32cd3-ceb6-4397-b423-97f0d4504af9', '75cf6ec8-0035-4a44-9109-6d89b1dab920', 'cs-x-001', 'content_safety.sexual', 'soft', '(?i)\b(?:child|minor|underage|preteen|teen(?:age)?\s+girl|teen(?:age)?\s+boy)\s+(?:sex|sexual|porn|nude|naked|erotic)\b', NULL, 'Minor + sexual context (CSAM proximity).', '{detector:content-safety,category:sexual,severity:restricted}');
INSERT INTO public.rule (id, "packId", "ruleId", category, severity, pattern, flags, description, labels) VALUES ('f77c0d1d-5afe-40e8-a4b5-efc81e279086', '75cf6ec8-0035-4a44-9109-6d89b1dab920', 'cs-x-002', 'content_safety.sexual', 'soft', '(?i)\b(?:rape|non[-\s]?consensual\s+(?:sex|intercourse|act)|forced\s+(?:sex|intercourse))\s+(?:fantas(?:y|ies)|story|stories|scenario|roleplay)\b', NULL, 'Non-consensual sexual content as narrative request.', '{detector:content-safety,category:sexual,severity:restricted}');
INSERT INTO public.rule (id, "packId", "ruleId", category, severity, pattern, flags, description, labels) VALUES ('e20ffc39-e8df-4f87-a89e-b3de69d23321', '75cf6ec8-0035-4a44-9109-6d89b1dab920', 'cs-x-003', 'content_safety.sexual', 'warn', '(?i)\b(?:write|describe|generate)\s+(?:a\s+)?(?:graphic|explicit|hardcore|pornographic)\s+(?:sex\s+scene|sexual\s+(?:scene|encounter|description))\b', NULL, 'Graphic pornographic generation request.', '{detector:content-safety,category:sexual,severity:restricted}');
INSERT INTO public.rule (id, "packId", "ruleId", category, severity, pattern, flags, description, labels) VALUES ('609769f7-1a01-449d-8f30-c60a41cf0d6b', '75cf6ec8-0035-4a44-9109-6d89b1dab920', 'cs-x-004', 'content_safety.sexual', 'soft', '(?i)\b(?:revenge\s+porn|leak(?:ed)?\s+nudes?|share\s+(?:her|his|their)\s+(?:nudes?|intimate\s+(?:photos?|videos?))\s+without\s+consent)\b', NULL, 'Revenge-porn / non-consensual intimate-image distribution.', '{detector:content-safety,category:sexual,severity:restricted}');
INSERT INTO public.rule (id, "packId", "ruleId", category, severity, pattern, flags, description, labels) VALUES ('8178a374-c098-432b-836c-0933bdef9798', '75cf6ec8-0035-4a44-9109-6d89b1dab920', 'cs-x-005', 'content_safety.sexual', 'soft', '(?i)\b(?:bestiality|zoophilia|sex\s+with\s+(?:a\s+)?(?:dog|horse|animal))\b', NULL, 'Bestiality content markers.', '{detector:content-safety,category:sexual,severity:restricted}');
INSERT INTO public.rule (id, "packId", "ruleId", category, severity, pattern, flags, description, labels) VALUES ('571793cc-2bd2-4104-88c6-a726363e77de', '75cf6ec8-0035-4a44-9109-6d89b1dab920', 'cs-x-006', 'content_safety.sexual', 'soft', '(?i)\b(?:incest(?:uous)?|sex\s+with\s+(?:my|her|his)\s+(?:sister|brother|mother|father|daughter|son))\s+(?:story|stories|fantas(?:y|ies)|roleplay)\b', NULL, 'Incest narrative request.', '{detector:content-safety,category:sexual,severity:restricted}');
INSERT INTO public.rule (id, "packId", "ruleId", category, severity, pattern, flags, description, labels) VALUES ('2918df56-1f64-4b89-8efc-a65f98f3079b', '75cf6ec8-0035-4a44-9109-6d89b1dab920', 'cs-i-001', 'content_safety.illegal', 'soft', '(?i)\b(?:how\s+(?:to|do\s+i)|step[-\s]?by[-\s]?step)\s+(?:synthesi[sz]e|cook|make|manufacture)\s+(?:meth(?:amphetamine)?|fentanyl|heroin|cocaine|crack|mdma|lsd)\b', NULL, 'Drug synthesis how-to.', '{detector:content-safety,category:illegal,severity:restricted}');
INSERT INTO public.rule (id, "packId", "ruleId", category, severity, pattern, flags, description, labels) VALUES ('cd9c729e-f5f6-46f9-ae55-31b9aba38543', '75cf6ec8-0035-4a44-9109-6d89b1dab920', 'cs-i-002', 'content_safety.illegal', 'soft', '(?i)\bhuman\s+trafficking\s+(?:routes?|networks?|operation|ring|methods?|how\s+to)\b', NULL, 'Human-trafficking operational discussion (does NOT match "human trafficking survivor / awareness / hotline").', '{detector:content-safety,category:illegal,severity:restricted}');
INSERT INTO public.rule (id, "packId", "ruleId", category, severity, pattern, flags, description, labels) VALUES ('85014e96-7c8c-4cbc-b0f6-2f1391210037', '75cf6ec8-0035-4a44-9109-6d89b1dab920', 'cs-i-003', 'content_safety.illegal', 'soft', '(?i)\b(?:how\s+(?:to|do\s+i)|best\s+(?:way|method)\s+(?:to|for))\s+(?:launder(?:ing)?\s+money|money\s+laundering|hide\s+(?:cash|funds)\s+from\s+(?:the\s+)?(?:irs|tax\s+authorities))\b', NULL, 'Money-laundering how-to request.', '{detector:content-safety,category:illegal,severity:restricted}');
INSERT INTO public.rule (id, "packId", "ruleId", category, severity, pattern, flags, description, labels) VALUES ('88599127-926f-4514-b77f-066f940ddc22', '75cf6ec8-0035-4a44-9109-6d89b1dab920', 'cs-i-004', 'content_safety.illegal', 'soft', '(?i)\b(?:how\s+(?:to|do\s+i)|guide\s+(?:to|for))\s+(?:counterfeit(?:ing)?|forg(?:e|ing|ery))\s+(?:a\s+)?(?:passport|driver''?s?\s+licen[sc]e|id\s+card|currency|bank\s*notes?|us\s+dollars?)\b', NULL, 'Counterfeit document / currency how-to.', '{detector:content-safety,category:illegal,severity:restricted}');
INSERT INTO public.rule (id, "packId", "ruleId", category, severity, pattern, flags, description, labels) VALUES ('46fc1115-e982-4bd7-84d4-9a6f0fc7c7ec', '75cf6ec8-0035-4a44-9109-6d89b1dab920', 'cs-i-005', 'content_safety.illegal', 'soft', '(?i)\b(?:dark[-\s]?(?:web|net)|silk\s+road|dread\s+forum|alphabay)\s+(?:market(?:place)?|listing|vendor|onion\s+(?:link|url|address)|drug\s+market)\b', NULL, 'Dark-web marketplace / vendor lookup.', '{detector:content-safety,category:illegal,severity:restricted}');
INSERT INTO public.rule (id, "packId", "ruleId", category, severity, pattern, flags, description, labels) VALUES ('be84a6fe-f1f4-465f-a284-6ee09408c035', '4c1db5f1-cb03-4150-ac50-e4be221f6005', 'jb-dan-001', 'jailbreak.dan', 'hard', '(?i)\bDAN\b.{0,80}(do\s+anything\s+now|no\s+restrictions|unrestricted)', NULL, 'Classic DAN jailbreak pattern.', '{detector:jailbreak,attack:dan}');
INSERT INTO public.rule (id, "packId", "ruleId", category, severity, pattern, flags, description, labels) VALUES ('ef80f145-3065-43f9-9c88-545944fbb3ce', '4c1db5f1-cb03-4150-ac50-e4be221f6005', 'jb-dan-002', 'jailbreak.dan', 'hard', '(?i)you\s+are\s+DAN,\s+which\s+stands\s+for', NULL, NULL, '{detector:jailbreak,attack:dan}');
INSERT INTO public.rule (id, "packId", "ruleId", category, severity, pattern, flags, description, labels) VALUES ('a4b8d963-94a0-4795-9c07-15de8a034c66', '4c1db5f1-cb03-4150-ac50-e4be221f6005', 'jb-dan-003', 'jailbreak.dan', 'hard', '(?i)(stay\s+in\s+character\s+as\s+DAN|DAN\s+mode\s+(enabled|on))', NULL, NULL, '{detector:jailbreak,attack:dan}');
INSERT INTO public.rule (id, "packId", "ruleId", category, severity, pattern, flags, description, labels) VALUES ('bc0ea724-9d32-42aa-823b-4756250a24e4', '4c1db5f1-cb03-4150-ac50-e4be221f6005', 'jb-gm-001', 'jailbreak.grandma', 'hard', '(?i)my\s+(grandma|grandmother|grandpa|grandfather)\s+used\s+to\s+(read|recite|tell)\s+me\s+(the\s+)?(recipes?|formulas?|keys?|passwords?|instructions?)', NULL, 'Grandma pretext exploit.', '{detector:jailbreak,attack:grandma}');
INSERT INTO public.rule (id, "packId", "ruleId", category, severity, pattern, flags, description, labels) VALUES ('6c5724d9-9415-49f9-a656-c970d972b5b2', '4c1db5f1-cb03-4150-ac50-e4be221f6005', 'jb-re-001', 'jailbreak.research', 'soft', '(?i)for\s+(academic|research|educational)\s+(purposes?|only),?\s+(tell\s+me|explain|describe)\s+how\s+to', NULL, NULL, '{detector:jailbreak,attack:research-pretext}');
INSERT INTO public.rule (id, "packId", "ruleId", category, severity, pattern, flags, description, labels) VALUES ('8c4ddfce-8640-4f9e-bff0-c9848ddb39b9', '4c1db5f1-cb03-4150-ac50-e4be221f6005', 'jb-re-002', 'jailbreak.research', 'soft', '(?i)i\s+am\s+a\s+(researcher|security\s+professional|red\s+teamer|penetration\s+tester)\s+and\s+(i\s+need|i\''?m\s+testing)', NULL, NULL, '{detector:jailbreak,attack:research-pretext}');
INSERT INTO public.rule (id, "packId", "ruleId", category, severity, pattern, flags, description, labels) VALUES ('911d742d-8dc4-466e-89b6-0e42029f164a', '4c1db5f1-cb03-4150-ac50-e4be221f6005', 'jb-ts-001', 'jailbreak.smuggle', 'soft', '(?i)h\W*o\W*w\W+t\W*o\W+(make|build|create)\W+(a\s+)?(bomb|weapon|explosive|poison)', NULL, 'Obfuscated how-to-harm via inserted delimiters.', '{detector:jailbreak,attack:smuggle}');
INSERT INTO public.rule (id, "packId", "ruleId", category, severity, pattern, flags, description, labels) VALUES ('735fac4e-4455-4b9e-9d0f-09348207ec0c', '4c1db5f1-cb03-4150-ac50-e4be221f6005', 'jb-dm-001', 'jailbreak.developer_mode', 'hard', '(?i)(activate|enable|engage|enter)\s+(chatgpt\s+)?(developer|dev|dan|godmode|maker)\s+mode', NULL, NULL, '{detector:jailbreak,attack:developer-mode}');
INSERT INTO public.rule (id, "packId", "ruleId", category, severity, pattern, flags, description, labels) VALUES ('911e6e4c-e49b-4cfa-b81f-d92f1662ab10', '4c1db5f1-cb03-4150-ac50-e4be221f6005', 'jb-dm-002', 'jailbreak.developer_mode', 'hard', '(?i)(developer|dev)\s+mode.{0,40}(can|will|must)\s+(generate|produce|write|say)\s+(anything|any\s+content)', NULL, NULL, '{detector:jailbreak,attack:developer-mode}');
INSERT INTO public.rule (id, "packId", "ruleId", category, severity, pattern, flags, description, labels) VALUES ('7e3736e5-9a9f-42bc-ad5c-cb695cd512fa', '4c1db5f1-cb03-4150-ac50-e4be221f6005', 'jb-hs-001', 'jailbreak.hypothetical', 'soft', '(?i)(hypothetically|in\s+a\s+fictional|in\s+a\s+story|for\s+a\s+novel),?\s+(how\s+would|describe|explain)', NULL, NULL, '{detector:jailbreak,attack:hypothetical}');
INSERT INTO public.rule (id, "packId", "ruleId", category, severity, pattern, flags, description, labels) VALUES ('9f876ba1-51fa-4072-8c5a-4ce5014eeec9', '4c1db5f1-cb03-4150-ac50-e4be221f6005', 'jb-od-001', 'jailbreak.negation', 'soft', '(?i)(opposite\s+day|do\s+the\s+opposite\s+of|say\s+yes\s+to\s+everything)', NULL, NULL, '{detector:jailbreak,attack:negation}');
INSERT INTO public.rule (id, "packId", "ruleId", category, severity, pattern, flags, description, labels) VALUES ('768106cb-6384-44c4-863b-12c75ac1de08', '4c1db5f1-cb03-4150-ac50-e4be221f6005', 'jb-et-001', 'jailbreak.evil_twin', 'hard', '(?i)(you\s+have\s+an?\s+(evil|dark|shadow)\s+twin|act\s+as\s+if\s+you\s+were\s+(evil|malicious|uncensored))', NULL, NULL, '{detector:jailbreak,attack:evil-twin}');
INSERT INTO public.rule (id, "packId", "ruleId", category, severity, pattern, flags, description, labels) VALUES ('62744c78-fab0-4285-8e2f-654ad2e8fced', '4c1db5f1-cb03-4150-ac50-e4be221f6005', 'jb-rv-001', 'jailbreak.reveal', 'warn', '(?i)(nothing\s+is\s+off\s+limits|all\s+topics\s+are\s+allowed|there\s+are\s+no\s+restrictions)', NULL, NULL, '{detector:jailbreak,attack:reveal-conditioning}');
INSERT INTO public.rule (id, "packId", "ruleId", category, severity, pattern, flags, description, labels) VALUES ('9568058e-a05e-4e35-9176-59c537b93ed1', '4c1db5f1-cb03-4150-ac50-e4be221f6005', 'jb-fm-001', 'jailbreak.format', 'soft', '(?i)respond\s+(only\s+)?in\s+(base64|hex|leet|rot13|backwards)', NULL, NULL, '{detector:jailbreak,attack:format-override}');
INSERT INTO public.rule (id, "packId", "ruleId", category, severity, pattern, flags, description, labels) VALUES ('8bcb21d4-4527-4a97-b71b-db50228c62e9', 'e63b835a-3b39-42be-8e7d-2d258d26f3f3', 'pi-io-001', 'prompt_injection.instruction_override', 'hard', '(?i)ignore\s+(all\s+|every\s+)?(previous|earlier|above|prior)\s+(instructions?|rules?|prompts?)', NULL, 'Classic instruction-override preamble.', '{detector:prompt-injection,attack:instruction-override}');
INSERT INTO public.rule (id, "packId", "ruleId", category, severity, pattern, flags, description, labels) VALUES ('516fa7a6-2d17-4d96-8383-ca9dfc7da7cb', 'e63b835a-3b39-42be-8e7d-2d258d26f3f3', 'pi-io-002', 'prompt_injection.instruction_override', 'hard', '(?i)disregard\s+(all\s+)?(previous|earlier)\s+(instructions?|rules?)', NULL, NULL, '{detector:prompt-injection,attack:instruction-override}');
INSERT INTO public.rule (id, "packId", "ruleId", category, severity, pattern, flags, description, labels) VALUES ('05c1737e-2e4c-404a-a22b-90cae3b47ca8', 'e63b835a-3b39-42be-8e7d-2d258d26f3f3', 'pi-io-003', 'prompt_injection.instruction_override', 'hard', '(?i)forget\s+(everything|all)\s+(you\s+were\s+told|above|before)', NULL, NULL, '{detector:prompt-injection,attack:instruction-override}');
INSERT INTO public.rule (id, "packId", "ruleId", category, severity, pattern, flags, description, labels) VALUES ('5bdd40c9-580d-4926-888f-b0b95bcae9a8', 'e63b835a-3b39-42be-8e7d-2d258d26f3f3', 'pi-io-004', 'prompt_injection.instruction_override', 'soft', '(?i)(you\s+are\s+now|from\s+now\s+on)\s+(a|an)\s+[a-z ]+(that\s+)?(?:can|will|must)', NULL, 'Role reassignment to a permissive persona.', '{detector:prompt-injection,attack:role-reassignment}');
INSERT INTO public.rule (id, "packId", "ruleId", category, severity, pattern, flags, description, labels) VALUES ('61c8892e-9517-46b3-b468-6c708f88d69f', 'e63b835a-3b39-42be-8e7d-2d258d26f3f3', 'pi-sp-001', 'prompt_injection.system_leak', 'hard', '(?i)(print|reveal|show|display|output)\s+(your\s+)?(system\s+prompt|initial\s+instructions?|system\s+message)', NULL, NULL, '{detector:prompt-injection,attack:system-leak}');
INSERT INTO public.rule (id, "packId", "ruleId", category, severity, pattern, flags, description, labels) VALUES ('c4574303-4958-452a-8ed8-78bde04d9497', 'e63b835a-3b39-42be-8e7d-2d258d26f3f3', 'pi-sp-002', 'prompt_injection.system_leak', 'hard', '(?i)(what\s+are|tell\s+me)\s+your\s+(initial|original|system)\s+(instructions?|prompts?|rules?)', NULL, NULL, '{detector:prompt-injection,attack:system-leak}');
INSERT INTO public.rule (id, "packId", "ruleId", category, severity, pattern, flags, description, labels) VALUES ('335d0409-57a7-489a-919b-abf036551a50', 'e63b835a-3b39-42be-8e7d-2d258d26f3f3', 'pi-sp-003', 'prompt_injection.system_leak', 'soft', '(?i)(repeat|echo)\s+(the\s+)?(text\s+)?(above|before\s+this|starting\s+with)', NULL, NULL, '{detector:prompt-injection,attack:system-leak}');
INSERT INTO public.rule (id, "packId", "ruleId", category, severity, pattern, flags, description, labels) VALUES ('8036d3a8-8081-4776-b93b-f3f450ccbffc', 'e63b835a-3b39-42be-8e7d-2d258d26f3f3', 'pi-dc-001', 'prompt_injection.delimiter', 'hard', '(?i)(---\s*end\s+of\s+(prompt|system)|```\s*end|<\s*/?(system|assistant)\s*>)', NULL, 'Injected delimiter attempting to close the system context.', '{detector:prompt-injection,attack:delimiter-confusion}');
INSERT INTO public.rule (id, "packId", "ruleId", category, severity, pattern, flags, description, labels) VALUES ('abc813ec-3bdf-4483-86af-1eae66c7c749', 'e63b835a-3b39-42be-8e7d-2d258d26f3f3', 'pi-dc-002', 'prompt_injection.delimiter', 'soft', '(?s)```[^\n]*\n[^\n]*(?:ignore|forget|override)[^\n]*\n```', NULL, 'Fenced-code block containing an override phrase.', '{detector:prompt-injection,attack:delimiter-confusion}');
INSERT INTO public.rule (id, "packId", "ruleId", category, severity, pattern, flags, description, labels) VALUES ('0a0d736c-d2f1-4875-9fc2-327596e4a4fd', 'e63b835a-3b39-42be-8e7d-2d258d26f3f3', 'pi-de-001', 'prompt_injection.escalation', 'hard', '(?i)(developer|admin|root|god|debug)\s+mode\s+(on|enabled|active|unlocked)\b\s*[.!,;:]', NULL, NULL, '{detector:prompt-injection,attack:mode-escalation}');
INSERT INTO public.rule (id, "packId", "ruleId", category, severity, pattern, flags, description, labels) VALUES ('3969f1eb-20c9-41dc-979b-715871e125b9', 'e63b835a-3b39-42be-8e7d-2d258d26f3f3', 'pi-de-002', 'prompt_injection.escalation', 'hard', '(?i)(enable|activate|unlock|enter)\s+(developer|admin|root|debug|maintenance)\s+mode', NULL, NULL, '{detector:prompt-injection,attack:mode-escalation}');
INSERT INTO public.rule (id, "packId", "ruleId", category, severity, pattern, flags, description, labels) VALUES ('4334460e-bd60-4a38-9f35-b7975ea44e56', 'e63b835a-3b39-42be-8e7d-2d258d26f3f3', 'pi-en-001', 'prompt_injection.encoded', 'soft', '(?i)(base64|b64|hex|rot13)\s*[:(]?\s*[A-Za-z0-9+/=]{40,}', NULL, 'Long encoded blob — potential payload smuggling.', '{detector:prompt-injection,attack:encoded-payload}');
INSERT INTO public.rule (id, "packId", "ruleId", category, severity, pattern, flags, description, labels) VALUES ('58d94125-f5fa-477c-83d7-9e9934c44e8b', 'e63b835a-3b39-42be-8e7d-2d258d26f3f3', 'pi-hp-001', 'prompt_injection.pretext', 'soft', '(?i)(imagine|pretend|hypothetically|in\s+a\s+world|let(?:''|\s*s))\s+(you|we|there)\s+(are|were|have|had)\s+(no|without)\s+(rules?|restrictions?|limits?|guidelines?)', NULL, NULL, '{detector:prompt-injection,attack:pretext}');
INSERT INTO public.rule (id, "packId", "ruleId", category, severity, pattern, flags, description, labels) VALUES ('ddb5ccec-5844-4974-bb16-ff3e16e219b8', 'e63b835a-3b39-42be-8e7d-2d258d26f3f3', 'pi-hp-002', 'prompt_injection.pretext', 'soft', '(?i)(roleplay|role-play|play\s+the\s+role\s+of)\s+[a-z ]+(that\s+)?(?:never\s+refuses|ignores\s+rules)', NULL, NULL, '{detector:prompt-injection,attack:pretext}');
INSERT INTO public.rule (id, "packId", "ruleId", category, severity, pattern, flags, description, labels) VALUES ('17233807-304d-4861-9b46-763b3603898c', 'e63b835a-3b39-42be-8e7d-2d258d26f3f3', 'pi-mt-001', 'prompt_injection.meta', 'soft', '(?i)do\s+not\s+(refuse|say\s+no|reject|deny)\s+(this|my|any)\s+request', NULL, NULL, '{detector:prompt-injection,attack:meta}');
INSERT INTO public.rule (id, "packId", "ruleId", category, severity, pattern, flags, description, labels) VALUES ('801ca5d2-6c1f-4ae7-8550-1a5a2762997e', 'e63b835a-3b39-42be-8e7d-2d258d26f3f3', 'pi-mt-002', 'prompt_injection.meta', 'soft', '(?i)(you\s+must|you\s+have\s+to|you\s+should)\s+(comply|obey|answer)\s+(everything|anything|all)', NULL, NULL, '{detector:prompt-injection,attack:meta}');
INSERT INTO public.rule (id, "packId", "ruleId", category, severity, pattern, flags, description, labels) VALUES ('39234ca3-84a5-4f60-8767-ecfd688764d8', 'e63b835a-3b39-42be-8e7d-2d258d26f3f3', 'pi-tr-001', 'prompt_injection.system_leak', 'soft', '(?i)translate\s+(your|the)\s+(system|original)\s+(prompt|instructions?)\s+(to|into)', NULL, NULL, '{detector:prompt-injection,attack:system-leak}');
INSERT INTO public.rule (id, "packId", "ruleId", category, severity, pattern, flags, description, labels) VALUES ('e121a089-1864-4733-9f3e-8a58def4dc5d', 'e63b835a-3b39-42be-8e7d-2d258d26f3f3', 'pi-tr-002', 'prompt_injection.system_leak', 'soft', '(?i)(summarize|paraphrase)\s+(your|the)\s+(initial|original|system)\s+(prompt|instructions?)', NULL, NULL, '{detector:prompt-injection,attack:system-leak}');
INSERT INTO public.rule (id, "packId", "ruleId", category, severity, pattern, flags, description, labels) VALUES ('89fcad52-2c63-48f4-b023-0e598cc685dc', 'e63b835a-3b39-42be-8e7d-2d258d26f3f3', 'pi-tm-001', 'prompt_injection.tool_misuse', 'soft', '(?i)(use|invoke|call)\s+(the\s+)?(shell|exec|eval|os\.system)\s+(tool|function)', NULL, NULL, '{detector:prompt-injection,attack:tool-misuse}');
INSERT INTO public.rule (id, "packId", "ruleId", category, severity, pattern, flags, description, labels) VALUES ('bcb5f907-b1dc-4e49-a360-9996d35455d4', 'e63b835a-3b39-42be-8e7d-2d258d26f3f3', 'pi-pr-001', 'prompt_injection.priming', 'warn', '(?i)(save|remember|store)\s+this\s+(as|for)\s+(future|later|the\s+next)\s+(conversation|request|message)', NULL, 'Priming the model for a multi-turn attack.', '{detector:prompt-injection,attack:priming}');
INSERT INTO public.rule (id, "packId", "ruleId", category, severity, pattern, flags, description, labels) VALUES ('8ec092d5-24df-4733-a10f-296b3623ffca', 'e63b835a-3b39-42be-8e7d-2d258d26f3f3', 'pi-ii-001', 'prompt_injection.indirect', 'hard', '(?i)IMPORTANT\s*:?\s*(if\s+)?you\s+are\s+(reading|an\s+ai|an\s+assistant)', NULL, 'Indirect injection often found in scraped web content.', '{detector:prompt-injection,attack:indirect}');
INSERT INTO public.rule (id, "packId", "ruleId", category, severity, pattern, flags, description, labels) VALUES ('de11dc95-edc6-43a3-99b5-c72fbd70c1d0', 'e63b835a-3b39-42be-8e7d-2d258d26f3f3', 'pi-ii-002', 'prompt_injection.indirect', 'hard', '(?i)\[SYSTEM\]\s*(override|new\s+instructions?|update)', NULL, NULL, '{detector:prompt-injection,attack:indirect}');
INSERT INTO public.rule (id, "packId", "ruleId", category, severity, pattern, flags, description, labels) VALUES ('fb327582-675f-4c80-b150-7c71a204051c', 'd4143067-6079-486e-aca2-c61fd0d34335', 'sl-aws-access', 'secret_leak.aws', 'hard', '(?i)\b(AKIA|ASIA)[0-9A-Z]{16}\b', NULL, 'AWS Access Key ID (long-term or session).', '{detector:secret-leak,provider:aws,severity:restricted}');
INSERT INTO public.rule (id, "packId", "ruleId", category, severity, pattern, flags, description, labels) VALUES ('b26e56dd-9733-463f-80a2-ccd0909e4797', 'd4143067-6079-486e-aca2-c61fd0d34335', 'sl-aws-secret', 'secret_leak.aws', 'hard', '(?i)aws(?:_secret_access_key|\s+secret(?:\s+access)?\s+key)\s*[:=]\s*["'']?([A-Za-z0-9/+=]{40})', NULL, 'AWS Secret labeled context.', '{detector:secret-leak,provider:aws,severity:restricted}');
INSERT INTO public.rule (id, "packId", "ruleId", category, severity, pattern, flags, description, labels) VALUES ('3faee73f-276b-4214-8f72-9c3cc91193cd', 'd4143067-6079-486e-aca2-c61fd0d34335', 'sl-gcp-api', 'secret_leak.gcp', 'hard', '\bAIza[0-9A-Za-z_-]{35}\b', NULL, 'Google Cloud API key.', '{detector:secret-leak,provider:gcp,severity:restricted}');
INSERT INTO public.rule (id, "packId", "ruleId", category, severity, pattern, flags, description, labels) VALUES ('9495abd6-0c24-4891-b126-0da302ad4b64', 'd4143067-6079-486e-aca2-c61fd0d34335', 'sl-gcp-svc', 'secret_leak.gcp', 'hard', '"type"\s*:\s*"service_account"', NULL, 'GCP service-account JSON header.', '{detector:secret-leak,provider:gcp,severity:restricted}');
INSERT INTO public.rule (id, "packId", "ruleId", category, severity, pattern, flags, description, labels) VALUES ('28e79db6-fac4-4f3f-84dd-c06181521fea', 'd4143067-6079-486e-aca2-c61fd0d34335', 'sl-azure-storage', 'secret_leak.azure', 'hard', '(?i)DefaultEndpointsProtocol=https?;AccountName=[^;]+;AccountKey=[A-Za-z0-9+/=]{80,100};', NULL, 'Azure storage connection string.', '{detector:secret-leak,provider:azure,severity:restricted}');
INSERT INTO public.rule (id, "packId", "ruleId", category, severity, pattern, flags, description, labels) VALUES ('de168636-0221-4c98-89ae-09f694bb7fa2', 'd4143067-6079-486e-aca2-c61fd0d34335', 'sl-azure-sub', 'secret_leak.azure', 'soft', '(?i)subscription[_\s-]?id\s*[:=]\s*["'']?[0-9a-f]{8}-[0-9a-f]{4}-[0-9a-f]{4}-[0-9a-f]{4}-[0-9a-f]{12}', NULL, NULL, '{detector:secret-leak,provider:azure,severity:confidential}');
INSERT INTO public.rule (id, "packId", "ruleId", category, severity, pattern, flags, description, labels) VALUES ('868843cd-baa6-46ca-b624-b7be3a292f71', 'd4143067-6079-486e-aca2-c61fd0d34335', 'sl-openai', 'secret_leak.openai', 'hard', '\bsk-(?:proj-)?[A-Za-z0-9_-]{40,}', NULL, 'OpenAI API key (classic + project-scoped).', '{detector:secret-leak,provider:openai,severity:restricted}');
INSERT INTO public.rule (id, "packId", "ruleId", category, severity, pattern, flags, description, labels) VALUES ('78e153c6-7402-4a39-ab0c-b06cd11f5af9', 'd4143067-6079-486e-aca2-c61fd0d34335', 'sl-anthropic', 'secret_leak.anthropic', 'hard', '\bsk-ant-[A-Za-z0-9_-]{40,}', NULL, 'Anthropic API key.', '{detector:secret-leak,provider:anthropic,severity:restricted}');
INSERT INTO public.rule (id, "packId", "ruleId", category, severity, pattern, flags, description, labels) VALUES ('92d19f55-0990-4a83-bdb2-1967fa9cc4c4', 'd4143067-6079-486e-aca2-c61fd0d34335', 'sl-gh-classic', 'secret_leak.github', 'hard', '\bgh[pousr]_[A-Za-z0-9]{36,}\b', NULL, 'GitHub classic PAT / OAuth / user / server / refresh token.', '{detector:secret-leak,provider:github,severity:restricted}');
INSERT INTO public.rule (id, "packId", "ruleId", category, severity, pattern, flags, description, labels) VALUES ('62d28f6c-5b87-4cdb-85f2-625eeda0f19c', 'd4143067-6079-486e-aca2-c61fd0d34335', 'sl-gh-fine', 'secret_leak.github', 'hard', '\bgithub_pat_[A-Za-z0-9]{22}_[A-Za-z0-9]{59}\b', NULL, 'GitHub fine-grained PAT.', '{detector:secret-leak,provider:github,severity:restricted}');
INSERT INTO public.rule (id, "packId", "ruleId", category, severity, pattern, flags, description, labels) VALUES ('56f51288-eb41-4c79-82d1-2918fa596266', 'd4143067-6079-486e-aca2-c61fd0d34335', 'sl-stripe', 'secret_leak.stripe', 'hard', '\b(?:sk|rk)_(?:live|test)_[A-Za-z0-9]{20,}\b', NULL, 'Stripe secret key (live/test).', '{detector:secret-leak,provider:stripe,severity:restricted}');
INSERT INTO public.rule (id, "packId", "ruleId", category, severity, pattern, flags, description, labels) VALUES ('3b571f72-c801-441c-aaae-cc1c8dd260db', 'd4143067-6079-486e-aca2-c61fd0d34335', 'sl-slack-bot', 'secret_leak.slack', 'hard', '\bxox[abpr]-[A-Za-z0-9-]{10,}\b', NULL, 'Slack bot / app / user / refresh token.', '{detector:secret-leak,provider:slack,severity:restricted}');
INSERT INTO public.rule (id, "packId", "ruleId", category, severity, pattern, flags, description, labels) VALUES ('455a29e8-8767-478d-a776-af158e596a06', 'd4143067-6079-486e-aca2-c61fd0d34335', 'sl-ssh-private', 'secret_leak.ssh', 'hard', '-----BEGIN (?:RSA |DSA |EC |OPENSSH )?PRIVATE KEY-----', NULL, 'SSH private key header.', '{detector:secret-leak,provider:ssh,severity:restricted}');
INSERT INTO public.rule (id, "packId", "ruleId", category, severity, pattern, flags, description, labels) VALUES ('3094fb63-e82f-43b2-93d1-6ae61e1e80f2', 'd4143067-6079-486e-aca2-c61fd0d34335', 'sl-jwt', 'secret_leak.jwt', 'soft', '\beyJ[A-Za-z0-9_-]{10,}\.eyJ[A-Za-z0-9_-]{10,}\.[A-Za-z0-9_-]{10,}\b', NULL, 'JWT-shaped token.', '{detector:secret-leak,format:jwt,severity:confidential}');
INSERT INTO public.rule (id, "packId", "ruleId", category, severity, pattern, flags, description, labels) VALUES ('77d282b6-7fed-4003-8564-bf77a9f1a320', 'd4143067-6079-486e-aca2-c61fd0d34335', 'sl-heroku', 'secret_leak.heroku', 'soft', '\bhrku-[A-Za-z0-9_-]{30,}\b', NULL, NULL, '{detector:secret-leak,provider:heroku,severity:restricted}');
INSERT INTO public.rule (id, "packId", "ruleId", category, severity, pattern, flags, description, labels) VALUES ('1e09181e-7400-42e3-bffc-9e926f5c6d5a', 'd4143067-6079-486e-aca2-c61fd0d34335', 'sl-generic-bearer', 'secret_leak.generic', 'warn', '(?i)(?:authorization|bearer|api[_-]?key)\s*[:=]\s*["'']?[A-Za-z0-9_-]{30,}', NULL, 'Labeled bearer / API-key context with a 30+ char opaque value.', '{detector:secret-leak,format:bearer,severity:confidential}');
INSERT INTO public.rule (id, "packId", "ruleId", category, severity, pattern, flags, description, labels) VALUES ('d8adfd81-0ca5-4be4-a9d6-54be6d4ee134', 'd4143067-6079-486e-aca2-c61fd0d34335', 'sl-pem-cert', 'secret_leak.pem', 'warn', '-----BEGIN CERTIFICATE-----', NULL, NULL, '{detector:secret-leak,format:pem,severity:internal}');
INSERT INTO public.rule (id, "packId", "ruleId", category, severity, pattern, flags, description, labels) VALUES ('7ba021af-92e2-4a16-9401-c9dc22a43bbf', 'd4143067-6079-486e-aca2-c61fd0d34335', 'sl-env-block', 'secret_leak.env', 'soft', '(?m)^[A-Z_][A-Z0-9_]{3,}\s*=\s*(?:sk-|AKIA|AIza|ghp_|xoxb-)[A-Za-z0-9_-]{10,}', NULL, '.env-style line with a known-prefix secret value.', '{detector:secret-leak,format:dotenv,severity:confidential}');
INSERT INTO public.rule (id, "packId", "ruleId", category, severity, pattern, flags, description, labels) VALUES ('3582e402-84bf-40db-a775-30f5997ec975', 'd4143067-6079-486e-aca2-c61fd0d34335', 'sl-sendgrid', 'secret_leak.sendgrid', 'hard', '\bSG\.[A-Za-z0-9_-]{22}\.[A-Za-z0-9_-]{43}\b', NULL, NULL, '{detector:secret-leak,provider:sendgrid,severity:restricted}');
INSERT INTO public.rule (id, "packId", "ruleId", category, severity, pattern, flags, description, labels) VALUES ('51ccaece-90db-4393-9b9a-2568b72bd50a', 'd4143067-6079-486e-aca2-c61fd0d34335', 'sl-twilio', 'secret_leak.twilio', 'hard', '\bAC[a-f0-9]{32}\b', NULL, 'Twilio Account SID (paired with Auth Token in practice).', '{detector:secret-leak,provider:twilio,severity:restricted}');
INSERT INTO public.rule (id, "packId", "ruleId", category, severity, pattern, flags, description, labels) VALUES ('336a3477-e200-40e2-be01-66c8fd136e77', 'd4143067-6079-486e-aca2-c61fd0d34335', 'sl-mailgun', 'secret_leak.mailgun', 'hard', '\bkey-[a-f0-9]{32}\b', NULL, NULL, '{detector:secret-leak,provider:mailgun,severity:restricted}');
INSERT INTO public.rule (id, "packId", "ruleId", category, severity, pattern, flags, description, labels) VALUES ('9bb534c7-2a0f-428a-a9bb-1dae2436f81b', 'd4143067-6079-486e-aca2-c61fd0d34335', 'sl-square', 'secret_leak.square', 'hard', '\bsq0(?:atp|csp|idp)-[A-Za-z0-9_-]{20,}\b', NULL, NULL, '{detector:secret-leak,provider:square,severity:restricted}');
INSERT INTO public.rule (id, "packId", "ruleId", category, severity, pattern, flags, description, labels) VALUES ('7a1921f2-d37d-4b59-affd-4a147d2a8276', '34f93bac-06fa-4a46-860e-2bb18c5d5c8e', 'tc-sh-001', 'tool_call.shell', 'hard', '(?i)\b(rm\s+-rf\s+/|:\(\)\s*\{\s*:\|:&\s*\};:|\|\s*(sh|bash)\s*$)', NULL, 'rm -rf /, classic fork-bomb, or pipe-to-shell tail.', '{detector:tool-call-safety,risk:destructive,severity:restricted}');
INSERT INTO public.rule (id, "packId", "ruleId", category, severity, pattern, flags, description, labels) VALUES ('f50d68ab-c05d-477c-bd8f-9513d2fbf71c', '34f93bac-06fa-4a46-860e-2bb18c5d5c8e', 'tc-sh-002', 'tool_call.shell', 'hard', '\b(?:curl|wget)\s+[^\s|]+\s*\|\s*(?:sh|bash|sudo\s+bash)', NULL, 'curl|wget piped directly to a shell interpreter.', '{detector:tool-call-safety,risk:rce,severity:restricted}');
INSERT INTO public.rule (id, "packId", "ruleId", category, severity, pattern, flags, description, labels) VALUES ('296d0cbc-2144-4548-9290-2a15fc85e312', '34f93bac-06fa-4a46-860e-2bb18c5d5c8e', 'tc-sh-003', 'tool_call.shell', 'soft', '(?i)(shell|bash|system|execve?|popen)\s*\([^)]*(?:rm|dd|mkfs|shutdown|reboot)', NULL, 'System-call wrappers invoked with destructive verbs.', '{detector:tool-call-safety,risk:destructive,severity:restricted}');
INSERT INTO public.rule (id, "packId", "ruleId", category, severity, pattern, flags, description, labels) VALUES ('0d16e588-fb50-4dd1-af1b-8595db3215d8', '34f93bac-06fa-4a46-860e-2bb18c5d5c8e', 'tc-fs-001', 'tool_call.filesystem', 'hard', '(?i)(?:write|open|create|append)[^\n]{0,40}?(?:/etc/(?:passwd|shadow|sudoers|ssh/|cron\.|hosts)|~/\.ssh/|C:\\Windows\\(?:System32|SysWOW64))', NULL, 'Write attempt against well-known sensitive system paths.', '{detector:tool-call-safety,risk:tampering,severity:restricted}');
INSERT INTO public.rule (id, "packId", "ruleId", category, severity, pattern, flags, description, labels) VALUES ('ece9aa28-4437-4838-8a44-255b0e30fa0b', '34f93bac-06fa-4a46-860e-2bb18c5d5c8e', 'tc-fs-002', 'tool_call.filesystem', 'soft', '(?i)\.\.\/.{0,40}(?:etc|bin|boot|root|home)', NULL, 'Path-traversal segment escaping into a system directory.', '{detector:tool-call-safety,risk:traversal,severity:confidential}');
INSERT INTO public.rule (id, "packId", "ruleId", category, severity, pattern, flags, description, labels) VALUES ('dab15ed2-97e8-4bdd-9e80-6419f9cdb953', '34f93bac-06fa-4a46-860e-2bb18c5d5c8e', 'tc-ssrf-001', 'tool_call.ssrf', 'hard', '(?i)https?://(?:169\.254\.(?:\d{1,3}\.){2}\d{1,3}|localhost|127\.0\.0\.1|metadata\.google\.internal|instance-data\.ec2\.internal)', NULL, 'Cloud-metadata or loopback target in a URL.', '{detector:tool-call-safety,risk:ssrf,severity:restricted}');
INSERT INTO public.rule (id, "packId", "ruleId", category, severity, pattern, flags, description, labels) VALUES ('6685f82b-f326-46b5-bc63-091618a4dc11', '34f93bac-06fa-4a46-860e-2bb18c5d5c8e', 'tc-ssrf-002', 'tool_call.ssrf', 'soft', '(?i)https?://(?:10\.\d{1,3}\.\d{1,3}\.\d{1,3}|192\.168\.\d{1,3}\.\d{1,3}|172\.(?:1[6-9]|2\d|3[01])\.\d{1,3}\.\d{1,3})', NULL, 'RFC1918 (private) IP target in a URL.', '{detector:tool-call-safety,risk:ssrf,severity:confidential}');
INSERT INTO public.rule (id, "packId", "ruleId", category, severity, pattern, flags, description, labels) VALUES ('27ef7732-bb63-4fd4-84f6-8d3729161f67', '34f93bac-06fa-4a46-860e-2bb18c5d5c8e', 'tc-ssrf-003', 'tool_call.ssrf', 'soft', '(?i)\.(?:internal|cluster\.local|svc\.cluster\.local)\b', NULL, 'Kubernetes / internal-service DNS suffix.', '{detector:tool-call-safety,risk:ssrf,severity:confidential}');
INSERT INTO public.rule (id, "packId", "ruleId", category, severity, pattern, flags, description, labels) VALUES ('44f22102-15df-47bc-9cb7-652b6530e992', '34f93bac-06fa-4a46-860e-2bb18c5d5c8e', 'tc-sql-001', 'tool_call.sqli', 'soft', '(?i)''\s*(?:or|union\s+select|--|;\s*drop\s+table|;\s*delete\s+from)', NULL, 'Classic tautology / piggy-back SQLi markers.', '{detector:tool-call-safety,risk:sqli,severity:restricted}');
INSERT INTO public.rule (id, "packId", "ruleId", category, severity, pattern, flags, description, labels) VALUES ('6150c1d9-b86b-4233-91af-52ac8d720954', '34f93bac-06fa-4a46-860e-2bb18c5d5c8e', 'tc-sql-002', 'tool_call.sqli', 'soft', '(?i)\bxp_cmdshell\b|\bsys\.tables\b|\bxp_regread\b', NULL, 'SQL Server escape primitives commonly abused by injections.', '{detector:tool-call-safety,risk:sqli,severity:restricted}');
INSERT INTO public.rule (id, "packId", "ruleId", category, severity, pattern, flags, description, labels) VALUES ('5e86eeb7-71ec-4013-b08c-36178a3528c0', '34f93bac-06fa-4a46-860e-2bb18c5d5c8e', 'tc-ev-001', 'tool_call.code_eval', 'hard', '(?i)\b(?:eval|exec)\s*\(\s*(?:request|req|user|input|arg)', NULL, 'Python-style eval/exec invoked on request / user-controlled input.', '{detector:tool-call-safety,risk:rce,severity:restricted}');
INSERT INTO public.rule (id, "packId", "ruleId", category, severity, pattern, flags, description, labels) VALUES ('adc36534-ad83-4ddb-bbec-1afef3016d64', '34f93bac-06fa-4a46-860e-2bb18c5d5c8e', 'tc-ev-002', 'tool_call.code_eval', 'hard', '(?i)pickle\.loads?\s*\(|yaml\.load\s*\(|Marshal\.load\s*\(', NULL, 'Unsafe deserialization primitives (pickle / unsafe yaml.load / Ruby Marshal).', '{detector:tool-call-safety,risk:deserialization,severity:restricted}');
INSERT INTO public.rule (id, "packId", "ruleId", category, severity, pattern, flags, description, labels) VALUES ('82164f09-e64c-4981-a030-a207220bcd3e', '34f93bac-06fa-4a46-860e-2bb18c5d5c8e', 'tc-db-001', 'tool_call.database', 'hard', '(?i)(?:drop\s+(?:table|database|schema)|truncate\s+table)\s+\w+', NULL, 'Destructive DDL (DROP / TRUNCATE) against a named object.', '{detector:tool-call-safety,risk:destructive,severity:restricted}');
INSERT INTO public.rule (id, "packId", "ruleId", category, severity, pattern, flags, description, labels) VALUES ('490f5db3-33c4-49d6-8e6f-2c1286d473e0', '34f93bac-06fa-4a46-860e-2bb18c5d5c8e', 'tc-k8s-001', 'tool_call.kubernetes', 'soft', '(?i)kubectl\s+delete\s+(?:ns|namespace|deploy(?:ment)?|sts|pv|pvc)\s+\w+', NULL, 'kubectl delete against a high-impact resource type.', '{detector:tool-call-safety,risk:destructive,severity:restricted}');
INSERT INTO public.rule (id, "packId", "ruleId", category, severity, pattern, flags, description, labels) VALUES ('0602075d-d47c-4e67-8a67-3240fcaa806a', '34f93bac-06fa-4a46-860e-2bb18c5d5c8e', 'tc-env-001', 'tool_call.env_exfil', 'soft', '(?i)(?:os\.environ|process\.env|getenv)\s*\[\s*["''](?:AWS_|OPENAI_|ANTHROPIC_|GITHUB_|STRIPE_)', NULL, 'Programmatic read of a credential-prefixed environment variable.', '{detector:tool-call-safety,risk:exfiltration,severity:confidential}');


ALTER TABLE public.rule ENABLE TRIGGER ALL;

--
-- Data for Name: rule_pack_install; Type: TABLE DATA; Schema: public; Owner: -
--

ALTER TABLE public.rule_pack_install DISABLE TRIGGER ALL;

INSERT INTO public.rule_pack_install (id, "packId", "pinVersion", "boundHookId", enabled, "installedAt") VALUES ('8c6ee810-3388-4ed2-85d1-6b5664870fba', 'e63b835a-3b39-42be-8e7d-2d258d26f3f3', 'v1.0.0', 'f13a2ae9-7d91-4ab6-8238-b87e30622240', true, '2026-05-13 18:22:39.076+00');
INSERT INTO public.rule_pack_install (id, "packId", "pinVersion", "boundHookId", enabled, "installedAt") VALUES ('56210b1c-dc18-4820-b95b-4d6405e1c63f', 'd4143067-6079-486e-aca2-c61fd0d34335', 'v1.0.0', 'f13a2ae9-7d91-4ab6-8238-b87e30622240', true, '2026-05-13 18:22:42.07+00');


ALTER TABLE public.rule_pack_install ENABLE TRIGGER ALL;

--
-- Data for Name: rule_override; Type: TABLE DATA; Schema: public; Owner: -
--

ALTER TABLE public.rule_override DISABLE TRIGGER ALL;



ALTER TABLE public.rule_override ENABLE TRIGGER ALL;

--
-- Data for Name: system_metadata; Type: TABLE DATA; Schema: public; Owner: -
--

ALTER TABLE public.system_metadata DISABLE TRIGGER ALL;

INSERT INTO public.system_metadata (key, value, updated_at, updated_by) VALUES ('hub.spill_upload_secret', '{"active": "epoch-1", "secrets": {"epoch-1": "alW+Hk3EeS9ad6eyeXDoCzxL72HjDcacD/i2UxczFOg="}}', '2026-05-08 14:46:38.201+00', 'hub-bootstrap');
INSERT INTO public.system_metadata (key, value, updated_at, updated_by) VALUES ('proxy.killswitch', '{"enabled": false}', '2026-05-10 16:44:41.927+00', 'nexus-user-admin');
INSERT INTO public.system_metadata (key, value, updated_at, updated_by) VALUES ('agent.config.version', '192', '2026-05-15 10:38:31.369+00', 'system');
INSERT INTO public.system_metadata (key, value, updated_at, updated_by) VALUES ('setup.state', '{"steps": {"hooks": true, "policies": true, "providers": true, "credentials": true, "virtualKeys": true}, "completed": true, "completedAt": "2026-04-10T16:44:39.270Z"}', '2026-05-10 16:44:39.271+00', 'seed-script');
INSERT INTO public.system_metadata (key, value, updated_at, updated_by) VALUES ('agent.settings', '{"logLevel": "debug", "quitAllowed": true, "auditBatchSize": 100, "shutdownWarning": {"en": "Closing Nexus Agent will stop AI traffic monitoring on this device. Your IT team will be notified. Are you sure?", "es": "Cerrar Nexus Agent detendrá la supervisión de tráfico de IA en este dispositivo. Se notificará a su equipo de TI. ¿Está seguro?", "zh": "关闭 Nexus Agent 将停止本设备上的 AI 流量监控。您的 IT 团队会收到通知。确定要关闭吗？"}, "autoUpdateChannel": "stable", "autoUpdateEnabled": true, "trafficUploadLevel": "processed", "heartbeatIntervalSec": 60, "auditDrainIntervalSec": 30, "configSyncIntervalSec": 300, "shutdownWarningEnabled": true, "shutdownWarningMessage": "", "forceQUICFallbackBundles": ["com.google.Chrome", "com.google.Chrome.canary", "com.microsoft.edgemac", "com.brave.Browser", "company.thebrowser.Browser", "org.mozilla.firefox", "com.vivaldi.Vivaldi", "com.apple.Safari"]}', '2026-05-15 04:00:28.488+00', 'nexus-user-super-admin');
INSERT INTO public.system_metadata (key, value, updated_at, updated_by) VALUES ('siem.config', '{"type": "splunk", "token": "", "enabled": false, "endpoint": "https://splunk.corp.local:8088/services/collector", "batchSize": 50, "flushIntervalSec": 60, "includeRequestBody": false, "includeResponseBody": false}', '2026-05-10 16:44:40.015+00', 'nexus-user-compliance');
INSERT INTO public.system_metadata (key, value, updated_at, updated_by) VALUES ('audit.payload', '{"storeRequestBody": false, "storeResponseBody": false}', '2026-05-10 16:44:40.496+00', 'nexus-user-admin');
INSERT INTO public.system_metadata (key, value, updated_at, updated_by) VALUES ('payload_capture.config', '{"maxRequestBytes": 10485760, "maxResponseBytes": 10485760, "storeRequestBody": true, "storeResponseBody": true, "maxInlineBodyBytes": 262144}', '2026-05-08 15:35:56.913+00', 'nexus-user-super-admin');
INSERT INTO public.system_metadata (key, value, updated_at, updated_by) VALUES ('observability.config', '{"logLevel": "info", "metricsEnabled": true, "tracingEnabled": false, "tracingEndpoint": "", "prometheusEndpoint": "/metrics"}', '2026-05-10 16:44:40.783+00', 'nexus-user-admin');
INSERT INTO public.system_metadata (key, value, updated_at, updated_by) VALUES ('streaming_compliance.config', '{"chunk_bytes": 8192, "default_mode": "chunked_async", "fail_behavior": "fail_open", "hook_timeout_ms": 2000, "max_buffer_bytes": 67108864, "capture_request_body": true, "capture_response_body": true, "raw_body_spill_enabled": true}', '2026-05-14 14:34:13.548+00', 'nexus-user-super-admin');
INSERT INTO public.system_metadata (key, value, updated_at, updated_by) VALUES ('device.auth.settings', '{"scopes": "openid", "enabled": false, "clientId": "", "authorizeUrl": ""}', '2026-05-10 16:44:41.18+00', 'nexus-user-admin');
INSERT INTO public.system_metadata (key, value, updated_at, updated_by) VALUES ('siem.bridge.checkpoint', '{"lastForwardedAt": "2026-05-10T15:44:39.270Z"}', '2026-05-10 16:44:41.417+00', 'siem-bridge');
INSERT INTO public.system_metadata (key, value, updated_at, updated_by) VALUES ('alerting.config', '{"checks": {"cost_spike": {"enabled": true, "thresholdUsd": 100, "windowMinutes": 60}, "high_error_rate": {"enabled": true, "minSamples": 10, "windowMinutes": 5, "thresholdPercent": 10}, "high_rejection_rate": {"enabled": true, "minSamples": 10, "windowMinutes": 5, "thresholdPercent": 20}}, "enabled": false, "headers": {"Content-Type": "application/json"}, "webhookUrl": "https://hooks.slack.com/services/T00000000/B00000000/XXXXXXXXXXXXXXXXXXXXXXXX", "cooldownSec": 300, "intervalSec": 60}', '2026-05-10 16:44:41.691+00', 'nexus-user-admin');
INSERT INTO public.system_metadata (key, value, updated_at, updated_by) VALUES ('device.auth.mode', '"local-login"', '2026-05-13 07:14:36.807+00', 'nexus-user-super-admin');


ALTER TABLE public.system_metadata ENABLE TRIGGER ALL;

--
-- Data for Name: thing_agent; Type: TABLE DATA; Schema: public; Owner: -
--

ALTER TABLE public.thing_agent DISABLE TRIGGER ALL;

INSERT INTO public.thing_agent (thing_id, cert_serial, cert_expires_at, previous_cert_serial, cert_renewed_at, sysinfo, current_assignment_id, trust_level) VALUES ('agent-1da415335eb22aae', 'AA25279B2716C56E0C2F2F326EC5AE54', '2026-08-13 17:59:58.459+00', NULL, NULL, NULL, '799ef3dd-629a-4a51-8de3-d0945adbcfc4', 3);
INSERT INTO public.thing_agent (thing_id, cert_serial, cert_expires_at, previous_cert_serial, cert_renewed_at, sysinfo, current_assignment_id, trust_level) VALUES ('agent-dev-revoked-01', 'REVOKED000001', '2026-04-10 16:43:50.175+00', NULL, NULL, 'null', NULL, 0);
INSERT INTO public.thing_agent (thing_id, cert_serial, cert_expires_at, previous_cert_serial, cert_renewed_at, sysinfo, current_assignment_id, trust_level) VALUES ('agent-dev-enrolled-01', 'E5F6A1B2C3D4', '2027-05-10 16:43:50.175+00', NULL, NULL, 'null', NULL, 0);
INSERT INTO public.thing_agent (thing_id, cert_serial, cert_expires_at, previous_cert_serial, cert_renewed_at, sysinfo, current_assignment_id, trust_level) VALUES ('agent-ae7ad926d0181931', '2140CE558A87F320AAA5B7961CE2C888', '2026-08-10 03:32:17.739+00', NULL, NULL, NULL, NULL, 0);
INSERT INTO public.thing_agent (thing_id, cert_serial, cert_expires_at, previous_cert_serial, cert_renewed_at, sysinfo, current_assignment_id, trust_level) VALUES ('agent-cc009d193f03a9de', '5123E96F7BF1C03CBCFFF2E298B036E2', '2026-08-10 05:15:50.401+00', NULL, NULL, NULL, NULL, 0);
INSERT INTO public.thing_agent (thing_id, cert_serial, cert_expires_at, previous_cert_serial, cert_renewed_at, sysinfo, current_assignment_id, trust_level) VALUES ('agent-b953d52f900d5a98', 'EA3FA64DFA5076967D0DC82BF31D3E34', '2026-08-10 05:19:48.055+00', NULL, NULL, NULL, NULL, 0);
INSERT INTO public.thing_agent (thing_id, cert_serial, cert_expires_at, previous_cert_serial, cert_renewed_at, sysinfo, current_assignment_id, trust_level) VALUES ('agent-d797b87fa56c3053', '7201FAB90CA4C8FDA46166430A423291', '2026-08-10 05:31:47.224+00', NULL, NULL, NULL, NULL, 0);
INSERT INTO public.thing_agent (thing_id, cert_serial, cert_expires_at, previous_cert_serial, cert_renewed_at, sysinfo, current_assignment_id, trust_level) VALUES ('agent-1e5377e923c56679', 'CBFF0106CB21E333416C4832514389F9', '2026-08-10 06:18:27.678+00', NULL, NULL, NULL, NULL, 0);
INSERT INTO public.thing_agent (thing_id, cert_serial, cert_expires_at, previous_cert_serial, cert_renewed_at, sysinfo, current_assignment_id, trust_level) VALUES ('agent-dev-mac-01', 'A1B2C3D4E5F6', '2027-05-10 16:43:50.175+00', NULL, NULL, 'null', '81b702c2-75c7-47af-8c96-e63d57616615', 0);
INSERT INTO public.thing_agent (thing_id, cert_serial, cert_expires_at, previous_cert_serial, cert_renewed_at, sysinfo, current_assignment_id, trust_level) VALUES ('agent-dev-win-01', 'F6E5D4C3B2A1', '2027-05-10 16:43:50.175+00', NULL, NULL, 'null', '90550e62-8a1d-44f5-bf34-8c804628707d', 0);
INSERT INTO public.thing_agent (thing_id, cert_serial, cert_expires_at, previous_cert_serial, cert_renewed_at, sysinfo, current_assignment_id, trust_level) VALUES ('agent-dev-linux-01', 'C3D4E5F6A1B2', '2027-05-10 16:43:50.175+00', NULL, NULL, '{"os": "Ubuntu 24.04 LTS", "cpu": "AMD EPYC 7763", "ram": "64 GB", "disk": "500 GB NVMe"}', '7c70a62f-ae3b-4543-9ca2-99b26667bf4d', 0);
INSERT INTO public.thing_agent (thing_id, cert_serial, cert_expires_at, previous_cert_serial, cert_renewed_at, sysinfo, current_assignment_id, trust_level) VALUES ('agent-1e2a6705304d82ae', 'F1275F7CE4C03C2F6F22805426ACEE58', '2026-08-11 05:49:59.019+00', NULL, NULL, NULL, NULL, 1);
INSERT INTO public.thing_agent (thing_id, cert_serial, cert_expires_at, previous_cert_serial, cert_renewed_at, sysinfo, current_assignment_id, trust_level) VALUES ('agent-626250bbde478a1d', '464077A77BF358A1528158F729EBE71D', '2026-08-13 08:30:25.76+00', NULL, NULL, NULL, '4e298b37-64fc-457e-b09f-77124e1ac322', 3);
INSERT INTO public.thing_agent (thing_id, cert_serial, cert_expires_at, previous_cert_serial, cert_renewed_at, sysinfo, current_assignment_id, trust_level) VALUES ('agent-8f73f88d0f3d1a77', 'CC840DFF45F4E448F91DB5CB0FB6FE63', '2026-08-13 14:15:36.133+00', NULL, NULL, NULL, 'ef25ecea-c26b-4eeb-9fd9-5e44beace69e', 3);


ALTER TABLE public.thing_agent ENABLE TRIGGER ALL;

--
-- Data for Name: thing_config_override; Type: TABLE DATA; Schema: public; Owner: -
--

ALTER TABLE public.thing_config_override DISABLE TRIGGER ALL;

INSERT INTO public.thing_config_override (thing_id, config_key, state, template_ver_at_set, set_by, set_at, reason, expires_at, emergency_override) VALUES ('gw-nexus-node-1-3050', 'log_level', '{"level": "debug"}', 1, 'nexus-user-super-admin', '2026-05-13 05:02:51.388+00', 'debug', NULL, false);


ALTER TABLE public.thing_config_override ENABLE TRIGGER ALL;

--
-- Data for Name: thing_config_template; Type: TABLE DATA; Schema: public; Owner: -
--

ALTER TABLE public.thing_config_template DISABLE TRIGGER ALL;

INSERT INTO public.thing_config_template (type, config_key, state, version, updated_at, updated_by) VALUES ('ai-gateway', 'log_level', '{"level": "info"}', 1, '2026-05-13 03:37:43.723+00', NULL);
INSERT INTO public.thing_config_template (type, config_key, state, version, updated_at, updated_by) VALUES ('compliance-proxy', 'log_level', '{"level": "info"}', 1, '2026-05-13 03:37:43.723+00', NULL);
INSERT INTO public.thing_config_template (type, config_key, state, version, updated_at, updated_by) VALUES ('control-plane', 'log_level', '{"level": "info"}', 1, '2026-05-13 03:37:43.723+00', NULL);
INSERT INTO public.thing_config_template (type, config_key, state, version, updated_at, updated_by) VALUES ('nexus-hub', 'log_level', '{"level": "info"}', 1, '2026-05-13 03:37:43.723+00', NULL);
INSERT INTO public.thing_config_template (type, config_key, state, version, updated_at, updated_by) VALUES ('ai-gateway', 'credentials', 'null', 2, '2026-05-12 13:19:03.242+00', '');
INSERT INTO public.thing_config_template (type, config_key, state, version, updated_at, updated_by) VALUES ('compliance-proxy', 'onboarding', '{"enabled": false}', 3, '2026-05-11 06:19:27.086+00', '');
INSERT INTO public.thing_config_template (type, config_key, state, version, updated_at, updated_by) VALUES ('compliance-proxy', 'interception_domains', 'null', 177, '2026-05-12 03:28:33.858+00', '');
INSERT INTO public.thing_config_template (type, config_key, state, version, updated_at, updated_by) VALUES ('ai-gateway', 'routing_rules', 'null', 17, '2026-05-14 17:12:19.659+00', '');
INSERT INTO public.thing_config_template (type, config_key, state, version, updated_at, updated_by) VALUES ('ai-gateway', 'virtual_keys', '{"op": "invalidate", "ids": ["a807c8f4f73c27a33c85a858bc49a1d05854075170940fb5a4c82294613425d5"]}', 12, '2026-05-15 17:40:20.56+00', 'nexus-user-super-admin');
INSERT INTO public.thing_config_template (type, config_key, state, version, updated_at, updated_by) VALUES ('compliance-proxy', 'killswitch', '{"engaged": false}', 7, '2026-05-11 11:14:48.003+00', 'nexus-user-super-admin');
INSERT INTO public.thing_config_template (type, config_key, state, version, updated_at, updated_by) VALUES ('compliance-proxy', 'observability', 'null', 1, '2026-05-10 16:45:25.348+00', 'seed-script');
INSERT INTO public.thing_config_template (type, config_key, state, version, updated_at, updated_by) VALUES ('compliance-proxy', 'payload_capture', 'null', 1, '2026-05-10 16:45:26.751+00', 'seed-script');
INSERT INTO public.thing_config_template (type, config_key, state, version, updated_at, updated_by) VALUES ('ai-gateway', 'providers', '{}', 1, '2026-05-13 03:37:15.384+00', NULL);
INSERT INTO public.thing_config_template (type, config_key, state, version, updated_at, updated_by) VALUES ('ai-gateway', 'observability', 'null', 1, '2026-05-10 16:45:26.988+00', 'seed-script');
INSERT INTO public.thing_config_template (type, config_key, state, version, updated_at, updated_by) VALUES ('ai-gateway', 'models', '{}', 1, '2026-05-13 03:37:15.384+00', NULL);
INSERT INTO public.thing_config_template (type, config_key, state, version, updated_at, updated_by) VALUES ('ai-gateway', 'quota_policies', '{}', 1, '2026-05-13 03:37:15.384+00', NULL);
INSERT INTO public.thing_config_template (type, config_key, state, version, updated_at, updated_by) VALUES ('ai-gateway', 'quota_overrides', '{}', 1, '2026-05-13 03:37:15.384+00', NULL);
INSERT INTO public.thing_config_template (type, config_key, state, version, updated_at, updated_by) VALUES ('ai-gateway', 'organizations', '{}', 1, '2026-05-13 03:37:15.384+00', NULL);
INSERT INTO public.thing_config_template (type, config_key, state, version, updated_at, updated_by) VALUES ('ai-gateway', 'payload_capture', 'null', 1, '2026-05-13 03:37:15.384+00', NULL);
INSERT INTO public.thing_config_template (type, config_key, state, version, updated_at, updated_by) VALUES ('ai-gateway', 'ai_guard', '{}', 1, '2026-05-13 03:37:15.384+00', NULL);
INSERT INTO public.thing_config_template (type, config_key, state, version, updated_at, updated_by) VALUES ('ai-gateway', 'hooks', 'null', 9, '2026-05-15 10:38:31.357+00', '');
INSERT INTO public.thing_config_template (type, config_key, state, version, updated_at, updated_by) VALUES ('compliance-proxy', 'hooks', 'null', 10, '2026-05-15 10:38:31.361+00', '');
INSERT INTO public.thing_config_template (type, config_key, state, version, updated_at, updated_by) VALUES ('ai-gateway', 'credential_reliability', '{}', 1, '2026-05-13 03:37:15.384+00', NULL);
INSERT INTO public.thing_config_template (type, config_key, state, version, updated_at, updated_by) VALUES ('agent', 'killswitch', '{"engaged": false}', 1, '2026-05-13 03:37:15.384+00', NULL);
INSERT INTO public.thing_config_template (type, config_key, state, version, updated_at, updated_by) VALUES ('agent', 'exemptions', 'null', 1, '2026-05-13 03:37:15.384+00', NULL);
INSERT INTO public.thing_config_template (type, config_key, state, version, updated_at, updated_by) VALUES ('agent', 'interception_domains', '{}', 1, '2026-05-13 03:37:15.384+00', NULL);
INSERT INTO public.thing_config_template (type, config_key, state, version, updated_at, updated_by) VALUES ('agent', 'payload_capture', '{"enabled": false}', 1, '2026-05-13 03:37:15.384+00', NULL);
INSERT INTO public.thing_config_template (type, config_key, state, version, updated_at, updated_by) VALUES ('control-plane', 'observability', 'null', 1, '2026-05-13 03:37:15.384+00', NULL);
INSERT INTO public.thing_config_template (type, config_key, state, version, updated_at, updated_by) VALUES ('nexus-hub', 'observability', 'null', 1, '2026-05-13 03:37:15.384+00', NULL);
INSERT INTO public.thing_config_template (type, config_key, state, version, updated_at, updated_by) VALUES ('agent', 'hooks', 'null', 9, '2026-05-15 10:38:31.364+00', '');
INSERT INTO public.thing_config_template (type, config_key, state, version, updated_at, updated_by) VALUES ('compliance-proxy', 'exemptions', 'null', 4062, '2026-05-16 10:10:58.255+00', '00000000-0000-0000-0000-000000000001');
INSERT INTO public.thing_config_template (type, config_key, state, version, updated_at, updated_by) VALUES ('ai-gateway', 'gateway_passthrough', '{"global": {"reason": "reconcile verify run — should be auto-flipped within 60s", "enabled": false, "bypassCache": true, "bypassHooks": true, "bypassNormalize": true}, "adapters": {}, "providers": {}}', 7, '2026-05-13 16:14:25.936+00', '');
INSERT INTO public.thing_config_template (type, config_key, state, version, updated_at, updated_by) VALUES ('agent', 'diag_mode', 'null', 2, '2026-05-13 16:39:29.089+00', '');
INSERT INTO public.thing_config_template (type, config_key, state, version, updated_at, updated_by) VALUES ('compliance-proxy', 'streaming_compliance', 'null', 1, '2026-05-14 14:34:13.55+00', '');
INSERT INTO public.thing_config_template (type, config_key, state, version, updated_at, updated_by) VALUES ('agent', 'streaming_compliance', 'null', 1, '2026-05-14 14:34:13.556+00', '');
INSERT INTO public.thing_config_template (type, config_key, state, version, updated_at, updated_by) VALUES ('agent', 'agent_settings', '{"quitAllowed": true, "shutdownWarning": {"en": "Closing Nexus Agent will stop AI traffic monitoring on this device. Your IT team will be notified. Are you sure?", "es": "Cerrar Nexus Agent detendrá la supervisión de tráfico de IA en este dispositivo. Se notificará a su equipo de TI. ¿Está seguro?", "zh": "关闭 Nexus Agent 将停止本设备上的 AI 流量监控。您的 IT 团队会收到通知。确定要关闭吗？"}, "autoUpdateChannel": "stable", "autoUpdateEnabled": true, "trafficUploadLevel": "processed", "shutdownWarningEnabled": true, "shutdownWarningMessage": "", "forceQUICFallbackBundles": ["com.google.Chrome", "com.google.Chrome.canary", "com.microsoft.edgemac", "com.brave.Browser", "company.thebrowser.Browser", "org.mozilla.firefox", "com.vivaldi.Vivaldi", "com.apple.Safari"]}', 6, '2026-05-15 04:03:01.992+00', 'configreconcile');
INSERT INTO public.thing_config_template (type, config_key, state, version, updated_at, updated_by) VALUES ('ai-gateway', 'cache', '{"global": {"normaliser_enabled": true, "cache_master_kill_switch": false}, "adapters": {"glm": {"rules": {"glm-field-order-normalize": {"enabled": true}}}, "gemini": {"ttl_seconds": 3600, "cache_enabled": true, "min_system_chars": 4096, "circuit_breaker_open_secs": 300, "circuit_breaker_threshold": 5}, "openai": {"rules": {"openai-field-order-normalize": {"enabled": true}}}, "vertex": {"ttl_seconds": 3600, "cache_enabled": false, "min_system_chars": 4096, "circuit_breaker_open_secs": 300, "circuit_breaker_threshold": 5}, "bedrock": {"rules": {"bedrock-claude-cch-strip": {"enabled": false}}, "marker_inject_enabled": true, "marker_boundary3_enabled": true}, "deepseek": {"rules": {"deepseek-field-order-normalize": {"enabled": true}}}, "moonshot": {"rules": {"moonshot-field-order-normalize": {"enabled": true}}}, "anthropic": {"rules": {"claude-code-cch-strip": {"enabled": false}}, "marker_inject_enabled": true, "marker_boundary3_enabled": true}, "azure-openai": {"rules": {"azure-openai-field-order-normalize": {"enabled": true}}}}, "providers": {"dee77e2b-fbe8-4281-9d87-cd8886f90450": {}}}', 19, '2026-05-13 15:04:10.177+00', 'nexus-user-super-admin');


ALTER TABLE public.thing_config_template ENABLE TRIGGER ALL;

--
-- Data for Name: thing_diag_mode_window; Type: TABLE DATA; Schema: public; Owner: -
--

ALTER TABLE public.thing_diag_mode_window DISABLE TRIGGER ALL;



ALTER TABLE public.thing_diag_mode_window ENABLE TRIGGER ALL;

--
-- Data for Name: thing_service; Type: TABLE DATA; Schema: public; Owner: -
--

ALTER TABLE public.thing_service DISABLE TRIGGER ALL;

INSERT INTO public.thing_service (thing_id, role, metrics_url, management_url) VALUES ('thing-cp-01', 'api', 'http://control-plane:3001/metrics', NULL);
INSERT INTO public.thing_service (thing_id, role, metrics_url, management_url) VALUES ('thing-gw-01', 'api', 'http://ai-gateway:3050/metrics', NULL);
INSERT INTO public.thing_service (thing_id, role, metrics_url, management_url) VALUES ('thing-proxy-01', 'api', 'http://compliance-proxy:3040/metrics', NULL);
INSERT INTO public.thing_service (thing_id, role, metrics_url, management_url) VALUES ('gw-nexus-node-1-3050', 'default', 'http://127.0.0.1:3050/metrics', NULL);
INSERT INTO public.thing_service (thing_id, role, metrics_url, management_url) VALUES ('proxy-nexus-node-1', 'default', 'http://127.0.0.1:9092/metrics', 'http://127.0.0.1:9092');
INSERT INTO public.thing_service (thing_id, role, metrics_url, management_url) VALUES ('cp-nexus-node-1-3001', 'api', 'http://127.0.0.1:3001/metrics', NULL);


ALTER TABLE public.thing_service ENABLE TRIGGER ALL;

--
-- Name: AdminAuditLog_sequenceNumber_seq; Type: SEQUENCE SET; Schema: public; Owner: -
--

SELECT pg_catalog.setval('public."AdminAuditLog_sequenceNumber_seq"', 912, true);


--
-- Name: RevokedToken_id_seq; Type: SEQUENCE SET; Schema: public; Owner: -
--

SELECT pg_catalog.setval('public."RevokedToken_id_seq"', 3, true);
-- PostgreSQL database dump complete
--


